[2026-07-15 20:42:57] This is codeql database index-files --include-extension=.xml --include-extension=.wsdd --also-match-lgtm-index-filters --size-limit 10m --language xml -- C:\Users\chris\eclipse-workspace\smart-thermostat-matter\db
[2026-07-15 20:42:57] Log file was started late.
[2026-07-15 20:42:57] Using index-files script C:\Program Files\codeql\xml\tools\index-files.cmd.
[2026-07-15 20:42:57] [PROGRESS] database index-files> Scanning for files in C:\Users\chris\eclipse-workspace\smart-thermostat-matter...
[2026-07-15 20:42:57] Calling plumbing command: codeql resolve files --include-extension=.xml --include-extension=.wsdd --also-match-lgtm-index-filters --size-limit=10m C:\Users\chris\eclipse-workspace\smart-thermostat-matter --format=json
[2026-07-15 20:42:57] [PROGRESS] resolve files> Scanning C:\Users\chris\eclipse-workspace\smart-thermostat-matter...
[2026-07-15 20:42:57] [PROGRESS] resolve files> Scanning C:\Users\chris\eclipse-workspace\smart-thermostat-matter\.git...
[2026-07-15 20:42:57] [PROGRESS] resolve files> Scanning C:\Users\chris\eclipse-workspace\smart-thermostat-matter\.git\hooks...
[2026-07-15 20:42:57] [PROGRESS] resolve files> Scanning C:\Users\chris\eclipse-workspace\smart-thermostat-matter\.git\info...
[2026-07-15 20:42:57] [PROGRESS] resolve files> Scanning C:\Users\chris\eclipse-workspace\smart-thermostat-matter\.git\logs...
[2026-07-15 20:42:57] [PROGRESS] resolve files> Scanning C:\Users\chris\eclipse-workspace\smart-thermostat-matter\.git\logs\refs...
[2026-07-15 20:42:57] [PROGRESS] resolve files> Scanning C:\Users\chris\eclipse-workspace\smart-thermostat-matter\.git\logs\refs\heads...
[2026-07-15 20:42:57] [PROGRESS] resolve files> Scanning C:\Users\chris\eclipse-workspace\smart-thermostat-matter\.git\logs\refs\remotes...
[2026-07-15 20:42:57] [PROGRESS] resolve files> Scanning C:\Users\chris\eclipse-workspace\smart-thermostat-matter\.git\logs\refs\remotes\origin...
[2026-07-15 20:42:57] [PROGRESS] resolve files> Scanning C:\Users\chris\eclipse-workspace\smart-thermostat-matter\.git\objects...
[2026-07-15 20:42:57] [PROGRESS] resolve files> Scanning C:\Users\chris\eclipse-workspace\smart-thermostat-matter\.git\objects\info...
[2026-07-15 20:42:57] [PROGRESS] resolve files> Scanning C:\Users\chris\eclipse-workspace\smart-thermostat-matter\.git\objects\pack...
[2026-07-15 20:42:57] [PROGRESS] resolve files> Scanning C:\Users\chris\eclipse-workspace\smart-thermostat-matter\.git\refs...
[2026-07-15 20:42:57] [PROGRESS] resolve files> Scanning C:\Users\chris\eclipse-workspace\smart-thermostat-matter\.git\refs\heads...
[2026-07-15 20:42:57] [PROGRESS] resolve files> Scanning C:\Users\chris\eclipse-workspace\smart-thermostat-matter\.git\refs\remotes...
[2026-07-15 20:42:57] [PROGRESS] resolve files> Scanning C:\Users\chris\eclipse-workspace\smart-thermostat-matter\.git\refs\remotes\origin...
[2026-07-15 20:42:57] [PROGRESS] resolve files> Scanning C:\Users\chris\eclipse-workspace\smart-thermostat-matter\.git\refs\tags...
[2026-07-15 20:42:57] [PROGRESS] resolve files> Scanning C:\Users\chris\eclipse-workspace\smart-thermostat-matter\codeql-custom-queries-java...
[2026-07-15 20:42:57] [PROGRESS] resolve files> Scanning C:\Users\chris\eclipse-workspace\smart-thermostat-matter\db...
[2026-07-15 20:42:57] [PROGRESS] resolve files> Scanning C:\Users\chris\eclipse-workspace\smart-thermostat-matter\db\diagnostic...
[2026-07-15 20:42:57] [PROGRESS] resolve files> Scanning C:\Users\chris\eclipse-workspace\smart-thermostat-matter\db\diagnostic\extractors...
[2026-07-15 20:42:57] [PROGRESS] resolve files> Scanning C:\Users\chris\eclipse-workspace\smart-thermostat-matter\db\diagnostic\extractors\java...
[2026-07-15 20:42:57] [PROGRESS] resolve files> Scanning C:\Users\chris\eclipse-workspace\smart-thermostat-matter\db\diagnostic\tracer...
[2026-07-15 20:42:57] [PROGRESS] resolve files> Scanning C:\Users\chris\eclipse-workspace\smart-thermostat-matter\db\log...
[2026-07-15 20:42:57] [PROGRESS] resolve files> Scanning C:\Users\chris\eclipse-workspace\smart-thermostat-matter\db\log\ext...
[2026-07-15 20:42:57] [PROGRESS] resolve files> Scanning C:\Users\chris\eclipse-workspace\smart-thermostat-matter\db\src...
[2026-07-15 20:42:57] [PROGRESS] resolve files> Scanning C:\Users\chris\eclipse-workspace\smart-thermostat-matter\db\src\C_...
[2026-07-15 20:42:57] [PROGRESS] resolve files> Scanning C:\Users\chris\eclipse-workspace\smart-thermostat-matter\db\src\C_\Users...
[2026-07-15 20:42:57] [PROGRESS] resolve files> Scanning C:\Users\chris\eclipse-workspace\smart-thermostat-matter\db\src\C_\Users\chris...
[2026-07-15 20:42:57] [PROGRESS] resolve files> Scanning C:\Users\chris\eclipse-workspace\smart-thermostat-matter\db\src\C_\Users\chris\eclipse-workspace...
[2026-07-15 20:42:57] [PROGRESS] resolve files> Scanning C:\Users\chris\eclipse-workspace\smart-thermostat-matter\db\src\C_\Users\chris\eclipse-workspace\smart-thermostat-matter...
[2026-07-15 20:42:57] [PROGRESS] resolve files> Scanning C:\Users\chris\eclipse-workspace\smart-thermostat-matter\db\src\C_\Users\chris\eclipse-workspace\smart-thermostat-matter\src...
[2026-07-15 20:42:57] [PROGRESS] resolve files> Scanning C:\Users\chris\eclipse-workspace\smart-thermostat-matter\db\src\C_\Users\chris\eclipse-workspace\smart-thermostat-matter\src\main...
[2026-07-15 20:42:57] [PROGRESS] resolve files> Scanning C:\Users\chris\eclipse-workspace\smart-thermostat-matter\db\src\C_\Users\chris\eclipse-workspace\smart-thermostat-matter\src\main\java...
[2026-07-15 20:42:57] [PROGRESS] resolve files> Scanning C:\Users\chris\eclipse-workspace\smart-thermostat-matter\db\src\C_\Users\chris\eclipse-workspace\smart-thermostat-matter\src\main\java\com...
[2026-07-15 20:42:57] [PROGRESS] resolve files> Scanning C:\Users\chris\eclipse-workspace\smart-thermostat-matter\db\src\C_\Users\chris\eclipse-workspace\smart-thermostat-matter\src\main\java\com\example...
[2026-07-15 20:42:57] [PROGRESS] resolve files> Scanning C:\Users\chris\eclipse-workspace\smart-thermostat-matter\db\src\C_\Users\chris\eclipse-workspace\smart-thermostat-matter\src\main\java\com\example\thermostat...
[2026-07-15 20:42:57] [PROGRESS] resolve files> Scanning C:\Users\chris\eclipse-workspace\smart-thermostat-matter\db\src\C_\Users\chris\eclipse-workspace\smart-thermostat-matter\src\main\java\com\example\thermostat\config...
[2026-07-15 20:42:57] [PROGRESS] resolve files> Scanning C:\Users\chris\eclipse-workspace\smart-thermostat-matter\db\src\C_\Users\chris\eclipse-workspace\smart-thermostat-matter\src\main\java\com\example\thermostat\firmware...
[2026-07-15 20:42:57] [PROGRESS] resolve files> Scanning C:\Users\chris\eclipse-workspace\smart-thermostat-matter\db\src\C_\Users\chris\eclipse-workspace\smart-thermostat-matter\src\main\java\com\example\thermostat\matter...
[2026-07-15 20:42:57] [PROGRESS] resolve files> Scanning C:\Users\chris\eclipse-workspace\smart-thermostat-matter\db\src\C_\Users\chris\eclipse-workspace\smart-thermostat-matter\src\main\java\com\example\thermostat\persistence...
[2026-07-15 20:42:57] [PROGRESS] resolve files> Scanning C:\Users\chris\eclipse-workspace\smart-thermostat-matter\db\src\C_\Users\chris\eclipse-workspace\smart-thermostat-matter\src\main\java\com\example\thermostat\remote...
[2026-07-15 20:42:57] [PROGRESS] resolve files> Scanning C:\Users\chris\eclipse-workspace\smart-thermostat-matter\db\src\C_\Users\chris\eclipse-workspace\smart-thermostat-matter\src\main\java\com\example\thermostat\thread...
[2026-07-15 20:42:57] [PROGRESS] resolve files> Scanning C:\Users\chris\eclipse-workspace\smart-thermostat-matter\db\src\C_\Users\chris\eclipse-workspace\smart-thermostat-matter\src\main\java\com\example\thermostat\util...
[2026-07-15 20:42:57] [PROGRESS] resolve files> Scanning C:\Users\chris\eclipse-workspace\smart-thermostat-matter\db\trap...
[2026-07-15 20:42:57] [PROGRESS] resolve files> Scanning C:\Users\chris\eclipse-workspace\smart-thermostat-matter\db\trap\java...
[2026-07-15 20:42:57] [PROGRESS] resolve files> Scanning C:\Users\chris\eclipse-workspace\smart-thermostat-matter\db\trap\java\classes...
[2026-07-15 20:42:57] [PROGRESS] resolve files> Scanning C:\Users\chris\eclipse-workspace\smart-thermostat-matter\db\trap\java\classes\com...
[2026-07-15 20:42:57] [PROGRESS] resolve files> Scanning C:\Users\chris\eclipse-workspace\smart-thermostat-matter\db\trap\java\classes\com\example...
[2026-07-15 20:42:57] [PROGRESS] resolve files> Scanning C:\Users\chris\eclipse-workspace\smart-thermostat-matter\db\trap\java\classes\com\example\thermostat...
[2026-07-15 20:42:57] [PROGRESS] resolve files> Scanning C:\Users\chris\eclipse-workspace\smart-thermostat-matter\db\trap\java\classes\com\example\thermostat\config...
[2026-07-15 20:42:57] [PROGRESS] resolve files> Scanning C:\Users\chris\eclipse-workspace\smart-thermostat-matter\db\trap\java\classes\com\example\thermostat\config\ConfigLoader.members...
[2026-07-15 20:42:57] [PROGRESS] resolve files> Scanning C:\Users\chris\eclipse-workspace\smart-thermostat-matter\db\trap\java\classes\com\example\thermostat\firmware...
[2026-07-15 20:42:57] [PROGRESS] resolve files> Scanning C:\Users\chris\eclipse-workspace\smart-thermostat-matter\db\trap\java\classes\com\example\thermostat\firmware\FirmwareUpdateService.members...
[2026-07-15 20:42:57] [PROGRESS] resolve files> Scanning C:\Users\chris\eclipse-workspace\smart-thermostat-matter\db\trap\java\classes\com\example\thermostat\matter...
[2026-07-15 20:42:57] [PROGRESS] resolve files> Scanning C:\Users\chris\eclipse-workspace\smart-thermostat-matter\db\trap\java\classes\com\example\thermostat\matter\CommissioningCredentialVerifier.members...
[2026-07-15 20:42:57] [PROGRESS] resolve files> Scanning C:\Users\chris\eclipse-workspace\smart-thermostat-matter\db\trap\java\classes\com\example\thermostat\matter\Credentials.members...
[2026-07-15 20:42:57] [PROGRESS] resolve files> Scanning C:\Users\chris\eclipse-workspace\smart-thermostat-matter\db\trap\java\classes\com\example\thermostat\matter\MatterCommissioning$MatterCommissionResult.members...
[2026-07-15 20:42:57] [PROGRESS] resolve files> Scanning C:\Users\chris\eclipse-workspace\smart-thermostat-matter\db\trap\java\classes\com\example\thermostat\matter\MatterCommissioning.members...
[2026-07-15 20:42:57] [PROGRESS] resolve files> Scanning C:\Users\chris\eclipse-workspace\smart-thermostat-matter\db\trap\java\classes\com\example\thermostat\matter\ProvisionedSecretStore.members...
[2026-07-15 20:42:57] [PROGRESS] resolve files> Scanning C:\Users\chris\eclipse-workspace\smart-thermostat-matter\db\trap\java\classes\com\example\thermostat\persistence...
[2026-07-15 20:42:57] [PROGRESS] resolve files> Scanning C:\Users\chris\eclipse-workspace\smart-thermostat-matter\db\trap\java\classes\com\example\thermostat\persistence\DatabaseConfig.members...
[2026-07-15 20:42:57] [PROGRESS] resolve files> Scanning C:\Users\chris\eclipse-workspace\smart-thermostat-matter\db\trap\java\classes\com\example\thermostat\persistence\TemperatureHistoryRepository.members...
[2026-07-15 20:42:57] [PROGRESS] resolve files> Scanning C:\Users\chris\eclipse-workspace\smart-thermostat-matter\db\trap\java\classes\com\example\thermostat\remote...
[2026-07-15 20:42:57] [PROGRESS] resolve files> Scanning C:\Users\chris\eclipse-workspace\smart-thermostat-matter\db\trap\java\classes\com\example\thermostat\remote\CommandExecutor.members...
[2026-07-15 20:42:57] [PROGRESS] resolve files> Scanning C:\Users\chris\eclipse-workspace\smart-thermostat-matter\db\trap\java\classes\com\example\thermostat\remote\RemoteAccessService.members...
[2026-07-15 20:42:57] [PROGRESS] resolve files> Scanning C:\Users\chris\eclipse-workspace\smart-thermostat-matter\db\trap\java\classes\com\example\thermostat\ThermostatDevice.members...
[2026-07-15 20:42:57] [PROGRESS] resolve files> Scanning C:\Users\chris\eclipse-workspace\smart-thermostat-matter\db\trap\java\classes\com\example\thermostat\ThermostatMain.members...
[2026-07-15 20:42:57] [PROGRESS] resolve files> Scanning C:\Users\chris\eclipse-workspace\smart-thermostat-matter\db\trap\java\classes\com\example\thermostat\thread...
[2026-07-15 20:42:57] [PROGRESS] resolve files> Scanning C:\Users\chris\eclipse-workspace\smart-thermostat-matter\db\trap\java\classes\com\example\thermostat\thread\ThreadNetworkManager.members...
[2026-07-15 20:42:57] [PROGRESS] resolve files> Scanning C:\Users\chris\eclipse-workspace\smart-thermostat-matter\db\trap\java\classes\com\example\thermostat\util...
[2026-07-15 20:42:57] [PROGRESS] resolve files> Scanning C:\Users\chris\eclipse-workspace\smart-thermostat-matter\db\trap\java\classes\com\example\thermostat\util\CryptoUtil.members...
[2026-07-15 20:42:57] [PROGRESS] resolve files> Scanning C:\Users\chris\eclipse-workspace\smart-thermostat-matter\db\trap\java\classes\java...
[2026-07-15 20:42:57] [PROGRESS] resolve files> Scanning C:\Users\chris\eclipse-workspace\smart-thermostat-matter\db\trap\java\classes\java\io...
[2026-07-15 20:42:57] [PROGRESS] resolve files> Scanning C:\Users\chris\eclipse-workspace\smart-thermostat-matter\db\trap\java\classes\java\io\BufferedReader.members...
[2026-07-15 20:42:57] [PROGRESS] resolve files> Scanning C:\Users\chris\eclipse-workspace\smart-thermostat-matter\db\trap\java\classes\java\io\BufferedWriter.members...
[2026-07-15 20:42:57] [PROGRESS] resolve files> Scanning C:\Users\chris\eclipse-workspace\smart-thermostat-matter\db\trap\java\classes\java\io\ByteArrayOutputStream.members...
[2026-07-15 20:42:57] [PROGRESS] resolve files> Scanning C:\Users\chris\eclipse-workspace\smart-thermostat-matter\db\trap\java\classes\java\io\Closeable.members...
[2026-07-15 20:42:57] [PROGRESS] resolve files> Scanning C:\Users\chris\eclipse-workspace\smart-thermostat-matter\db\trap\java\classes\java\io\Console.members...
[2026-07-15 20:42:57] [PROGRESS] resolve files> Scanning C:\Users\chris\eclipse-workspace\smart-thermostat-matter\db\trap\java\classes\java\io\DataInput.members...
[2026-07-15 20:42:57] [PROGRESS] resolve files> Scanning C:\Users\chris\eclipse-workspace\smart-thermostat-matter\db\trap\java\classes\java\io\DataOutput.members...
[2026-07-15 20:42:57] [PROGRESS] resolve files> Scanning C:\Users\chris\eclipse-workspace\smart-thermostat-matter\db\trap\java\classes\java\io\File.members...
[2026-07-15 20:42:57] [PROGRESS] resolve files> Scanning C:\Users\chris\eclipse-workspace\smart-thermostat-matter\db\trap\java\classes\java\io\FileDescriptor.members...
[2026-07-15 20:42:57] [PROGRESS] resolve files> Scanning C:\Users\chris\eclipse-workspace\smart-thermostat-matter\db\trap\java\classes\java\io\FileFilter.members...
[2026-07-15 20:42:57] [PROGRESS] resolve files> Scanning C:\Users\chris\eclipse-workspace\smart-thermostat-matter\db\trap\java\classes\java\io\FilenameFilter.members...
[2026-07-15 20:42:57] [PROGRESS] resolve files> Scanning C:\Users\chris\eclipse-workspace\smart-thermostat-matter\db\trap\java\classes\java\io\FileNotFoundException.members...
[2026-07-15 20:42:57] [PROGRESS] resolve files> Scanning C:\Users\chris\eclipse-workspace\smart-thermostat-matter\db\trap\java\classes\java\io\FileOutputStream.members...
[2026-07-15 20:42:57] [PROGRESS] resolve files> Scanning C:\Users\chris\eclipse-workspace\smart-thermostat-matter\db\trap\java\classes\java\io\FilterOutputStream.members...
[2026-07-15 20:42:57] [PROGRESS] resolve files> Scanning C:\Users\chris\eclipse-workspace\smart-thermostat-matter\db\trap\java\classes\java\io\Flushable.members...
[2026-07-15 20:42:57] [PROGRESS] resolve files> Scanning C:\Users\chris\eclipse-workspace\smart-thermostat-matter\db\trap\java\classes\java\io\InputStream.members...
[2026-07-15 20:42:57] [PROGRESS] resolve files> Scanning C:\Users\chris\eclipse-workspace\smart-thermostat-matter\db\trap\java\classes\java\io\InvalidClassException.members...
[2026-07-15 20:42:57] [PROGRESS] resolve files> Scanning C:\Users\chris\eclipse-workspace\smart-thermostat-matter\db\trap\java\classes\java\io\InvalidObjectException.members...
[2026-07-15 20:42:57] [PROGRESS] resolve files> Scanning C:\Users\chris\eclipse-workspace\smart-thermostat-matter\db\trap\java\classes\java\io\IOException.members...
[2026-07-15 20:42:57] [PROGRESS] resolve files> Scanning C:\Users\chris\eclipse-workspace\smart-thermostat-matter\db\trap\java\classes\java\io\NotActiveException.members...
[2026-07-15 20:42:57] [PROGRESS] resolve files> Scanning C:\Users\chris\eclipse-workspace\smart-thermostat-matter\db\trap\java\classes\java\io\ObjectInput.members...
[2026-07-15 20:42:57] [PROGRESS] resolve files> Scanning C:\Users\chris\eclipse-workspace\smart-thermostat-matter\db\trap\java\classes\java\io\ObjectInputFilter$FilterInfo.members...
[2026-07-15 20:42:57] [PROGRESS] resolve files> Scanning C:\Users\chris\eclipse-workspace\smart-thermostat-matter\db\trap\java\classes\java\io\ObjectInputFilter$Status.members...
[2026-07-15 20:42:57] [PROGRESS] resolve files> Scanning C:\Users\chris\eclipse-workspace\smart-thermostat-matter\db\trap\java\classes\java\io\ObjectInputFilter.members...
[2026-07-15 20:42:57] [PROGRESS] resolve files> Scanning C:\Users\chris\eclipse-workspace\smart-thermostat-matter\db\trap\java\classes\java\io\ObjectInputStream$GetField.members...
[2026-07-15 20:42:57] [PROGRESS] resolve files> Scanning C:\Users\chris\eclipse-workspace\smart-thermostat-matter\db\trap\java\classes\java\io\ObjectInputStream.members...
[2026-07-15 20:42:57] [PROGRESS] resolve files> Scanning C:\Users\chris\eclipse-workspace\smart-thermostat-matter\db\trap\java\classes\java\io\ObjectInputValidation.members...
[2026-07-15 20:42:57] [PROGRESS] resolve files> Scanning C:\Users\chris\eclipse-workspace\smart-thermostat-matter\db\trap\java\classes\java\io\ObjectOutput.members...
[2026-07-15 20:42:57] [PROGRESS] resolve files> Scanning C:\Users\chris\eclipse-workspace\smart-thermostat-matter\db\trap\java\classes\java\io\ObjectOutputStream$PutField.members...
[2026-07-15 20:42:57] [PROGRESS] resolve files> Scanning C:\Users\chris\eclipse-workspace\smart-thermostat-matter\db\trap\java\classes\java\io\ObjectOutputStream.members...
[2026-07-15 20:42:57] [PROGRESS] resolve files> Scanning C:\Users\chris\eclipse-workspace\smart-thermostat-matter\db\trap\java\classes\java\io\ObjectStreamClass$ClassDataSlot.members...
[2026-07-15 20:42:57] [PROGRESS] resolve files> Scanning C:\Users\chris\eclipse-workspace\smart-thermostat-matter\db\trap\java\classes\java\io\ObjectStreamClass.members...
[2026-07-15 20:42:57] [PROGRESS] resolve files> Scanning C:\Users\chris\eclipse-workspace\smart-thermostat-matter\db\trap\java\classes\java\io\ObjectStreamConstants.members...
[2026-07-15 20:42:57] [PROGRESS] resolve files> Scanning C:\Users\chris\eclipse-workspace\smart-thermostat-matter\db\trap\java\classes\java\io\ObjectStreamException.members...
[2026-07-15 20:42:57] [PROGRESS] resolve files> Scanning C:\Users\chris\eclipse-workspace\smart-thermostat-matter\db\trap\java\classes\java\io\ObjectStreamField.members...
[2026-07-15 20:42:57] [PROGRESS] resolve files> Scanning C:\Users\chris\eclipse-workspace\smart-thermostat-matter\db\trap\java\classes\java\io\OptionalDataException.members...
[2026-07-15 20:42:57] [PROGRESS] resolve files> Scanning C:\Users\chris\eclipse-workspace\smart-thermostat-matter\db\trap\java\classes\java\io\OutputStream.members...
[2026-07-15 20:42:57] [PROGRESS] resolve files> Scanning C:\Users\chris\eclipse-workspace\smart-thermostat-matter\db\trap\java\classes\java\io\PrintStream.members...
[2026-07-15 20:42:57] [PROGRESS] resolve files> Scanning C:\Users\chris\eclipse-workspace\smart-thermostat-matter\db\trap\java\classes\java\io\PrintWriter.members...
[2026-07-15 20:42:57] [PROGRESS] resolve files> Scanning C:\Users\chris\eclipse-workspace\smart-thermostat-matter\db\trap\java\classes\java\io\ProxyingConsole.members...
[2026-07-15 20:42:57] [PROGRESS] resolve files> Scanning C:\Users\chris\eclipse-workspace\smart-thermostat-matter\db\trap\java\classes\java\io\Reader.members...
[2026-07-15 20:42:57] [PROGRESS] resolve files> Scanning C:\Users\chris\eclipse-workspace\smart-thermostat-matter\db\trap\java\classes\java\io\Serializable.members...
[2026-07-15 20:42:57] [PROGRESS] resolve files> Scanning C:\Users\chris\eclipse-workspace\smart-thermostat-matter\db\trap\java\classes\java\io\SerializablePermission.members...
[2026-07-15 20:42:57] [PROGRESS] resolve files> Scanning C:\Users\chris\eclipse-workspace\smart-thermostat-matter\db\trap\java\classes\java\io\StreamCorruptedException.members...
[2026-07-15 20:42:57] [PROGRESS] resolve files> Scanning C:\Users\chris\eclipse-workspace\smart-thermostat-matter\db\trap\java\classes\java\io\SyncFailedException.members...
[2026-07-15 20:42:57] [PROGRESS] resolve files> Scanning C:\Users\chris\eclipse-workspace\smart-thermostat-matter\db\trap\java\classes\java\io\UnsupportedEncodingException.members...
[2026-07-15 20:42:57] [PROGRESS] resolve files> Scanning C:\Users\chris\eclipse-workspace\smart-thermostat-matter\db\trap\java\classes\java\io\Writer.members...
[2026-07-15 20:42:57] [PROGRESS] resolve files> Scanning C:\Users\chris\eclipse-workspace\smart-thermostat-matter\db\trap\java\classes\java\lang...
[2026-07-15 20:42:57] [PROGRESS] resolve files> Scanning C:\Users\chris\eclipse-workspace\smart-thermostat-matter\db\trap\java\classes\java\lang\AbstractStringBuilder.members...
[2026-07-15 20:42:57] [PROGRESS] resolve files> Scanning C:\Users\chris\eclipse-workspace\smart-thermostat-matter\db\trap\java\classes\java\lang\annotation...
[2026-07-15 20:42:57] [PROGRESS] resolve files> Scanning C:\Users\chris\eclipse-workspace\smart-thermostat-matter\db\trap\java\classes\java\lang\annotation\Annotation.members...
[2026-07-15 20:42:57] [PROGRESS] resolve files> Scanning C:\Users\chris\eclipse-workspace\smart-thermostat-matter\db\trap\java\classes\java\lang\annotation\Documented.members...
[2026-07-15 20:42:57] [PROGRESS] resolve files> Scanning C:\Users\chris\eclipse-workspace\smart-thermostat-matter\db\trap\java\classes\java\lang\annotation\ElementType.members...
[2026-07-15 20:42:57] [PROGRESS] resolve files> Scanning C:\Users\chris\eclipse-workspace\smart-thermostat-matter\db\trap\java\classes\java\lang\annotation\Retention.members...
[2026-07-15 20:42:57] [PROGRESS] resolve files> Scanning C:\Users\chris\eclipse-workspace\smart-thermostat-matter\db\trap\java\classes\java\lang\annotation\RetentionPolicy.members...
[2026-07-15 20:42:57] [PROGRESS] resolve files> Scanning C:\Users\chris\eclipse-workspace\smart-thermostat-matter\db\trap\java\classes\java\lang\annotation\Target.members...
[2026-07-15 20:42:57] [PROGRESS] resolve files> Scanning C:\Users\chris\eclipse-workspace\smart-thermostat-matter\db\trap\java\classes\java\lang\Appendable.members...
[2026-07-15 20:42:57] [PROGRESS] resolve files> Scanning C:\Users\chris\eclipse-workspace\smart-thermostat-matter\db\trap\java\classes\java\lang\ArrayIndexOutOfBoundsException.members...
[2026-07-15 20:42:57] [PROGRESS] resolve files> Scanning C:\Users\chris\eclipse-workspace\smart-thermostat-matter\db\trap\java\classes\java\lang\AutoCloseable.members...
[2026-07-15 20:42:57] [PROGRESS] resolve files> Scanning C:\Users\chris\eclipse-workspace\smart-thermostat-matter\db\trap\java\classes\java\lang\Boolean.members...
[2026-07-15 20:42:57] [PROGRESS] resolve files> Scanning C:\Users\chris\eclipse-workspace\smart-thermostat-matter\db\trap\java\classes\java\lang\Character.members...
[2026-07-15 20:42:57] [PROGRESS] resolve files> Scanning C:\Users\chris\eclipse-workspace\smart-thermostat-matter\db\trap\java\classes\java\lang\CharSequence.members...
[2026-07-15 20:42:57] [PROGRESS] resolve files> Scanning C:\Users\chris\eclipse-workspace\smart-thermostat-matter\db\trap\java\classes\java\lang\Class.members...
[2026-07-15 20:42:57] [PROGRESS] resolve files> Scanning C:\Users\chris\eclipse-workspace\smart-thermostat-matter\db\trap\java\classes\java\lang\ClassFormatError.members...
[2026-07-15 20:42:57] [PROGRESS] resolve files> Scanning C:\Users\chris\eclipse-workspace\smart-thermostat-matter\db\trap\java\classes\java\lang\ClassLoader.members...
[2026-07-15 20:42:57] [PROGRESS] resolve files> Scanning C:\Users\chris\eclipse-workspace\smart-thermostat-matter\db\trap\java\classes\java\lang\ClassNotFoundException.members...
[2026-07-15 20:42:57] [PROGRESS] resolve files> Scanning C:\Users\chris\eclipse-workspace\smart-thermostat-matter\db\trap\java\classes\java\lang\ClassValue$ClassValueMap.members...
[2026-07-15 20:42:57] [PROGRESS] resolve files> Scanning C:\Users\chris\eclipse-workspace\smart-thermostat-matter\db\trap\java\classes\java\lang\ClassValue$Entry.members...
[2026-07-15 20:42:57] [PROGRESS] resolve files> Scanning C:\Users\chris\eclipse-workspace\smart-thermostat-matter\db\trap\java\classes\java\lang\ClassValue$Identity.members...
[2026-07-15 20:42:57] [PROGRESS] resolve files> Scanning C:\Users\chris\eclipse-workspace\smart-thermostat-matter\db\trap\java\classes\java\lang\ClassValue$Version.members...
[2026-07-15 20:42:57] [PROGRESS] resolve files> Scanning C:\Users\chris\eclipse-workspace\smart-thermostat-matter\db\trap\java\classes\java\lang\ClassValue.members...
[2026-07-15 20:42:57] [PROGRESS] resolve files> Scanning C:\Users\chris\eclipse-workspace\smart-thermostat-matter\db\trap\java\classes\java\lang\Cloneable.members...
[2026-07-15 20:42:57] [PROGRESS] resolve files> Scanning C:\Users\chris\eclipse-workspace\smart-thermostat-matter\db\trap\java\classes\java\lang\CloneNotSupportedException.members...
[2026-07-15 20:42:57] [PROGRESS] resolve files> Scanning C:\Users\chris\eclipse-workspace\smart-thermostat-matter\db\trap\java\classes\java\lang\Comparable.members...
[2026-07-15 20:42:57] [PROGRESS] resolve files> Scanning C:\Users\chris\eclipse-workspace\smart-thermostat-matter\db\trap\java\classes\java\lang\constant...
[2026-07-15 20:42:57] [PROGRESS] resolve files> Scanning C:\Users\chris\eclipse-workspace\smart-thermostat-matter\db\trap\java\classes\java\lang\constant\AsTypeMethodHandleDesc.members...
[2026-07-15 20:42:57] [PROGRESS] resolve files> Scanning C:\Users\chris\eclipse-workspace\smart-thermostat-matter\db\trap\java\classes\java\lang\constant\ClassDesc.members...
[2026-07-15 20:42:57] [PROGRESS] resolve files> Scanning C:\Users\chris\eclipse-workspace\smart-thermostat-matter\db\trap\java\classes\java\lang\constant\Constable.members...
[2026-07-15 20:42:57] [PROGRESS] resolve files> Scanning C:\Users\chris\eclipse-workspace\smart-thermostat-matter\db\trap\java\classes\java\lang\constant\ConstantDesc.members...
[2026-07-15 20:42:57] [PROGRESS] resolve files> Scanning C:\Users\chris\eclipse-workspace\smart-thermostat-matter\db\trap\java\classes\java\lang\constant\DirectMethodHandleDesc$Kind.members...
[2026-07-15 20:42:57] [PROGRESS] resolve files> Scanning C:\Users\chris\eclipse-workspace\smart-thermostat-matter\db\trap\java\classes\java\lang\constant\DirectMethodHandleDesc.members...
[2026-07-15 20:42:57] [PROGRESS] resolve files> Scanning C:\Users\chris\eclipse-workspace\smart-thermostat-matter\db\trap\java\classes\java\lang\constant\DirectMethodHandleDescImpl.members...
[2026-07-15 20:42:57] [PROGRESS] resolve files> Scanning C:\Users\chris\eclipse-workspace\smart-thermostat-matter\db\trap\java\classes\java\lang\constant\DynamicConstantDesc.members...
[2026-07-15 20:42:57] [PROGRESS] resolve files> Scanning C:\Users\chris\eclipse-workspace\smart-thermostat-matter\db\trap\java\classes\java\lang\constant\MethodHandleDesc.members...
[2026-07-15 20:42:57] [PROGRESS] resolve files> Scanning C:\Users\chris\eclipse-workspace\smart-thermostat-matter\db\trap\java\classes\java\lang\constant\MethodTypeDesc.members...
[2026-07-15 20:42:57] [PROGRESS] resolve files> Scanning C:\Users\chris\eclipse-workspace\smart-thermostat-matter\db\trap\java\classes\java\lang\constant\MethodTypeDescImpl.members...
[2026-07-15 20:42:57] [PROGRESS] resolve files> Scanning C:\Users\chris\eclipse-workspace\smart-thermostat-matter\db\trap\java\classes\java\lang\constant\PrimitiveClassDescImpl.members...
[2026-07-15 20:42:57] [PROGRESS] resolve files> Scanning C:\Users\chris\eclipse-workspace\smart-thermostat-matter\db\trap\java\classes\java\lang\constant\ReferenceClassDescImpl.members...
[2026-07-15 20:42:57] [PROGRESS] resolve files> Scanning C:\Users\chris\eclipse-workspace\smart-thermostat-matter\db\trap\java\classes\java\lang\Deprecated.members...
[2026-07-15 20:42:57] [PROGRESS] resolve files> Scanning C:\Users\chris\eclipse-workspace\smart-thermostat-matter\db\trap\java\classes\java\lang\Double.members...
[2026-07-15 20:42:57] [PROGRESS] resolve files> Scanning C:\Users\chris\eclipse-workspace\smart-thermostat-matter\db\trap\java\classes\java\lang\Enum$EnumDesc.members...
[2026-07-15 20:42:57] [PROGRESS] resolve files> Scanning C:\Users\chris\eclipse-workspace\smart-thermostat-matter\db\trap\java\classes\java\lang\Enum.members...
[2026-07-15 20:42:57] [PROGRESS] resolve files> Scanning C:\Users\chris\eclipse-workspace\smart-thermostat-matter\db\trap\java\classes\java\lang\Error.members...
[2026-07-15 20:42:57] [PROGRESS] resolve files> Scanning C:\Users\chris\eclipse-workspace\smart-thermostat-matter\db\trap\java\classes\java\lang\Exception.members...
[2026-07-15 20:42:57] [PROGRESS] resolve files> Scanning C:\Users\chris\eclipse-workspace\smart-thermostat-matter\db\trap\java\classes\java\lang\Float.members...
[2026-07-15 20:42:57] [PROGRESS] resolve files> Scanning C:\Users\chris\eclipse-workspace\smart-thermostat-matter\db\trap\java\classes\java\lang\foreign...
[2026-07-15 20:42:57] [PROGRESS] resolve files> Scanning C:\Users\chris\eclipse-workspace\smart-thermostat-matter\db\trap\java\classes\java\lang\foreign\AddressLayout.members...
[2026-07-15 20:42:57] [PROGRESS] resolve files> Scanning C:\Users\chris\eclipse-workspace\smart-thermostat-matter\db\trap\java\classes\java\lang\foreign\Arena.members...
[2026-07-15 20:42:57] [PROGRESS] resolve files> Scanning C:\Users\chris\eclipse-workspace\smart-thermostat-matter\db\trap\java\classes\java\lang\foreign\GroupLayout.members...
[2026-07-15 20:42:57] [PROGRESS] resolve files> Scanning C:\Users\chris\eclipse-workspace\smart-thermostat-matter\db\trap\java\classes\java\lang\foreign\MemoryLayout$PathElement.members...
[2026-07-15 20:42:57] [PROGRESS] resolve files> Scanning C:\Users\chris\eclipse-workspace\smart-thermostat-matter\db\trap\java\classes\java\lang\foreign\MemoryLayout.members...
[2026-07-15 20:42:57] [PROGRESS] resolve files> Scanning C:\Users\chris\eclipse-workspace\smart-thermostat-matter\db\trap\java\classes\java\lang\foreign\MemorySegment$Scope.members...
[2026-07-15 20:42:57] [PROGRESS] resolve files> Scanning C:\Users\chris\eclipse-workspace\smart-thermostat-matter\db\trap\java\classes\java\lang\foreign\MemorySegment.members...
[2026-07-15 20:42:57] [PROGRESS] resolve files> Scanning C:\Users\chris\eclipse-workspace\smart-thermostat-matter\db\trap\java\classes\java\lang\foreign\PaddingLayout.members...
[2026-07-15 20:42:57] [PROGRESS] resolve files> Scanning C:\Users\chris\eclipse-workspace\smart-thermostat-matter\db\trap\java\classes\java\lang\foreign\SegmentAllocator.members...
[2026-07-15 20:42:57] [PROGRESS] resolve files> Scanning C:\Users\chris\eclipse-workspace\smart-thermostat-matter\db\trap\java\classes\java\lang\foreign\SequenceLayout.members...
[2026-07-15 20:42:57] [PROGRESS] resolve files> Scanning C:\Users\chris\eclipse-workspace\smart-thermostat-matter\db\trap\java\classes\java\lang\foreign\StructLayout.members...
[2026-07-15 20:42:57] [PROGRESS] resolve files> Scanning C:\Users\chris\eclipse-workspace\smart-thermostat-matter\db\trap\java\classes\java\lang\foreign\UnionLayout.members...
[2026-07-15 20:42:57] [PROGRESS] resolve files> Scanning C:\Users\chris\eclipse-workspace\smart-thermostat-matter\db\trap\java\classes\java\lang\foreign\ValueLayout$OfBoolean.members...
[2026-07-15 20:42:57] [PROGRESS] resolve files> Scanning C:\Users\chris\eclipse-workspace\smart-thermostat-matter\db\trap\java\classes\java\lang\foreign\ValueLayout$OfByte.members...
[2026-07-15 20:42:57] [PROGRESS] resolve files> Scanning C:\Users\chris\eclipse-workspace\smart-thermostat-matter\db\trap\java\classes\java\lang\foreign\ValueLayout$OfChar.members...
[2026-07-15 20:42:57] [PROGRESS] resolve files> Scanning C:\Users\chris\eclipse-workspace\smart-thermostat-matter\db\trap\java\classes\java\lang\foreign\ValueLayout$OfDouble.members...
[2026-07-15 20:42:57] [PROGRESS] resolve files> Scanning C:\Users\chris\eclipse-workspace\smart-thermostat-matter\db\trap\java\classes\java\lang\foreign\ValueLayout$OfFloat.members...
[2026-07-15 20:42:57] [PROGRESS] resolve files> Scanning C:\Users\chris\eclipse-workspace\smart-thermostat-matter\db\trap\java\classes\java\lang\foreign\ValueLayout$OfInt.members...
[2026-07-15 20:42:57] [PROGRESS] resolve files> Scanning C:\Users\chris\eclipse-workspace\smart-thermostat-matter\db\trap\java\classes\java\lang\foreign\ValueLayout$OfLong.members...
[2026-07-15 20:42:57] [PROGRESS] resolve files> Scanning C:\Users\chris\eclipse-workspace\smart-thermostat-matter\db\trap\java\classes\java\lang\foreign\ValueLayout$OfShort.members...
[2026-07-15 20:42:57] [PROGRESS] resolve files> Scanning C:\Users\chris\eclipse-workspace\smart-thermostat-matter\db\trap\java\classes\java\lang\foreign\ValueLayout.members...
[2026-07-15 20:42:57] [PROGRESS] resolve files> Scanning C:\Users\chris\eclipse-workspace\smart-thermostat-matter\db\trap\java\classes\java\lang\FunctionalInterface.members...
[2026-07-15 20:42:57] [PROGRESS] resolve files> Scanning C:\Users\chris\eclipse-workspace\smart-thermostat-matter\db\trap\java\classes\java\lang\IllegalAccessException.members...
[2026-07-15 20:42:57] [PROGRESS] resolve files> Scanning C:\Users\chris\eclipse-workspace\smart-thermostat-matter\db\trap\java\classes\java\lang\IllegalArgumentException.members...
[2026-07-15 20:42:57] [PROGRESS] resolve files> Scanning C:\Users\chris\eclipse-workspace\smart-thermostat-matter\db\trap\java\classes\java\lang\IllegalStateException.members...
[2026-07-15 20:42:57] [PROGRESS] resolve files> Scanning C:\Users\chris\eclipse-workspace\smart-thermostat-matter\db\trap\java\classes\java\lang\IndexOutOfBoundsException.members...
[2026-07-15 20:42:57] [PROGRESS] resolve files> Scanning C:\Users\chris\eclipse-workspace\smart-thermostat-matter\db\trap\java\classes\java\lang\InstantiationException.members...
[2026-07-15 20:42:57] [PROGRESS] resolve files> Scanning C:\Users\chris\eclipse-workspace\smart-thermostat-matter\db\trap\java\classes\java\lang\Integer.members...
[2026-07-15 20:42:57] [PROGRESS] resolve files> Scanning C:\Users\chris\eclipse-workspace\smart-thermostat-matter\db\trap\java\classes\java\lang\InternalError.members...
[2026-07-15 20:42:57] [PROGRESS] resolve files> Scanning C:\Users\chris\eclipse-workspace\smart-thermostat-matter\db\trap\java\classes\java\lang\InterruptedException.members...
[2026-07-15 20:42:57] [PROGRESS] resolve files> Scanning C:\Users\chris\eclipse-workspace\smart-thermostat-matter\db\trap\java\classes\java\lang\invoke...
[2026-07-15 20:42:57] [PROGRESS] resolve files> Scanning C:\Users\chris\eclipse-workspace\smart-thermostat-matter\db\trap\java\classes\java\lang\invoke\BoundMethodHandle$Specializer$Factory.members...
[2026-07-15 20:42:57] [PROGRESS] resolve files> Scanning C:\Users\chris\eclipse-workspace\smart-thermostat-matter\db\trap\java\classes\java\lang\invoke\BoundMethodHandle$Specializer.members...
[2026-07-15 20:42:57] [PROGRESS] resolve files> Scanning C:\Users\chris\eclipse-workspace\smart-thermostat-matter\db\trap\java\classes\java\lang\invoke\BoundMethodHandle$SpeciesData.members...
[2026-07-15 20:42:57] [PROGRESS] resolve files> Scanning C:\Users\chris\eclipse-workspace\smart-thermostat-matter\db\trap\java\classes\java\lang\invoke\BoundMethodHandle.members...
[2026-07-15 20:42:57] [PROGRESS] resolve files> Scanning C:\Users\chris\eclipse-workspace\smart-thermostat-matter\db\trap\java\classes\java\lang\invoke\CallSite.members...
[2026-07-15 20:42:57] [PROGRESS] resolve files> Scanning C:\Users\chris\eclipse-workspace\smart-thermostat-matter\db\trap\java\classes\java\lang\invoke\ClassSpecializer$Factory.members...
[2026-07-15 20:42:57] [PROGRESS] resolve files> Scanning C:\Users\chris\eclipse-workspace\smart-thermostat-matter\db\trap\java\classes\java\lang\invoke\ClassSpecializer$SpeciesData.members...
[2026-07-15 20:42:57] [PROGRESS] resolve files> Scanning C:\Users\chris\eclipse-workspace\smart-thermostat-matter\db\trap\java\classes\java\lang\invoke\ClassSpecializer.members...
[2026-07-15 20:42:57] [PROGRESS] resolve files> Scanning C:\Users\chris\eclipse-workspace\smart-thermostat-matter\db\trap\java\classes\java\lang\invoke\ConstantCallSite.members...
[2026-07-15 20:42:57] [PROGRESS] resolve files> Scanning C:\Users\chris\eclipse-workspace\smart-thermostat-matter\db\trap\java\classes\java\lang\invoke\DelegatingMethodHandle.members...
[2026-07-15 20:42:57] [PROGRESS] resolve files> Scanning C:\Users\chris\eclipse-workspace\smart-thermostat-matter\db\trap\java\classes\java\lang\invoke\DirectMethodHandle$Accessor.members...
[2026-07-15 20:42:57] [PROGRESS] resolve files> Scanning C:\Users\chris\eclipse-workspace\smart-thermostat-matter\db\trap\java\classes\java\lang\invoke\DirectMethodHandle$Constructor.members...
[2026-07-15 20:42:57] [PROGRESS] resolve files> Scanning C:\Users\chris\eclipse-workspace\smart-thermostat-matter\db\trap\java\classes\java\lang\invoke\DirectMethodHandle$Interface.members...
[2026-07-15 20:42:57] [PROGRESS] resolve files> Scanning C:\Users\chris\eclipse-workspace\smart-thermostat-matter\db\trap\java\classes\java\lang\invoke\DirectMethodHandle$Special.members...
[2026-07-15 20:42:57] [PROGRESS] resolve files> Scanning C:\Users\chris\eclipse-workspace\smart-thermostat-matter\db\trap\java\classes\java\lang\invoke\DirectMethodHandle$StaticAccessor.members...
[2026-07-15 20:42:57] [PROGRESS] resolve files> Scanning C:\Users\chris\eclipse-workspace\smart-thermostat-matter\db\trap\java\classes\java\lang\invoke\DirectMethodHandle.members...
[2026-07-15 20:42:57] [PROGRESS] resolve files> Scanning C:\Users\chris\eclipse-workspace\smart-thermostat-matter\db\trap\java\classes\java\lang\invoke\IndirectVarHandle.members...
[2026-07-15 20:42:57] [PROGRESS] resolve files> Scanning C:\Users\chris\eclipse-workspace\smart-thermostat-matter\db\trap\java\classes\java\lang\invoke\Invokers.members...
[2026-07-15 20:42:57] [PROGRESS] resolve files> Scanning C:\Users\chris\eclipse-workspace\smart-thermostat-matter\db\trap\java\classes\java\lang\invoke\LambdaForm$BasicType.members...
[2026-07-15 20:42:57] [PROGRESS] resolve files> Scanning C:\Users\chris\eclipse-workspace\smart-thermostat-matter\db\trap\java\classes\java\lang\invoke\LambdaForm$Kind.members...
[2026-07-15 20:42:57] [PROGRESS] resolve files> Scanning C:\Users\chris\eclipse-workspace\smart-thermostat-matter\db\trap\java\classes\java\lang\invoke\LambdaForm$Name.members...
[2026-07-15 20:42:57] [PROGRESS] resolve files> Scanning C:\Users\chris\eclipse-workspace\smart-thermostat-matter\db\trap\java\classes\java\lang\invoke\LambdaForm$NamedFunction.members...
[2026-07-15 20:42:57] [PROGRESS] resolve files> Scanning C:\Users\chris\eclipse-workspace\smart-thermostat-matter\db\trap\java\classes\java\lang\invoke\LambdaForm.members...
[2026-07-15 20:42:57] [PROGRESS] resolve files> Scanning C:\Users\chris\eclipse-workspace\smart-thermostat-matter\db\trap\java\classes\java\lang\invoke\LambdaFormEditor.members...
[2026-07-15 20:42:57] [PROGRESS] resolve files> Scanning C:\Users\chris\eclipse-workspace\smart-thermostat-matter\db\trap\java\classes\java\lang\invoke\MemberName$Factory.members...
[2026-07-15 20:42:57] [PROGRESS] resolve files> Scanning C:\Users\chris\eclipse-workspace\smart-thermostat-matter\db\trap\java\classes\java\lang\invoke\MemberName.members...
[2026-07-15 20:42:57] [PROGRESS] resolve files> Scanning C:\Users\chris\eclipse-workspace\smart-thermostat-matter\db\trap\java\classes\java\lang\invoke\MethodHandle$PolymorphicSignature.members...
[2026-07-15 20:42:57] [PROGRESS] resolve files> Scanning C:\Users\chris\eclipse-workspace\smart-thermostat-matter\db\trap\java\classes\java\lang\invoke\MethodHandle.members...
[2026-07-15 20:42:57] [PROGRESS] resolve files> Scanning C:\Users\chris\eclipse-workspace\smart-thermostat-matter\db\trap\java\classes\java\lang\invoke\MethodHandleImpl$ArrayAccess.members...
[2026-07-15 20:42:57] [PROGRESS] resolve files> Scanning C:\Users\chris\eclipse-workspace\smart-thermostat-matter\db\trap\java\classes\java\lang\invoke\MethodHandleImpl$AsVarargsCollector.members...
[2026-07-15 20:42:57] [PROGRESS] resolve files> Scanning C:\Users\chris\eclipse-workspace\smart-thermostat-matter\db\trap\java\classes\java\lang\invoke\MethodHandleImpl$CasesHolder.members...
[2026-07-15 20:42:57] [PROGRESS] resolve files> Scanning C:\Users\chris\eclipse-workspace\smart-thermostat-matter\db\trap\java\classes\java\lang\invoke\MethodHandleImpl$CountingWrapper.members...
[2026-07-15 20:42:57] [PROGRESS] resolve files> Scanning C:\Users\chris\eclipse-workspace\smart-thermostat-matter\db\trap\java\classes\java\lang\invoke\MethodHandleImpl$Intrinsic.members...
[2026-07-15 20:42:57] [PROGRESS] resolve files> Scanning C:\Users\chris\eclipse-workspace\smart-thermostat-matter\db\trap\java\classes\java\lang\invoke\MethodHandleImpl$IntrinsicMethodHandle.members...
[2026-07-15 20:42:57] [PROGRESS] resolve files> Scanning C:\Users\chris\eclipse-workspace\smart-thermostat-matter\db\trap\java\classes\java\lang\invoke\MethodHandleImpl$LoopClauses.members...
[2026-07-15 20:42:57] [PROGRESS] resolve files> Scanning C:\Users\chris\eclipse-workspace\smart-thermostat-matter\db\trap\java\classes\java\lang\invoke\MethodHandleImpl$WrappedMember.members...
[2026-07-15 20:42:57] [PROGRESS] resolve files> Scanning C:\Users\chris\eclipse-workspace\smart-thermostat-matter\db\trap\java\classes\java\lang\invoke\MethodHandleImpl.members...
[2026-07-15 20:42:57] [PROGRESS] resolve files> Scanning C:\Users\chris\eclipse-workspace\smart-thermostat-matter\db\trap\java\classes\java\lang\invoke\MethodHandleInfo.members...
[2026-07-15 20:42:57] [PROGRESS] resolve files> Scanning C:\Users\chris\eclipse-workspace\smart-thermostat-matter\db\trap\java\classes\java\lang\invoke\MethodHandles$Lookup$ClassDefiner.members...
[2026-07-15 20:42:57] [PROGRESS] resolve files> Scanning C:\Users\chris\eclipse-workspace\smart-thermostat-matter\db\trap\java\classes\java\lang\invoke\MethodHandles$Lookup$ClassOption.members...
[2026-07-15 20:42:57] [PROGRESS] resolve files> Scanning C:\Users\chris\eclipse-workspace\smart-thermostat-matter\db\trap\java\classes\java\lang\invoke\MethodHandles$Lookup.members...
[2026-07-15 20:42:57] [PROGRESS] resolve files> Scanning C:\Users\chris\eclipse-workspace\smart-thermostat-matter\db\trap\java\classes\java\lang\invoke\MethodHandles.members...
[2026-07-15 20:42:57] [PROGRESS] resolve files> Scanning C:\Users\chris\eclipse-workspace\smart-thermostat-matter\db\trap\java\classes\java\lang\invoke\MethodType$ConcurrentWeakInternSet.members...
[2026-07-15 20:42:57] [PROGRESS] resolve files> Scanning C:\Users\chris\eclipse-workspace\smart-thermostat-matter\db\trap\java\classes\java\lang\invoke\MethodType.members...
[2026-07-15 20:42:57] [PROGRESS] resolve files> Scanning C:\Users\chris\eclipse-workspace\smart-thermostat-matter\db\trap\java\classes\java\lang\invoke\MethodTypeForm.members...
[2026-07-15 20:42:57] [PROGRESS] resolve files> Scanning C:\Users\chris\eclipse-workspace\smart-thermostat-matter\db\trap\java\classes\java\lang\invoke\MutableCallSite.members...
[2026-07-15 20:42:57] [PROGRESS] resolve files> Scanning C:\Users\chris\eclipse-workspace\smart-thermostat-matter\db\trap\java\classes\java\lang\invoke\NativeMethodHandle.members...
[2026-07-15 20:42:57] [PROGRESS] resolve files> Scanning C:\Users\chris\eclipse-workspace\smart-thermostat-matter\db\trap\java\classes\java\lang\invoke\TypeDescriptor$OfField.members...
[2026-07-15 20:42:57] [PROGRESS] resolve files> Scanning C:\Users\chris\eclipse-workspace\smart-thermostat-matter\db\trap\java\classes\java\lang\invoke\TypeDescriptor$OfMethod.members...
[2026-07-15 20:42:57] [PROGRESS] resolve files> Scanning C:\Users\chris\eclipse-workspace\smart-thermostat-matter\db\trap\java\classes\java\lang\invoke\TypeDescriptor.members...
[2026-07-15 20:42:57] [PROGRESS] resolve files> Scanning C:\Users\chris\eclipse-workspace\smart-thermostat-matter\db\trap\java\classes\java\lang\invoke\VarForm.members...
[2026-07-15 20:42:57] [PROGRESS] resolve files> Scanning C:\Users\chris\eclipse-workspace\smart-thermostat-matter\db\trap\java\classes\java\lang\invoke\VarHandle$AccessDescriptor.members...
[2026-07-15 20:42:57] [PROGRESS] resolve files> Scanning C:\Users\chris\eclipse-workspace\smart-thermostat-matter\db\trap\java\classes\java\lang\invoke\VarHandle$AccessMode.members...
[2026-07-15 20:42:57] [PROGRESS] resolve files> Scanning C:\Users\chris\eclipse-workspace\smart-thermostat-matter\db\trap\java\classes\java\lang\invoke\VarHandle$AccessType.members...
[2026-07-15 20:42:57] [PROGRESS] resolve files> Scanning C:\Users\chris\eclipse-workspace\smart-thermostat-matter\db\trap\java\classes\java\lang\invoke\VarHandle$VarHandleDesc.members...
[2026-07-15 20:42:57] [PROGRESS] resolve files> Scanning C:\Users\chris\eclipse-workspace\smart-thermostat-matter\db\trap\java\classes\java\lang\invoke\VarHandle.members...
[2026-07-15 20:42:57] [PROGRESS] resolve files> Scanning C:\Users\chris\eclipse-workspace\smart-thermostat-matter\db\trap\java\classes\java\lang\invoke\VarHandleBooleans$Array.members...
[2026-07-15 20:42:57] [PROGRESS] resolve files> Scanning C:\Users\chris\eclipse-workspace\smart-thermostat-matter\db\trap\java\classes\java\lang\invoke\VarHandleBooleans$FieldInstanceReadOnly.members...
[2026-07-15 20:42:57] [PROGRESS] resolve files> Scanning C:\Users\chris\eclipse-workspace\smart-thermostat-matter\db\trap\java\classes\java\lang\invoke\VarHandleBooleans$FieldInstanceReadWrite.members...
[2026-07-15 20:42:57] [PROGRESS] resolve files> Scanning C:\Users\chris\eclipse-workspace\smart-thermostat-matter\db\trap\java\classes\java\lang\invoke\VarHandleBooleans$FieldStaticReadOnly.members...
[2026-07-15 20:42:57] [PROGRESS] resolve files> Scanning C:\Users\chris\eclipse-workspace\smart-thermostat-matter\db\trap\java\classes\java\lang\invoke\VarHandleBooleans$FieldStaticReadWrite.members...
[2026-07-15 20:42:57] [PROGRESS] resolve files> Scanning C:\Users\chris\eclipse-workspace\smart-thermostat-matter\db\trap\java\classes\java\lang\invoke\VarHandleBooleans.members...
[2026-07-15 20:42:57] [PROGRESS] resolve files> Scanning C:\Users\chris\eclipse-workspace\smart-thermostat-matter\db\trap\java\classes\java\lang\invoke\VarHandleByteArrayAsChars$ArrayHandle.members...
[2026-07-15 20:42:57] [PROGRESS] resolve files> Scanning C:\Users\chris\eclipse-workspace\smart-thermostat-matter\db\trap\java\classes\java\lang\invoke\VarHandleByteArrayAsChars$ByteArrayViewVarHandle.members...
[2026-07-15 20:42:57] [PROGRESS] resolve files> Scanning C:\Users\chris\eclipse-workspace\smart-thermostat-matter\db\trap\java\classes\java\lang\invoke\VarHandleByteArrayAsChars$ByteBufferHandle.members...
[2026-07-15 20:42:57] [PROGRESS] resolve files> Scanning C:\Users\chris\eclipse-workspace\smart-thermostat-matter\db\trap\java\classes\java\lang\invoke\VarHandleByteArrayAsChars.members...
[2026-07-15 20:42:57] [PROGRESS] resolve files> Scanning C:\Users\chris\eclipse-workspace\smart-thermostat-matter\db\trap\java\classes\java\lang\invoke\VarHandleByteArrayAsDoubles$ArrayHandle.members...
[2026-07-15 20:42:57] [PROGRESS] resolve files> Scanning C:\Users\chris\eclipse-workspace\smart-thermostat-matter\db\trap\java\classes\java\lang\invoke\VarHandleByteArrayAsDoubles$ByteArrayViewVarHandle.members...
[2026-07-15 20:42:57] [PROGRESS] resolve files> Scanning C:\Users\chris\eclipse-workspace\smart-thermostat-matter\db\trap\java\classes\java\lang\invoke\VarHandleByteArrayAsDoubles$ByteBufferHandle.members...
[2026-07-15 20:42:57] [PROGRESS] resolve files> Scanning C:\Users\chris\eclipse-workspace\smart-thermostat-matter\db\trap\java\classes\java\lang\invoke\VarHandleByteArrayAsDoubles.members...
[2026-07-15 20:42:57] [PROGRESS] resolve files> Scanning C:\Users\chris\eclipse-workspace\smart-thermostat-matter\db\trap\java\classes\java\lang\invoke\VarHandleByteArrayAsFloats$ArrayHandle.members...
[2026-07-15 20:42:57] [PROGRESS] resolve files> Scanning C:\Users\chris\eclipse-workspace\smart-thermostat-matter\db\trap\java\classes\java\lang\invoke\VarHandleByteArrayAsFloats$ByteArrayViewVarHandle.members...
[2026-07-15 20:42:57] [PROGRESS] resolve files> Scanning C:\Users\chris\eclipse-workspace\smart-thermostat-matter\db\trap\java\classes\java\lang\invoke\VarHandleByteArrayAsFloats$ByteBufferHandle.members...
[2026-07-15 20:42:57] [PROGRESS] resolve files> Scanning C:\Users\chris\eclipse-workspace\smart-thermostat-matter\db\trap\java\classes\java\lang\invoke\VarHandleByteArrayAsFloats.members...
[2026-07-15 20:42:57] [PROGRESS] resolve files> Scanning C:\Users\chris\eclipse-workspace\smart-thermostat-matter\db\trap\java\classes\java\lang\invoke\VarHandleByteArrayAsInts$ArrayHandle.members...
[2026-07-15 20:42:57] [PROGRESS] resolve files> Scanning C:\Users\chris\eclipse-workspace\smart-thermostat-matter\db\trap\java\classes\java\lang\invoke\VarHandleByteArrayAsInts$ByteArrayViewVarHandle.members...
[2026-07-15 20:42:57] [PROGRESS] resolve files> Scanning C:\Users\chris\eclipse-workspace\smart-thermostat-matter\db\trap\java\classes\java\lang\invoke\VarHandleByteArrayAsInts$ByteBufferHandle.members...
[2026-07-15 20:42:57] [PROGRESS] resolve files> Scanning C:\Users\chris\eclipse-workspace\smart-thermostat-matter\db\trap\java\classes\java\lang\invoke\VarHandleByteArrayAsInts.members...
[2026-07-15 20:42:57] [PROGRESS] resolve files> Scanning C:\Users\chris\eclipse-workspace\smart-thermostat-matter\db\trap\java\classes\java\lang\invoke\VarHandleByteArrayAsLongs$ArrayHandle.members...
[2026-07-15 20:42:57] [PROGRESS] resolve files> Scanning C:\Users\chris\eclipse-workspace\smart-thermostat-matter\db\trap\java\classes\java\lang\invoke\VarHandleByteArrayAsLongs$ByteArrayViewVarHandle.members...
[2026-07-15 20:42:57] [PROGRESS] resolve files> Scanning C:\Users\chris\eclipse-workspace\smart-thermostat-matter\db\trap\java\classes\java\lang\invoke\VarHandleByteArrayAsLongs$ByteBufferHandle.members...
[2026-07-15 20:42:57] [PROGRESS] resolve files> Scanning C:\Users\chris\eclipse-workspace\smart-thermostat-matter\db\trap\java\classes\java\lang\invoke\VarHandleByteArrayAsLongs.members...
[2026-07-15 20:42:57] [PROGRESS] resolve files> Scanning C:\Users\chris\eclipse-workspace\smart-thermostat-matter\db\trap\java\classes\java\lang\invoke\VarHandleByteArrayAsShorts$ArrayHandle.members...
[2026-07-15 20:42:57] [PROGRESS] resolve files> Scanning C:\Users\chris\eclipse-workspace\smart-thermostat-matter\db\trap\java\classes\java\lang\invoke\VarHandleByteArrayAsShorts$ByteArrayViewVarHandle.members...
[2026-07-15 20:42:57] [PROGRESS] resolve files> Scanning C:\Users\chris\eclipse-workspace\smart-thermostat-matter\db\trap\java\classes\java\lang\invoke\VarHandleByteArrayAsShorts$ByteBufferHandle.members...
[2026-07-15 20:42:57] [PROGRESS] resolve files> Scanning C:\Users\chris\eclipse-workspace\smart-thermostat-matter\db\trap\java\classes\java\lang\invoke\VarHandleByteArrayAsShorts.members...
[2026-07-15 20:42:57] [PROGRESS] resolve files> Scanning C:\Users\chris\eclipse-workspace\smart-thermostat-matter\db\trap\java\classes\java\lang\invoke\VarHandleByteArrayBase.members...
[2026-07-15 20:42:57] [PROGRESS] resolve files> Scanning C:\Users\chris\eclipse-workspace\smart-thermostat-matter\db\trap\java\classes\java\lang\invoke\VarHandleBytes$Array.members...
[2026-07-15 20:42:57] [PROGRESS] resolve files> Scanning C:\Users\chris\eclipse-workspace\smart-thermostat-matter\db\trap\java\classes\java\lang\invoke\VarHandleBytes$FieldInstanceReadOnly.members...
[2026-07-15 20:42:57] [PROGRESS] resolve files> Scanning C:\Users\chris\eclipse-workspace\smart-thermostat-matter\db\trap\java\classes\java\lang\invoke\VarHandleBytes$FieldInstanceReadWrite.members...
[2026-07-15 20:42:57] [PROGRESS] resolve files> Scanning C:\Users\chris\eclipse-workspace\smart-thermostat-matter\db\trap\java\classes\java\lang\invoke\VarHandleBytes$FieldStaticReadOnly.members...
[2026-07-15 20:42:57] [PROGRESS] resolve files> Scanning C:\Users\chris\eclipse-workspace\smart-thermostat-matter\db\trap\java\classes\java\lang\invoke\VarHandleBytes$FieldStaticReadWrite.members...
[2026-07-15 20:42:57] [PROGRESS] resolve files> Scanning C:\Users\chris\eclipse-workspace\smart-thermostat-matter\db\trap\java\classes\java\lang\invoke\VarHandleBytes.members...
[2026-07-15 20:42:57] [PROGRESS] resolve files> Scanning C:\Users\chris\eclipse-workspace\smart-thermostat-matter\db\trap\java\classes\java\lang\invoke\VarHandleChars$Array.members...
[2026-07-15 20:42:57] [PROGRESS] resolve files> Scanning C:\Users\chris\eclipse-workspace\smart-thermostat-matter\db\trap\java\classes\java\lang\invoke\VarHandleChars$FieldInstanceReadOnly.members...
[2026-07-15 20:42:57] [PROGRESS] resolve files> Scanning C:\Users\chris\eclipse-workspace\smart-thermostat-matter\db\trap\java\classes\java\lang\invoke\VarHandleChars$FieldInstanceReadWrite.members...
[2026-07-15 20:42:57] [PROGRESS] resolve files> Scanning C:\Users\chris\eclipse-workspace\smart-thermostat-matter\db\trap\java\classes\java\lang\invoke\VarHandleChars$FieldStaticReadOnly.members...
[2026-07-15 20:42:57] [PROGRESS] resolve files> Scanning C:\Users\chris\eclipse-workspace\smart-thermostat-matter\db\trap\java\classes\java\lang\invoke\VarHandleChars$FieldStaticReadWrite.members...
[2026-07-15 20:42:57] [PROGRESS] resolve files> Scanning C:\Users\chris\eclipse-workspace\smart-thermostat-matter\db\trap\java\classes\java\lang\invoke\VarHandleChars.members...
[2026-07-15 20:42:57] [PROGRESS] resolve files> Scanning C:\Users\chris\eclipse-workspace\smart-thermostat-matter\db\trap\java\classes\java\lang\invoke\VarHandleDoubles$Array.members...
[2026-07-15 20:42:57] [PROGRESS] resolve files> Scanning C:\Users\chris\eclipse-workspace\smart-thermostat-matter\db\trap\java\classes\java\lang\invoke\VarHandleDoubles$FieldInstanceReadOnly.members...
[2026-07-15 20:42:57] [PROGRESS] resolve files> Scanning C:\Users\chris\eclipse-workspace\smart-thermostat-matter\db\trap\java\classes\java\lang\invoke\VarHandleDoubles$FieldInstanceReadWrite.members...
[2026-07-15 20:42:57] [PROGRESS] resolve files> Scanning C:\Users\chris\eclipse-workspace\smart-thermostat-matter\db\trap\java\classes\java\lang\invoke\VarHandleDoubles$FieldStaticReadOnly.members...
[2026-07-15 20:42:57] [PROGRESS] resolve files> Scanning C:\Users\chris\eclipse-workspace\smart-thermostat-matter\db\trap\java\classes\java\lang\invoke\VarHandleDoubles$FieldStaticReadWrite.members...
[2026-07-15 20:42:57] [PROGRESS] resolve files> Scanning C:\Users\chris\eclipse-workspace\smart-thermostat-matter\db\trap\java\classes\java\lang\invoke\VarHandleDoubles.members...
[2026-07-15 20:42:57] [PROGRESS] resolve files> Scanning C:\Users\chris\eclipse-workspace\smart-thermostat-matter\db\trap\java\classes\java\lang\invoke\VarHandleFloats$Array.members...
[2026-07-15 20:42:57] [PROGRESS] resolve files> Scanning C:\Users\chris\eclipse-workspace\smart-thermostat-matter\db\trap\java\classes\java\lang\invoke\VarHandleFloats$FieldInstanceReadOnly.members...
[2026-07-15 20:42:57] [PROGRESS] resolve files> Scanning C:\Users\chris\eclipse-workspace\smart-thermostat-matter\db\trap\java\classes\java\lang\invoke\VarHandleFloats$FieldInstanceReadWrite.members...
[2026-07-15 20:42:57] [PROGRESS] resolve files> Scanning C:\Users\chris\eclipse-workspace\smart-thermostat-matter\db\trap\java\classes\java\lang\invoke\VarHandleFloats$FieldStaticReadOnly.members...
[2026-07-15 20:42:57] [PROGRESS] resolve files> Scanning C:\Users\chris\eclipse-workspace\smart-thermostat-matter\db\trap\java\classes\java\lang\invoke\VarHandleFloats$FieldStaticReadWrite.members...
[2026-07-15 20:42:57] [PROGRESS] resolve files> Scanning C:\Users\chris\eclipse-workspace\smart-thermostat-matter\db\trap\java\classes\java\lang\invoke\VarHandleFloats.members...
[2026-07-15 20:42:57] [PROGRESS] resolve files> Scanning C:\Users\chris\eclipse-workspace\smart-thermostat-matter\db\trap\java\classes\java\lang\invoke\VarHandleInts$Array.members...
[2026-07-15 20:42:57] [PROGRESS] resolve files> Scanning C:\Users\chris\eclipse-workspace\smart-thermostat-matter\db\trap\java\classes\java\lang\invoke\VarHandleInts$FieldInstanceReadOnly.members...
[2026-07-15 20:42:57] [PROGRESS] resolve files> Scanning C:\Users\chris\eclipse-workspace\smart-thermostat-matter\db\trap\java\classes\java\lang\invoke\VarHandleInts$FieldInstanceReadWrite.members...
[2026-07-15 20:42:57] [PROGRESS] resolve files> Scanning C:\Users\chris\eclipse-workspace\smart-thermostat-matter\db\trap\java\classes\java\lang\invoke\VarHandleInts$FieldStaticReadOnly.members...
[2026-07-15 20:42:57] [PROGRESS] resolve files> Scanning C:\Users\chris\eclipse-workspace\smart-thermostat-matter\db\trap\java\classes\java\lang\invoke\VarHandleInts$FieldStaticReadWrite.members...
[2026-07-15 20:42:57] [PROGRESS] resolve files> Scanning C:\Users\chris\eclipse-workspace\smart-thermostat-matter\db\trap\java\classes\java\lang\invoke\VarHandleInts.members...
[2026-07-15 20:42:57] [PROGRESS] resolve files> Scanning C:\Users\chris\eclipse-workspace\smart-thermostat-matter\db\trap\java\classes\java\lang\invoke\VarHandleLongs$Array.members...
[2026-07-15 20:42:57] [PROGRESS] resolve files> Scanning C:\Users\chris\eclipse-workspace\smart-thermostat-matter\db\trap\java\classes\java\lang\invoke\VarHandleLongs$FieldInstanceReadOnly.members...
[2026-07-15 20:42:57] [PROGRESS] resolve files> Scanning C:\Users\chris\eclipse-workspace\smart-thermostat-matter\db\trap\java\classes\java\lang\invoke\VarHandleLongs$FieldInstanceReadWrite.members...
[2026-07-15 20:42:57] [PROGRESS] resolve files> Scanning C:\Users\chris\eclipse-workspace\smart-thermostat-matter\db\trap\java\classes\java\lang\invoke\VarHandleLongs$FieldStaticReadOnly.members...
[2026-07-15 20:42:57] [PROGRESS] resolve files> Scanning C:\Users\chris\eclipse-workspace\smart-thermostat-matter\db\trap\java\classes\java\lang\invoke\VarHandleLongs$FieldStaticReadWrite.members...
[2026-07-15 20:42:57] [PROGRESS] resolve files> Scanning C:\Users\chris\eclipse-workspace\smart-thermostat-matter\db\trap\java\classes\java\lang\invoke\VarHandleLongs.members...
[2026-07-15 20:42:57] [PROGRESS] resolve files> Scanning C:\Users\chris\eclipse-workspace\smart-thermostat-matter\db\trap\java\classes\java\lang\invoke\VarHandleReferences$Array.members...
[2026-07-15 20:42:57] [PROGRESS] resolve files> Scanning C:\Users\chris\eclipse-workspace\smart-thermostat-matter\db\trap\java\classes\java\lang\invoke\VarHandleReferences$FieldInstanceReadOnly.members...
[2026-07-15 20:42:57] [PROGRESS] resolve files> Scanning C:\Users\chris\eclipse-workspace\smart-thermostat-matter\db\trap\java\classes\java\lang\invoke\VarHandleReferences$FieldInstanceReadWrite.members...
[2026-07-15 20:42:57] [PROGRESS] resolve files> Scanning C:\Users\chris\eclipse-workspace\smart-thermostat-matter\db\trap\java\classes\java\lang\invoke\VarHandleReferences$FieldStaticReadOnly.members...
[2026-07-15 20:42:57] [PROGRESS] resolve files> Scanning C:\Users\chris\eclipse-workspace\smart-thermostat-matter\db\trap\java\classes\java\lang\invoke\VarHandleReferences$FieldStaticReadWrite.members...
[2026-07-15 20:42:57] [PROGRESS] resolve files> Scanning C:\Users\chris\eclipse-workspace\smart-thermostat-matter\db\trap\java\classes\java\lang\invoke\VarHandleReferences.members...
[2026-07-15 20:42:57] [PROGRESS] resolve files> Scanning C:\Users\chris\eclipse-workspace\smart-thermostat-matter\db\trap\java\classes\java\lang\invoke\VarHandleSegmentAsBytes.members...
[2026-07-15 20:42:57] [PROGRESS] resolve files> Scanning C:\Users\chris\eclipse-workspace\smart-thermostat-matter\db\trap\java\classes\java\lang\invoke\VarHandleSegmentAsChars.members...
[2026-07-15 20:42:57] [PROGRESS] resolve files> Scanning C:\Users\chris\eclipse-workspace\smart-thermostat-matter\db\trap\java\classes\java\lang\invoke\VarHandleSegmentAsDoubles.members...
[2026-07-15 20:42:57] [PROGRESS] resolve files> Scanning C:\Users\chris\eclipse-workspace\smart-thermostat-matter\db\trap\java\classes\java\lang\invoke\VarHandleSegmentAsFloats.members...
[2026-07-15 20:42:57] [PROGRESS] resolve files> Scanning C:\Users\chris\eclipse-workspace\smart-thermostat-matter\db\trap\java\classes\java\lang\invoke\VarHandleSegmentAsInts.members...
[2026-07-15 20:42:57] [PROGRESS] resolve files> Scanning C:\Users\chris\eclipse-workspace\smart-thermostat-matter\db\trap\java\classes\java\lang\invoke\VarHandleSegmentAsLongs.members...
[2026-07-15 20:42:57] [PROGRESS] resolve files> Scanning C:\Users\chris\eclipse-workspace\smart-thermostat-matter\db\trap\java\classes\java\lang\invoke\VarHandleSegmentAsShorts.members...
[2026-07-15 20:42:57] [PROGRESS] resolve files> Scanning C:\Users\chris\eclipse-workspace\smart-thermostat-matter\db\trap\java\classes\java\lang\invoke\VarHandleSegmentViewBase.members...
[2026-07-15 20:42:57] [PROGRESS] resolve files> Scanning C:\Users\chris\eclipse-workspace\smart-thermostat-matter\db\trap\java\classes\java\lang\invoke\VarHandleShorts$Array.members...
[2026-07-15 20:42:57] [PROGRESS] resolve files> Scanning C:\Users\chris\eclipse-workspace\smart-thermostat-matter\db\trap\java\classes\java\lang\invoke\VarHandleShorts$FieldInstanceReadOnly.members...
[2026-07-15 20:42:57] [PROGRESS] resolve files> Scanning C:\Users\chris\eclipse-workspace\smart-thermostat-matter\db\trap\java\classes\java\lang\invoke\VarHandleShorts$FieldInstanceReadWrite.members...
[2026-07-15 20:42:57] [PROGRESS] resolve files> Scanning C:\Users\chris\eclipse-workspace\smart-thermostat-matter\db\trap\java\classes\java\lang\invoke\VarHandleShorts$FieldStaticReadOnly.members...
[2026-07-15 20:42:57] [PROGRESS] resolve files> Scanning C:\Users\chris\eclipse-workspace\smart-thermostat-matter\db\trap\java\classes\java\lang\invoke\VarHandleShorts$FieldStaticReadWrite.members...
[2026-07-15 20:42:57] [PROGRESS] resolve files> Scanning C:\Users\chris\eclipse-workspace\smart-thermostat-matter\db\trap\java\classes\java\lang\invoke\VarHandleShorts.members...
[2026-07-15 20:42:57] [PROGRESS] resolve files> Scanning C:\Users\chris\eclipse-workspace\smart-thermostat-matter\db\trap\java\classes\java\lang\invoke\VolatileCallSite.members...
[2026-07-15 20:42:57] [PROGRESS] resolve files> Scanning C:\Users\chris\eclipse-workspace\smart-thermostat-matter\db\trap\java\classes\java\lang\invoke\WrongMethodTypeException.members...
[2026-07-15 20:42:57] [PROGRESS] resolve files> Scanning C:\Users\chris\eclipse-workspace\smart-thermostat-matter\db\trap\java\classes\java\lang\Iterable.members...
[2026-07-15 20:42:57] [PROGRESS] resolve files> Scanning C:\Users\chris\eclipse-workspace\smart-thermostat-matter\db\trap\java\classes\java\lang\LinkageError.members...
[2026-07-15 20:42:57] [PROGRESS] resolve files> Scanning C:\Users\chris\eclipse-workspace\smart-thermostat-matter\db\trap\java\classes\java\lang\Long.members...
[2026-07-15 20:42:57] [PROGRESS] resolve files> Scanning C:\Users\chris\eclipse-workspace\smart-thermostat-matter\db\trap\java\classes\java\lang\Math.members...
[2026-07-15 20:42:57] [PROGRESS] resolve files> Scanning C:\Users\chris\eclipse-workspace\smart-thermostat-matter\db\trap\java\classes\java\lang\module...
[2026-07-15 20:42:57] [PROGRESS] resolve files> Scanning C:\Users\chris\eclipse-workspace\smart-thermostat-matter\db\trap\java\classes\java\lang\module\Configuration.members...
[2026-07-15 20:42:57] [PROGRESS] resolve files> Scanning C:\Users\chris\eclipse-workspace\smart-thermostat-matter\db\trap\java\classes\java\lang\module\ModuleDescriptor$Builder.members...
[2026-07-15 20:42:57] [PROGRESS] resolve files> Scanning C:\Users\chris\eclipse-workspace\smart-thermostat-matter\db\trap\java\classes\java\lang\module\ModuleDescriptor$Exports$Modifier.members...
[2026-07-15 20:42:57] [PROGRESS] resolve files> Scanning C:\Users\chris\eclipse-workspace\smart-thermostat-matter\db\trap\java\classes\java\lang\module\ModuleDescriptor$Exports.members...
[2026-07-15 20:42:57] [PROGRESS] resolve files> Scanning C:\Users\chris\eclipse-workspace\smart-thermostat-matter\db\trap\java\classes\java\lang\module\ModuleDescriptor$Modifier.members...
[2026-07-15 20:42:57] [PROGRESS] resolve files> Scanning C:\Users\chris\eclipse-workspace\smart-thermostat-matter\db\trap\java\classes\java\lang\module\ModuleDescriptor$Opens$Modifier.members...
[2026-07-15 20:42:57] [PROGRESS] resolve files> Scanning C:\Users\chris\eclipse-workspace\smart-thermostat-matter\db\trap\java\classes\java\lang\module\ModuleDescriptor$Opens.members...
[2026-07-15 20:42:57] [PROGRESS] resolve files> Scanning C:\Users\chris\eclipse-workspace\smart-thermostat-matter\db\trap\java\classes\java\lang\module\ModuleDescriptor$Provides.members...
[2026-07-15 20:42:57] [PROGRESS] resolve files> Scanning C:\Users\chris\eclipse-workspace\smart-thermostat-matter\db\trap\java\classes\java\lang\module\ModuleDescriptor$Requires$Modifier.members...
[2026-07-15 20:42:57] [PROGRESS] resolve files> Scanning C:\Users\chris\eclipse-workspace\smart-thermostat-matter\db\trap\java\classes\java\lang\module\ModuleDescriptor$Requires.members...
[2026-07-15 20:42:57] [PROGRESS] resolve files> Scanning C:\Users\chris\eclipse-workspace\smart-thermostat-matter\db\trap\java\classes\java\lang\module\ModuleDescriptor$Version.members...
[2026-07-15 20:42:57] [PROGRESS] resolve files> Scanning C:\Users\chris\eclipse-workspace\smart-thermostat-matter\db\trap\java\classes\java\lang\module\ModuleDescriptor.members...
[2026-07-15 20:42:57] [PROGRESS] resolve files> Scanning C:\Users\chris\eclipse-workspace\smart-thermostat-matter\db\trap\java\classes\java\lang\module\ModuleFinder.members...
[2026-07-15 20:42:57] [PROGRESS] resolve files> Scanning C:\Users\chris\eclipse-workspace\smart-thermostat-matter\db\trap\java\classes\java\lang\module\ModuleReader.members...
[2026-07-15 20:42:57] [PROGRESS] resolve files> Scanning C:\Users\chris\eclipse-workspace\smart-thermostat-matter\db\trap\java\classes\java\lang\module\ModuleReference.members...
[2026-07-15 20:42:57] [PROGRESS] resolve files> Scanning C:\Users\chris\eclipse-workspace\smart-thermostat-matter\db\trap\java\classes\java\lang\module\ResolvedModule.members...
[2026-07-15 20:42:57] [PROGRESS] resolve files> Scanning C:\Users\chris\eclipse-workspace\smart-thermostat-matter\db\trap\java\classes\java\lang\Module.members...
[2026-07-15 20:42:57] [PROGRESS] resolve files> Scanning C:\Users\chris\eclipse-workspace\smart-thermostat-matter\db\trap\java\classes\java\lang\ModuleLayer$Controller.members...
[2026-07-15 20:42:57] [PROGRESS] resolve files> Scanning C:\Users\chris\eclipse-workspace\smart-thermostat-matter\db\trap\java\classes\java\lang\ModuleLayer.members...
[2026-07-15 20:42:57] [PROGRESS] resolve files> Scanning C:\Users\chris\eclipse-workspace\smart-thermostat-matter\db\trap\java\classes\java\lang\NamedPackage.members...
[2026-07-15 20:42:57] [PROGRESS] resolve files> Scanning C:\Users\chris\eclipse-workspace\smart-thermostat-matter\db\trap\java\classes\java\lang\NoSuchFieldException.members...
[2026-07-15 20:42:57] [PROGRESS] resolve files> Scanning C:\Users\chris\eclipse-workspace\smart-thermostat-matter\db\trap\java\classes\java\lang\NoSuchMethodException.members...
[2026-07-15 20:42:57] [PROGRESS] resolve files> Scanning C:\Users\chris\eclipse-workspace\smart-thermostat-matter\db\trap\java\classes\java\lang\Number.members...
[2026-07-15 20:42:57] [PROGRESS] resolve files> Scanning C:\Users\chris\eclipse-workspace\smart-thermostat-matter\db\trap\java\classes\java\lang\NumberFormatException.members...
[2026-07-15 20:42:57] [PROGRESS] resolve files> Scanning C:\Users\chris\eclipse-workspace\smart-thermostat-matter\db\trap\java\classes\java\lang\Object.members...
[2026-07-15 20:42:57] [PROGRESS] resolve files> Scanning C:\Users\chris\eclipse-workspace\smart-thermostat-matter\db\trap\java\classes\java\lang\Package.members...
[2026-07-15 20:42:57] [PROGRESS] resolve files> Scanning C:\Users\chris\eclipse-workspace\smart-thermostat-matter\db\trap\java\classes\java\lang\Process.members...
[2026-07-15 20:42:57] [PROGRESS] resolve files> Scanning C:\Users\chris\eclipse-workspace\smart-thermostat-matter\db\trap\java\classes\java\lang\ProcessHandle$Info.members...
[2026-07-15 20:42:57] [PROGRESS] resolve files> Scanning C:\Users\chris\eclipse-workspace\smart-thermostat-matter\db\trap\java\classes\java\lang\ProcessHandle.members...
[2026-07-15 20:42:57] [PROGRESS] resolve files> Scanning C:\Users\chris\eclipse-workspace\smart-thermostat-matter\db\trap\java\classes\java\lang\Readable.members...
[2026-07-15 20:42:57] [PROGRESS] resolve files> Scanning C:\Users\chris\eclipse-workspace\smart-thermostat-matter\db\trap\java\classes\java\lang\Record.members...
[2026-07-15 20:42:57] [PROGRESS] resolve files> Scanning C:\Users\chris\eclipse-workspace\smart-thermostat-matter\db\trap\java\classes\java\lang\ref...
[2026-07-15 20:42:57] [PROGRESS] resolve files> Scanning C:\Users\chris\eclipse-workspace\smart-thermostat-matter\db\trap\java\classes\java\lang\ref\Cleaner$Cleanable.members...
[2026-07-15 20:42:57] [PROGRESS] resolve files> Scanning C:\Users\chris\eclipse-workspace\smart-thermostat-matter\db\trap\java\classes\java\lang\ref\Cleaner.members...
[2026-07-15 20:42:57] [PROGRESS] resolve files> Scanning C:\Users\chris\eclipse-workspace\smart-thermostat-matter\db\trap\java\classes\java\lang\ref\Finalizer.members...
[2026-07-15 20:42:57] [PROGRESS] resolve files> Scanning C:\Users\chris\eclipse-workspace\smart-thermostat-matter\db\trap\java\classes\java\lang\ref\FinalReference.members...
[2026-07-15 20:42:57] [PROGRESS] resolve files> Scanning C:\Users\chris\eclipse-workspace\smart-thermostat-matter\db\trap\java\classes\java\lang\ref\PhantomReference.members...
[2026-07-15 20:42:57] [PROGRESS] resolve files> Scanning C:\Users\chris\eclipse-workspace\smart-thermostat-matter\db\trap\java\classes\java\lang\ref\Reference.members...
[2026-07-15 20:42:57] [PROGRESS] resolve files> Scanning C:\Users\chris\eclipse-workspace\smart-thermostat-matter\db\trap\java\classes\java\lang\ref\ReferenceQueue.members...
[2026-07-15 20:42:57] [PROGRESS] resolve files> Scanning C:\Users\chris\eclipse-workspace\smart-thermostat-matter\db\trap\java\classes\java\lang\ref\SoftReference.members...
[2026-07-15 20:42:57] [PROGRESS] resolve files> Scanning C:\Users\chris\eclipse-workspace\smart-thermostat-matter\db\trap\java\classes\java\lang\ref\WeakReference.members...
[2026-07-15 20:42:57] [PROGRESS] resolve files> Scanning C:\Users\chris\eclipse-workspace\smart-thermostat-matter\db\trap\java\classes\java\lang\reflect...
[2026-07-15 20:42:57] [PROGRESS] resolve files> Scanning C:\Users\chris\eclipse-workspace\smart-thermostat-matter\db\trap\java\classes\java\lang\reflect\AccessFlag$Location.members...
[2026-07-15 20:42:57] [PROGRESS] resolve files> Scanning C:\Users\chris\eclipse-workspace\smart-thermostat-matter\db\trap\java\classes\java\lang\reflect\AccessFlag.members...
[2026-07-15 20:42:57] [PROGRESS] resolve files> Scanning C:\Users\chris\eclipse-workspace\smart-thermostat-matter\db\trap\java\classes\java\lang\reflect\AccessibleObject.members...
[2026-07-15 20:42:57] [PROGRESS] resolve files> Scanning C:\Users\chris\eclipse-workspace\smart-thermostat-matter\db\trap\java\classes\java\lang\reflect\AnnotatedElement.members...
[2026-07-15 20:42:57] [PROGRESS] resolve files> Scanning C:\Users\chris\eclipse-workspace\smart-thermostat-matter\db\trap\java\classes\java\lang\reflect\AnnotatedType.members...
[2026-07-15 20:42:57] [PROGRESS] resolve files> Scanning C:\Users\chris\eclipse-workspace\smart-thermostat-matter\db\trap\java\classes\java\lang\reflect\ClassFileFormatVersion.members...
[2026-07-15 20:42:57] [PROGRESS] resolve files> Scanning C:\Users\chris\eclipse-workspace\smart-thermostat-matter\db\trap\java\classes\java\lang\reflect\Constructor.members...
[2026-07-15 20:42:57] [PROGRESS] resolve files> Scanning C:\Users\chris\eclipse-workspace\smart-thermostat-matter\db\trap\java\classes\java\lang\reflect\Executable.members...
[2026-07-15 20:42:57] [PROGRESS] resolve files> Scanning C:\Users\chris\eclipse-workspace\smart-thermostat-matter\db\trap\java\classes\java\lang\reflect\Field.members...
[2026-07-15 20:42:57] [PROGRESS] resolve files> Scanning C:\Users\chris\eclipse-workspace\smart-thermostat-matter\db\trap\java\classes\java\lang\reflect\GenericDeclaration.members...
[2026-07-15 20:42:57] [PROGRESS] resolve files> Scanning C:\Users\chris\eclipse-workspace\smart-thermostat-matter\db\trap\java\classes\java\lang\reflect\InvocationTargetException.members...
[2026-07-15 20:42:57] [PROGRESS] resolve files> Scanning C:\Users\chris\eclipse-workspace\smart-thermostat-matter\db\trap\java\classes\java\lang\reflect\Member.members...
[2026-07-15 20:42:57] [PROGRESS] resolve files> Scanning C:\Users\chris\eclipse-workspace\smart-thermostat-matter\db\trap\java\classes\java\lang\reflect\Method.members...
[2026-07-15 20:42:57] [PROGRESS] resolve files> Scanning C:\Users\chris\eclipse-workspace\smart-thermostat-matter\db\trap\java\classes\java\lang\reflect\Parameter.members...
[2026-07-15 20:42:57] [PROGRESS] resolve files> Scanning C:\Users\chris\eclipse-workspace\smart-thermostat-matter\db\trap\java\classes\java\lang\reflect\ParameterizedType.members...
[2026-07-15 20:42:57] [PROGRESS] resolve files> Scanning C:\Users\chris\eclipse-workspace\smart-thermostat-matter\db\trap\java\classes\java\lang\reflect\RecordComponent.members...
[2026-07-15 20:42:57] [PROGRESS] resolve files> Scanning C:\Users\chris\eclipse-workspace\smart-thermostat-matter\db\trap\java\classes\java\lang\reflect\Type.members...
[2026-07-15 20:42:57] [PROGRESS] resolve files> Scanning C:\Users\chris\eclipse-workspace\smart-thermostat-matter\db\trap\java\classes\java\lang\reflect\TypeVariable.members...
[2026-07-15 20:42:57] [PROGRESS] resolve files> Scanning C:\Users\chris\eclipse-workspace\smart-thermostat-matter\db\trap\java\classes\java\lang\reflect\WildcardType.members...
[2026-07-15 20:42:57] [PROGRESS] resolve files> Scanning C:\Users\chris\eclipse-workspace\smart-thermostat-matter\db\trap\java\classes\java\lang\ReflectiveOperationException.members...
[2026-07-15 20:42:57] [PROGRESS] resolve files> Scanning C:\Users\chris\eclipse-workspace\smart-thermostat-matter\db\trap\java\classes\java\lang\Runnable.members...
[2026-07-15 20:42:57] [PROGRESS] resolve files> Scanning C:\Users\chris\eclipse-workspace\smart-thermostat-matter\db\trap\java\classes\java\lang\Runtime$Version.members...
[2026-07-15 20:42:57] [PROGRESS] resolve files> Scanning C:\Users\chris\eclipse-workspace\smart-thermostat-matter\db\trap\java\classes\java\lang\Runtime.members...
[2026-07-15 20:42:57] [PROGRESS] resolve files> Scanning C:\Users\chris\eclipse-workspace\smart-thermostat-matter\db\trap\java\classes\java\lang\RuntimeException.members...
[2026-07-15 20:42:57] [PROGRESS] resolve files> Scanning C:\Users\chris\eclipse-workspace\smart-thermostat-matter\db\trap\java\classes\java\lang\RuntimePermission.members...
[2026-07-15 20:42:57] [PROGRESS] resolve files> Scanning C:\Users\chris\eclipse-workspace\smart-thermostat-matter\db\trap\java\classes\java\lang\SafeVarargs.members...
[2026-07-15 20:42:57] [PROGRESS] resolve files> Scanning C:\Users\chris\eclipse-workspace\smart-thermostat-matter\db\trap\java\classes\java\lang\SecurityException.members...
[2026-07-15 20:42:57] [PROGRESS] resolve files> Scanning C:\Users\chris\eclipse-workspace\smart-thermostat-matter\db\trap\java\classes\java\lang\SecurityManager.members...
[2026-07-15 20:42:57] [PROGRESS] resolve files> Scanning C:\Users\chris\eclipse-workspace\smart-thermostat-matter\db\trap\java\classes\java\lang\StackFrameInfo.members...
[2026-07-15 20:42:57] [PROGRESS] resolve files> Scanning C:\Users\chris\eclipse-workspace\smart-thermostat-matter\db\trap\java\classes\java\lang\StackTraceElement.members...
[2026-07-15 20:42:57] [PROGRESS] resolve files> Scanning C:\Users\chris\eclipse-workspace\smart-thermostat-matter\db\trap\java\classes\java\lang\StackWalker$ExtendedOption.members...
[2026-07-15 20:42:57] [PROGRESS] resolve files> Scanning C:\Users\chris\eclipse-workspace\smart-thermostat-matter\db\trap\java\classes\java\lang\StackWalker$Option.members...
[2026-07-15 20:42:57] [PROGRESS] resolve files> Scanning C:\Users\chris\eclipse-workspace\smart-thermostat-matter\db\trap\java\classes\java\lang\StackWalker$StackFrame.members...
[2026-07-15 20:42:57] [PROGRESS] resolve files> Scanning C:\Users\chris\eclipse-workspace\smart-thermostat-matter\db\trap\java\classes\java\lang\StackWalker.members...
[2026-07-15 20:42:57] [PROGRESS] resolve files> Scanning C:\Users\chris\eclipse-workspace\smart-thermostat-matter\db\trap\java\classes\java\lang\String.members...
[2026-07-15 20:42:57] [PROGRESS] resolve files> Scanning C:\Users\chris\eclipse-workspace\smart-thermostat-matter\db\trap\java\classes\java\lang\StringBuffer.members...
[2026-07-15 20:42:57] [PROGRESS] resolve files> Scanning C:\Users\chris\eclipse-workspace\smart-thermostat-matter\db\trap\java\classes\java\lang\StringBuilder.members...
[2026-07-15 20:42:57] [PROGRESS] resolve files> Scanning C:\Users\chris\eclipse-workspace\smart-thermostat-matter\db\trap\java\classes\java\lang\System$Logger$Level.members...
[2026-07-15 20:42:57] [PROGRESS] resolve files> Scanning C:\Users\chris\eclipse-workspace\smart-thermostat-matter\db\trap\java\classes\java\lang\System$Logger.members...
[2026-07-15 20:42:57] [PROGRESS] resolve files> Scanning C:\Users\chris\eclipse-workspace\smart-thermostat-matter\db\trap\java\classes\java\lang\System.members...
[2026-07-15 20:42:57] [PROGRESS] resolve files> Scanning C:\Users\chris\eclipse-workspace\smart-thermostat-matter\db\trap\java\classes\java\lang\Thread$Builder$OfPlatform.members...
[2026-07-15 20:42:57] [PROGRESS] resolve files> Scanning C:\Users\chris\eclipse-workspace\smart-thermostat-matter\db\trap\java\classes\java\lang\Thread$Builder$OfVirtual.members...
[2026-07-15 20:42:57] [PROGRESS] resolve files> Scanning C:\Users\chris\eclipse-workspace\smart-thermostat-matter\db\trap\java\classes\java\lang\Thread$Builder.members...
[2026-07-15 20:42:57] [PROGRESS] resolve files> Scanning C:\Users\chris\eclipse-workspace\smart-thermostat-matter\db\trap\java\classes\java\lang\Thread$State.members...
[2026-07-15 20:42:57] [PROGRESS] resolve files> Scanning C:\Users\chris\eclipse-workspace\smart-thermostat-matter\db\trap\java\classes\java\lang\Thread$UncaughtExceptionHandler.members...
[2026-07-15 20:42:57] [PROGRESS] resolve files> Scanning C:\Users\chris\eclipse-workspace\smart-thermostat-matter\db\trap\java\classes\java\lang\Thread.members...
[2026-07-15 20:42:57] [PROGRESS] resolve files> Scanning C:\Users\chris\eclipse-workspace\smart-thermostat-matter\db\trap\java\classes\java\lang\ThreadBuilders$BaseThreadBuilder.members...
[2026-07-15 20:42:57] [PROGRESS] resolve files> Scanning C:\Users\chris\eclipse-workspace\smart-thermostat-matter\db\trap\java\classes\java\lang\ThreadBuilders$PlatformThreadBuilder.members...
[2026-07-15 20:42:57] [PROGRESS] resolve files> Scanning C:\Users\chris\eclipse-workspace\smart-thermostat-matter\db\trap\java\classes\java\lang\ThreadBuilders$VirtualThreadBuilder.members...
[2026-07-15 20:42:57] [PROGRESS] resolve files> Scanning C:\Users\chris\eclipse-workspace\smart-thermostat-matter\db\trap\java\classes\java\lang\ThreadBuilders.members...
[2026-07-15 20:42:57] [PROGRESS] resolve files> Scanning C:\Users\chris\eclipse-workspace\smart-thermostat-matter\db\trap\java\classes\java\lang\ThreadGroup.members...
[2026-07-15 20:42:57] [PROGRESS] resolve files> Scanning C:\Users\chris\eclipse-workspace\smart-thermostat-matter\db\trap\java\classes\java\lang\ThreadLocal$ThreadLocalMap.members...
[2026-07-15 20:42:57] [PROGRESS] resolve files> Scanning C:\Users\chris\eclipse-workspace\smart-thermostat-matter\db\trap\java\classes\java\lang\ThreadLocal.members...
[2026-07-15 20:42:57] [PROGRESS] resolve files> Scanning C:\Users\chris\eclipse-workspace\smart-thermostat-matter\db\trap\java\classes\java\lang\Throwable.members...
[2026-07-15 20:42:57] [PROGRESS] resolve files> Scanning C:\Users\chris\eclipse-workspace\smart-thermostat-matter\db\trap\java\classes\java\lang\TypeNotPresentException.members...
[2026-07-15 20:42:57] [PROGRESS] resolve files> Scanning C:\Users\chris\eclipse-workspace\smart-thermostat-matter\db\trap\java\classes\java\lang\UnsupportedOperationException.members...
[2026-07-15 20:42:57] [PROGRESS] resolve files> Scanning C:\Users\chris\eclipse-workspace\smart-thermostat-matter\db\trap\java\classes\java\lang\VirtualMachineError.members...
[2026-07-15 20:42:57] [PROGRESS] resolve files> Scanning C:\Users\chris\eclipse-workspace\smart-thermostat-matter\db\trap\java\classes\java\lang\Void.members...
[2026-07-15 20:42:57] [PROGRESS] resolve files> Scanning C:\Users\chris\eclipse-workspace\smart-thermostat-matter\db\trap\java\classes\java\lang\WrongThreadException.members...
[2026-07-15 20:42:57] [PROGRESS] resolve files> Scanning C:\Users\chris\eclipse-workspace\smart-thermostat-matter\db\trap\java\classes\java\math...
[2026-07-15 20:42:57] [PROGRESS] resolve files> Scanning C:\Users\chris\eclipse-workspace\smart-thermostat-matter\db\trap\java\classes\java\math\BigDecimal.members...
[2026-07-15 20:42:57] [PROGRESS] resolve files> Scanning C:\Users\chris\eclipse-workspace\smart-thermostat-matter\db\trap\java\classes\java\math\BigInteger.members...
[2026-07-15 20:42:57] [PROGRESS] resolve files> Scanning C:\Users\chris\eclipse-workspace\smart-thermostat-matter\db\trap\java\classes\java\math\MathContext.members...
[2026-07-15 20:42:57] [PROGRESS] resolve files> Scanning C:\Users\chris\eclipse-workspace\smart-thermostat-matter\db\trap\java\classes\java\math\RoundingMode.members...
[2026-07-15 20:42:57] [PROGRESS] resolve files> Scanning C:\Users\chris\eclipse-workspace\smart-thermostat-matter\db\trap\java\classes\java\net...
[2026-07-15 20:42:57] [PROGRESS] resolve files> Scanning C:\Users\chris\eclipse-workspace\smart-thermostat-matter\db\trap\java\classes\java\net\ContentHandler.members...
[2026-07-15 20:42:57] [PROGRESS] resolve files> Scanning C:\Users\chris\eclipse-workspace\smart-thermostat-matter\db\trap\java\classes\java\net\ContentHandlerFactory.members...
[2026-07-15 20:42:57] [PROGRESS] resolve files> Scanning C:\Users\chris\eclipse-workspace\smart-thermostat-matter\db\trap\java\classes\java\net\DatagramPacket.members...
[2026-07-15 20:42:57] [PROGRESS] resolve files> Scanning C:\Users\chris\eclipse-workspace\smart-thermostat-matter\db\trap\java\classes\java\net\DatagramSocket.members...
[2026-07-15 20:42:57] [PROGRESS] resolve files> Scanning C:\Users\chris\eclipse-workspace\smart-thermostat-matter\db\trap\java\classes\java\net\DatagramSocketImpl.members...
[2026-07-15 20:42:57] [PROGRESS] resolve files> Scanning C:\Users\chris\eclipse-workspace\smart-thermostat-matter\db\trap\java\classes\java\net\DatagramSocketImplFactory.members...
[2026-07-15 20:42:57] [PROGRESS] resolve files> Scanning C:\Users\chris\eclipse-workspace\smart-thermostat-matter\db\trap\java\classes\java\net\FileNameMap.members...
[2026-07-15 20:42:57] [PROGRESS] resolve files> Scanning C:\Users\chris\eclipse-workspace\smart-thermostat-matter\db\trap\java\classes\java\net\Inet4Address.members...
[2026-07-15 20:42:57] [PROGRESS] resolve files> Scanning C:\Users\chris\eclipse-workspace\smart-thermostat-matter\db\trap\java\classes\java\net\Inet4AddressImpl.members...
[2026-07-15 20:42:57] [PROGRESS] resolve files> Scanning C:\Users\chris\eclipse-workspace\smart-thermostat-matter\db\trap\java\classes\java\net\Inet6Address.members...
[2026-07-15 20:42:57] [PROGRESS] resolve files> Scanning C:\Users\chris\eclipse-workspace\smart-thermostat-matter\db\trap\java\classes\java\net\Inet6AddressImpl.members...
[2026-07-15 20:42:57] [PROGRESS] resolve files> Scanning C:\Users\chris\eclipse-workspace\smart-thermostat-matter\db\trap\java\classes\java\net\InetAddress$InetAddressHolder.members...
[2026-07-15 20:42:57] [PROGRESS] resolve files> Scanning C:\Users\chris\eclipse-workspace\smart-thermostat-matter\db\trap\java\classes\java\net\InetAddress.members...
[2026-07-15 20:42:57] [PROGRESS] resolve files> Scanning C:\Users\chris\eclipse-workspace\smart-thermostat-matter\db\trap\java\classes\java\net\InetAddressImpl.members...
[2026-07-15 20:42:57] [PROGRESS] resolve files> Scanning C:\Users\chris\eclipse-workspace\smart-thermostat-matter\db\trap\java\classes\java\net\InterfaceAddress.members...
[2026-07-15 20:42:57] [PROGRESS] resolve files> Scanning C:\Users\chris\eclipse-workspace\smart-thermostat-matter\db\trap\java\classes\java\net\MalformedURLException.members...
[2026-07-15 20:42:57] [PROGRESS] resolve files> Scanning C:\Users\chris\eclipse-workspace\smart-thermostat-matter\db\trap\java\classes\java\net\NetworkInterface.members...
[2026-07-15 20:42:57] [PROGRESS] resolve files> Scanning C:\Users\chris\eclipse-workspace\smart-thermostat-matter\db\trap\java\classes\java\net\ProtocolFamily.members...
[2026-07-15 20:42:57] [PROGRESS] resolve files> Scanning C:\Users\chris\eclipse-workspace\smart-thermostat-matter\db\trap\java\classes\java\net\Proxy$Type.members...
[2026-07-15 20:42:57] [PROGRESS] resolve files> Scanning C:\Users\chris\eclipse-workspace\smart-thermostat-matter\db\trap\java\classes\java\net\Proxy.members...
[2026-07-15 20:42:57] [PROGRESS] resolve files> Scanning C:\Users\chris\eclipse-workspace\smart-thermostat-matter\db\trap\java\classes\java\net\ServerSocket.members...
[2026-07-15 20:42:57] [PROGRESS] resolve files> Scanning C:\Users\chris\eclipse-workspace\smart-thermostat-matter\db\trap\java\classes\java\net\Socket.members...
[2026-07-15 20:42:57] [PROGRESS] resolve files> Scanning C:\Users\chris\eclipse-workspace\smart-thermostat-matter\db\trap\java\classes\java\net\SocketAddress.members...
[2026-07-15 20:42:57] [PROGRESS] resolve files> Scanning C:\Users\chris\eclipse-workspace\smart-thermostat-matter\db\trap\java\classes\java\net\SocketException.members...
[2026-07-15 20:42:57] [PROGRESS] resolve files> Scanning C:\Users\chris\eclipse-workspace\smart-thermostat-matter\db\trap\java\classes\java\net\SocketImpl.members...
[2026-07-15 20:42:57] [PROGRESS] resolve files> Scanning C:\Users\chris\eclipse-workspace\smart-thermostat-matter\db\trap\java\classes\java\net\SocketImplFactory.members...
[2026-07-15 20:42:57] [PROGRESS] resolve files> Scanning C:\Users\chris\eclipse-workspace\smart-thermostat-matter\db\trap\java\classes\java\net\SocketOption.members...
[2026-07-15 20:42:57] [PROGRESS] resolve files> Scanning C:\Users\chris\eclipse-workspace\smart-thermostat-matter\db\trap\java\classes\java\net\SocketOptions.members...
[2026-07-15 20:42:57] [PROGRESS] resolve files> Scanning C:\Users\chris\eclipse-workspace\smart-thermostat-matter\db\trap\java\classes\java\net\spi...
[2026-07-15 20:42:57] [PROGRESS] resolve files> Scanning C:\Users\chris\eclipse-workspace\smart-thermostat-matter\db\trap\java\classes\java\net\spi\InetAddressResolver$LookupPolicy.members...
[2026-07-15 20:42:57] [PROGRESS] resolve files> Scanning C:\Users\chris\eclipse-workspace\smart-thermostat-matter\db\trap\java\classes\java\net\spi\InetAddressResolver.members...
[2026-07-15 20:42:57] [PROGRESS] resolve files> Scanning C:\Users\chris\eclipse-workspace\smart-thermostat-matter\db\trap\java\classes\java\net\UnknownHostException.members...
[2026-07-15 20:42:57] [PROGRESS] resolve files> Scanning C:\Users\chris\eclipse-workspace\smart-thermostat-matter\db\trap\java\classes\java\net\URI.members...
[2026-07-15 20:42:57] [PROGRESS] resolve files> Scanning C:\Users\chris\eclipse-workspace\smart-thermostat-matter\db\trap\java\classes\java\net\URISyntaxException.members...
[2026-07-15 20:42:57] [PROGRESS] resolve files> Scanning C:\Users\chris\eclipse-workspace\smart-thermostat-matter\db\trap\java\classes\java\net\URL.members...
[2026-07-15 20:42:57] [PROGRESS] resolve files> Scanning C:\Users\chris\eclipse-workspace\smart-thermostat-matter\db\trap\java\classes\java\net\URLConnection.members...
[2026-07-15 20:42:57] [PROGRESS] resolve files> Scanning C:\Users\chris\eclipse-workspace\smart-thermostat-matter\db\trap\java\classes\java\net\URLStreamHandler.members...
[2026-07-15 20:42:57] [PROGRESS] resolve files> Scanning C:\Users\chris\eclipse-workspace\smart-thermostat-matter\db\trap\java\classes\java\net\URLStreamHandlerFactory.members...
[2026-07-15 20:42:57] [PROGRESS] resolve files> Scanning C:\Users\chris\eclipse-workspace\smart-thermostat-matter\db\trap\java\classes\java\nio...
[2026-07-15 20:42:57] [PROGRESS] resolve files> Scanning C:\Users\chris\eclipse-workspace\smart-thermostat-matter\db\trap\java\classes\java\nio\Buffer.members...
[2026-07-15 20:42:57] [PROGRESS] resolve files> Scanning C:\Users\chris\eclipse-workspace\smart-thermostat-matter\db\trap\java\classes\java\nio\ByteBuffer.members...
[2026-07-15 20:42:57] [PROGRESS] resolve files> Scanning C:\Users\chris\eclipse-workspace\smart-thermostat-matter\db\trap\java\classes\java\nio\ByteBufferAsCharBufferB.members...
[2026-07-15 20:42:57] [PROGRESS] resolve files> Scanning C:\Users\chris\eclipse-workspace\smart-thermostat-matter\db\trap\java\classes\java\nio\ByteBufferAsCharBufferL.members...
[2026-07-15 20:42:57] [PROGRESS] resolve files> Scanning C:\Users\chris\eclipse-workspace\smart-thermostat-matter\db\trap\java\classes\java\nio\ByteBufferAsCharBufferRB.members...
[2026-07-15 20:42:57] [PROGRESS] resolve files> Scanning C:\Users\chris\eclipse-workspace\smart-thermostat-matter\db\trap\java\classes\java\nio\ByteBufferAsCharBufferRL.members...
[2026-07-15 20:42:57] [PROGRESS] resolve files> Scanning C:\Users\chris\eclipse-workspace\smart-thermostat-matter\db\trap\java\classes\java\nio\ByteBufferAsDoubleBufferB.members...
[2026-07-15 20:42:57] [PROGRESS] resolve files> Scanning C:\Users\chris\eclipse-workspace\smart-thermostat-matter\db\trap\java\classes\java\nio\ByteBufferAsDoubleBufferL.members...
[2026-07-15 20:42:57] [PROGRESS] resolve files> Scanning C:\Users\chris\eclipse-workspace\smart-thermostat-matter\db\trap\java\classes\java\nio\ByteBufferAsDoubleBufferRB.members...
[2026-07-15 20:42:57] [PROGRESS] resolve files> Scanning C:\Users\chris\eclipse-workspace\smart-thermostat-matter\db\trap\java\classes\java\nio\ByteBufferAsDoubleBufferRL.members...
[2026-07-15 20:42:57] [PROGRESS] resolve files> Scanning C:\Users\chris\eclipse-workspace\smart-thermostat-matter\db\trap\java\classes\java\nio\ByteBufferAsFloatBufferB.members...
[2026-07-15 20:42:57] [PROGRESS] resolve files> Scanning C:\Users\chris\eclipse-workspace\smart-thermostat-matter\db\trap\java\classes\java\nio\ByteBufferAsFloatBufferL.members...
[2026-07-15 20:42:57] [PROGRESS] resolve files> Scanning C:\Users\chris\eclipse-workspace\smart-thermostat-matter\db\trap\java\classes\java\nio\ByteBufferAsFloatBufferRB.members...
[2026-07-15 20:42:57] [PROGRESS] resolve files> Scanning C:\Users\chris\eclipse-workspace\smart-thermostat-matter\db\trap\java\classes\java\nio\ByteBufferAsFloatBufferRL.members...
[2026-07-15 20:42:57] [PROGRESS] resolve files> Scanning C:\Users\chris\eclipse-workspace\smart-thermostat-matter\db\trap\java\classes\java\nio\ByteBufferAsIntBufferB.members...
[2026-07-15 20:42:57] [PROGRESS] resolve files> Scanning C:\Users\chris\eclipse-workspace\smart-thermostat-matter\db\trap\java\classes\java\nio\ByteBufferAsIntBufferL.members...
[2026-07-15 20:42:57] [PROGRESS] resolve files> Scanning C:\Users\chris\eclipse-workspace\smart-thermostat-matter\db\trap\java\classes\java\nio\ByteBufferAsIntBufferRB.members...
[2026-07-15 20:42:57] [PROGRESS] resolve files> Scanning C:\Users\chris\eclipse-workspace\smart-thermostat-matter\db\trap\java\classes\java\nio\ByteBufferAsIntBufferRL.members...
[2026-07-15 20:42:57] [PROGRESS] resolve files> Scanning C:\Users\chris\eclipse-workspace\smart-thermostat-matter\db\trap\java\classes\java\nio\ByteBufferAsLongBufferB.members...
[2026-07-15 20:42:57] [PROGRESS] resolve files> Scanning C:\Users\chris\eclipse-workspace\smart-thermostat-matter\db\trap\java\classes\java\nio\ByteBufferAsLongBufferL.members...
[2026-07-15 20:42:57] [PROGRESS] resolve files> Scanning C:\Users\chris\eclipse-workspace\smart-thermostat-matter\db\trap\java\classes\java\nio\ByteBufferAsLongBufferRB.members...
[2026-07-15 20:42:57] [PROGRESS] resolve files> Scanning C:\Users\chris\eclipse-workspace\smart-thermostat-matter\db\trap\java\classes\java\nio\ByteBufferAsLongBufferRL.members...
[2026-07-15 20:42:57] [PROGRESS] resolve files> Scanning C:\Users\chris\eclipse-workspace\smart-thermostat-matter\db\trap\java\classes\java\nio\ByteBufferAsShortBufferB.members...
[2026-07-15 20:42:57] [PROGRESS] resolve files> Scanning C:\Users\chris\eclipse-workspace\smart-thermostat-matter\db\trap\java\classes\java\nio\ByteBufferAsShortBufferL.members...
[2026-07-15 20:42:57] [PROGRESS] resolve files> Scanning C:\Users\chris\eclipse-workspace\smart-thermostat-matter\db\trap\java\classes\java\nio\ByteBufferAsShortBufferRB.members...
[2026-07-15 20:42:57] [PROGRESS] resolve files> Scanning C:\Users\chris\eclipse-workspace\smart-thermostat-matter\db\trap\java\classes\java\nio\ByteBufferAsShortBufferRL.members...
[2026-07-15 20:42:57] [PROGRESS] resolve files> Scanning C:\Users\chris\eclipse-workspace\smart-thermostat-matter\db\trap\java\classes\java\nio\ByteOrder.members...
[2026-07-15 20:42:57] [PROGRESS] resolve files> Scanning C:\Users\chris\eclipse-workspace\smart-thermostat-matter\db\trap\java\classes\java\nio\channels...
[2026-07-15 20:42:57] [PROGRESS] resolve files> Scanning C:\Users\chris\eclipse-workspace\smart-thermostat-matter\db\trap\java\classes\java\nio\channels\AsynchronousChannel.members...
[2026-07-15 20:42:57] [PROGRESS] resolve files> Scanning C:\Users\chris\eclipse-workspace\smart-thermostat-matter\db\trap\java\classes\java\nio\channels\AsynchronousCloseException.members...
[2026-07-15 20:42:57] [PROGRESS] resolve files> Scanning C:\Users\chris\eclipse-workspace\smart-thermostat-matter\db\trap\java\classes\java\nio\channels\AsynchronousFileChannel.members...
[2026-07-15 20:42:57] [PROGRESS] resolve files> Scanning C:\Users\chris\eclipse-workspace\smart-thermostat-matter\db\trap\java\classes\java\nio\channels\ByteChannel.members...
[2026-07-15 20:42:57] [PROGRESS] resolve files> Scanning C:\Users\chris\eclipse-workspace\smart-thermostat-matter\db\trap\java\classes\java\nio\channels\Channel.members...
[2026-07-15 20:42:57] [PROGRESS] resolve files> Scanning C:\Users\chris\eclipse-workspace\smart-thermostat-matter\db\trap\java\classes\java\nio\channels\ClosedChannelException.members...
[2026-07-15 20:42:57] [PROGRESS] resolve files> Scanning C:\Users\chris\eclipse-workspace\smart-thermostat-matter\db\trap\java\classes\java\nio\channels\CompletionHandler.members...
[2026-07-15 20:42:57] [PROGRESS] resolve files> Scanning C:\Users\chris\eclipse-workspace\smart-thermostat-matter\db\trap\java\classes\java\nio\channels\DatagramChannel.members...
[2026-07-15 20:42:57] [PROGRESS] resolve files> Scanning C:\Users\chris\eclipse-workspace\smart-thermostat-matter\db\trap\java\classes\java\nio\channels\FileChannel$MapMode.members...
[2026-07-15 20:42:57] [PROGRESS] resolve files> Scanning C:\Users\chris\eclipse-workspace\smart-thermostat-matter\db\trap\java\classes\java\nio\channels\FileChannel.members...
[2026-07-15 20:42:57] [PROGRESS] resolve files> Scanning C:\Users\chris\eclipse-workspace\smart-thermostat-matter\db\trap\java\classes\java\nio\channels\FileLock.members...
[2026-07-15 20:42:57] [PROGRESS] resolve files> Scanning C:\Users\chris\eclipse-workspace\smart-thermostat-matter\db\trap\java\classes\java\nio\channels\GatheringByteChannel.members...
[2026-07-15 20:42:57] [PROGRESS] resolve files> Scanning C:\Users\chris\eclipse-workspace\smart-thermostat-matter\db\trap\java\classes\java\nio\channels\InterruptibleChannel.members...
[2026-07-15 20:42:57] [PROGRESS] resolve files> Scanning C:\Users\chris\eclipse-workspace\smart-thermostat-matter\db\trap\java\classes\java\nio\channels\MembershipKey.members...
[2026-07-15 20:42:57] [PROGRESS] resolve files> Scanning C:\Users\chris\eclipse-workspace\smart-thermostat-matter\db\trap\java\classes\java\nio\channels\MulticastChannel.members...
[2026-07-15 20:42:57] [PROGRESS] resolve files> Scanning C:\Users\chris\eclipse-workspace\smart-thermostat-matter\db\trap\java\classes\java\nio\channels\NetworkChannel.members...
[2026-07-15 20:42:57] [PROGRESS] resolve files> Scanning C:\Users\chris\eclipse-workspace\smart-thermostat-matter\db\trap\java\classes\java\nio\channels\Pipe$SinkChannel.members...
[2026-07-15 20:42:57] [PROGRESS] resolve files> Scanning C:\Users\chris\eclipse-workspace\smart-thermostat-matter\db\trap\java\classes\java\nio\channels\Pipe$SourceChannel.members...
[2026-07-15 20:42:57] [PROGRESS] resolve files> Scanning C:\Users\chris\eclipse-workspace\smart-thermostat-matter\db\trap\java\classes\java\nio\channels\Pipe.members...
[2026-07-15 20:42:57] [PROGRESS] resolve files> Scanning C:\Users\chris\eclipse-workspace\smart-thermostat-matter\db\trap\java\classes\java\nio\channels\ReadableByteChannel.members...
[2026-07-15 20:42:57] [PROGRESS] resolve files> Scanning C:\Users\chris\eclipse-workspace\smart-thermostat-matter\db\trap\java\classes\java\nio\channels\ScatteringByteChannel.members...
[2026-07-15 20:42:57] [PROGRESS] resolve files> Scanning C:\Users\chris\eclipse-workspace\smart-thermostat-matter\db\trap\java\classes\java\nio\channels\SeekableByteChannel.members...
[2026-07-15 20:42:57] [PROGRESS] resolve files> Scanning C:\Users\chris\eclipse-workspace\smart-thermostat-matter\db\trap\java\classes\java\nio\channels\SelectableChannel.members...
[2026-07-15 20:42:57] [PROGRESS] resolve files> Scanning C:\Users\chris\eclipse-workspace\smart-thermostat-matter\db\trap\java\classes\java\nio\channels\SelectionKey.members...
[2026-07-15 20:42:57] [PROGRESS] resolve files> Scanning C:\Users\chris\eclipse-workspace\smart-thermostat-matter\db\trap\java\classes\java\nio\channels\Selector.members...
[2026-07-15 20:42:57] [PROGRESS] resolve files> Scanning C:\Users\chris\eclipse-workspace\smart-thermostat-matter\db\trap\java\classes\java\nio\channels\ServerSocketChannel.members...
[2026-07-15 20:42:57] [PROGRESS] resolve files> Scanning C:\Users\chris\eclipse-workspace\smart-thermostat-matter\db\trap\java\classes\java\nio\channels\SocketChannel.members...
[2026-07-15 20:42:57] [PROGRESS] resolve files> Scanning C:\Users\chris\eclipse-workspace\smart-thermostat-matter\db\trap\java\classes\java\nio\channels\spi...
[2026-07-15 20:42:57] [PROGRESS] resolve files> Scanning C:\Users\chris\eclipse-workspace\smart-thermostat-matter\db\trap\java\classes\java\nio\channels\spi\AbstractInterruptibleChannel.members...
[2026-07-15 20:42:57] [PROGRESS] resolve files> Scanning C:\Users\chris\eclipse-workspace\smart-thermostat-matter\db\trap\java\classes\java\nio\channels\spi\AbstractSelectableChannel.members...
[2026-07-15 20:42:57] [PROGRESS] resolve files> Scanning C:\Users\chris\eclipse-workspace\smart-thermostat-matter\db\trap\java\classes\java\nio\channels\spi\AbstractSelectionKey.members...
[2026-07-15 20:42:57] [PROGRESS] resolve files> Scanning C:\Users\chris\eclipse-workspace\smart-thermostat-matter\db\trap\java\classes\java\nio\channels\spi\AbstractSelector.members...
[2026-07-15 20:42:57] [PROGRESS] resolve files> Scanning C:\Users\chris\eclipse-workspace\smart-thermostat-matter\db\trap\java\classes\java\nio\channels\spi\SelectorProvider.members...
[2026-07-15 20:42:57] [PROGRESS] resolve files> Scanning C:\Users\chris\eclipse-workspace\smart-thermostat-matter\db\trap\java\classes\java\nio\channels\WritableByteChannel.members...
[2026-07-15 20:42:57] [PROGRESS] resolve files> Scanning C:\Users\chris\eclipse-workspace\smart-thermostat-matter\db\trap\java\classes\java\nio\CharBuffer.members...
[2026-07-15 20:42:57] [PROGRESS] resolve files> Scanning C:\Users\chris\eclipse-workspace\smart-thermostat-matter\db\trap\java\classes\java\nio\charset...
[2026-07-15 20:42:57] [PROGRESS] resolve files> Scanning C:\Users\chris\eclipse-workspace\smart-thermostat-matter\db\trap\java\classes\java\nio\charset\CharacterCodingException.members...
[2026-07-15 20:42:57] [PROGRESS] resolve files> Scanning C:\Users\chris\eclipse-workspace\smart-thermostat-matter\db\trap\java\classes\java\nio\charset\Charset.members...
[2026-07-15 20:42:57] [PROGRESS] resolve files> Scanning C:\Users\chris\eclipse-workspace\smart-thermostat-matter\db\trap\java\classes\java\nio\charset\CharsetDecoder.members...
[2026-07-15 20:42:57] [PROGRESS] resolve files> Scanning C:\Users\chris\eclipse-workspace\smart-thermostat-matter\db\trap\java\classes\java\nio\charset\CharsetEncoder.members...
[2026-07-15 20:42:57] [PROGRESS] resolve files> Scanning C:\Users\chris\eclipse-workspace\smart-thermostat-matter\db\trap\java\classes\java\nio\charset\CoderResult.members...
[2026-07-15 20:42:57] [PROGRESS] resolve files> Scanning C:\Users\chris\eclipse-workspace\smart-thermostat-matter\db\trap\java\classes\java\nio\charset\CodingErrorAction.members...
[2026-07-15 20:42:57] [PROGRESS] resolve files> Scanning C:\Users\chris\eclipse-workspace\smart-thermostat-matter\db\trap\java\classes\java\nio\DirectByteBuffer.members...
[2026-07-15 20:42:57] [PROGRESS] resolve files> Scanning C:\Users\chris\eclipse-workspace\smart-thermostat-matter\db\trap\java\classes\java\nio\DirectByteBufferR.members...
[2026-07-15 20:42:57] [PROGRESS] resolve files> Scanning C:\Users\chris\eclipse-workspace\smart-thermostat-matter\db\trap\java\classes\java\nio\DirectCharBufferRS.members...
[2026-07-15 20:42:57] [PROGRESS] resolve files> Scanning C:\Users\chris\eclipse-workspace\smart-thermostat-matter\db\trap\java\classes\java\nio\DirectCharBufferRU.members...
[2026-07-15 20:42:57] [PROGRESS] resolve files> Scanning C:\Users\chris\eclipse-workspace\smart-thermostat-matter\db\trap\java\classes\java\nio\DirectCharBufferS.members...
[2026-07-15 20:42:57] [PROGRESS] resolve files> Scanning C:\Users\chris\eclipse-workspace\smart-thermostat-matter\db\trap\java\classes\java\nio\DirectCharBufferU.members...
[2026-07-15 20:42:57] [PROGRESS] resolve files> Scanning C:\Users\chris\eclipse-workspace\smart-thermostat-matter\db\trap\java\classes\java\nio\DirectDoubleBufferRS.members...
[2026-07-15 20:42:57] [PROGRESS] resolve files> Scanning C:\Users\chris\eclipse-workspace\smart-thermostat-matter\db\trap\java\classes\java\nio\DirectDoubleBufferRU.members...
[2026-07-15 20:42:57] [PROGRESS] resolve files> Scanning C:\Users\chris\eclipse-workspace\smart-thermostat-matter\db\trap\java\classes\java\nio\DirectDoubleBufferS.members...
[2026-07-15 20:42:57] [PROGRESS] resolve files> Scanning C:\Users\chris\eclipse-workspace\smart-thermostat-matter\db\trap\java\classes\java\nio\DirectDoubleBufferU.members...
[2026-07-15 20:42:57] [PROGRESS] resolve files> Scanning C:\Users\chris\eclipse-workspace\smart-thermostat-matter\db\trap\java\classes\java\nio\DirectFloatBufferRS.members...
[2026-07-15 20:42:57] [PROGRESS] resolve files> Scanning C:\Users\chris\eclipse-workspace\smart-thermostat-matter\db\trap\java\classes\java\nio\DirectFloatBufferRU.members...
[2026-07-15 20:42:57] [PROGRESS] resolve files> Scanning C:\Users\chris\eclipse-workspace\smart-thermostat-matter\db\trap\java\classes\java\nio\DirectFloatBufferS.members...
[2026-07-15 20:42:57] [PROGRESS] resolve files> Scanning C:\Users\chris\eclipse-workspace\smart-thermostat-matter\db\trap\java\classes\java\nio\DirectFloatBufferU.members...
[2026-07-15 20:42:57] [PROGRESS] resolve files> Scanning C:\Users\chris\eclipse-workspace\smart-thermostat-matter\db\trap\java\classes\java\nio\DirectIntBufferRS.members...
[2026-07-15 20:42:57] [PROGRESS] resolve files> Scanning C:\Users\chris\eclipse-workspace\smart-thermostat-matter\db\trap\java\classes\java\nio\DirectIntBufferRU.members...
[2026-07-15 20:42:57] [PROGRESS] resolve files> Scanning C:\Users\chris\eclipse-workspace\smart-thermostat-matter\db\trap\java\classes\java\nio\DirectIntBufferS.members...
[2026-07-15 20:42:57] [PROGRESS] resolve files> Scanning C:\Users\chris\eclipse-workspace\smart-thermostat-matter\db\trap\java\classes\java\nio\DirectIntBufferU.members...
[2026-07-15 20:42:57] [PROGRESS] resolve files> Scanning C:\Users\chris\eclipse-workspace\smart-thermostat-matter\db\trap\java\classes\java\nio\DirectLongBufferRS.members...
[2026-07-15 20:42:57] [PROGRESS] resolve files> Scanning C:\Users\chris\eclipse-workspace\smart-thermostat-matter\db\trap\java\classes\java\nio\DirectLongBufferRU.members...
[2026-07-15 20:42:57] [PROGRESS] resolve files> Scanning C:\Users\chris\eclipse-workspace\smart-thermostat-matter\db\trap\java\classes\java\nio\DirectLongBufferS.members...
[2026-07-15 20:42:57] [PROGRESS] resolve files> Scanning C:\Users\chris\eclipse-workspace\smart-thermostat-matter\db\trap\java\classes\java\nio\DirectLongBufferU.members...
[2026-07-15 20:42:57] [PROGRESS] resolve files> Scanning C:\Users\chris\eclipse-workspace\smart-thermostat-matter\db\trap\java\classes\java\nio\DirectShortBufferRS.members...
[2026-07-15 20:42:57] [PROGRESS] resolve files> Scanning C:\Users\chris\eclipse-workspace\smart-thermostat-matter\db\trap\java\classes\java\nio\DirectShortBufferRU.members...
[2026-07-15 20:42:57] [PROGRESS] resolve files> Scanning C:\Users\chris\eclipse-workspace\smart-thermostat-matter\db\trap\java\classes\java\nio\DirectShortBufferS.members...
[2026-07-15 20:42:57] [PROGRESS] resolve files> Scanning C:\Users\chris\eclipse-workspace\smart-thermostat-matter\db\trap\java\classes\java\nio\DirectShortBufferU.members...
[2026-07-15 20:42:57] [PROGRESS] resolve files> Scanning C:\Users\chris\eclipse-workspace\smart-thermostat-matter\db\trap\java\classes\java\nio\DoubleBuffer.members...
[2026-07-15 20:42:57] [PROGRESS] resolve files> Scanning C:\Users\chris\eclipse-workspace\smart-thermostat-matter\db\trap\java\classes\java\nio\file...
[2026-07-15 20:42:57] [PROGRESS] resolve files> Scanning C:\Users\chris\eclipse-workspace\smart-thermostat-matter\db\trap\java\classes\java\nio\file\AccessMode.members...
[2026-07-15 20:42:57] [PROGRESS] resolve files> Scanning C:\Users\chris\eclipse-workspace\smart-thermostat-matter\db\trap\java\classes\java\nio\file\attribute...
[2026-07-15 20:42:57] [PROGRESS] resolve files> Scanning C:\Users\chris\eclipse-workspace\smart-thermostat-matter\db\trap\java\classes\java\nio\file\attribute\AttributeView.members...
[2026-07-15 20:42:57] [PROGRESS] resolve files> Scanning C:\Users\chris\eclipse-workspace\smart-thermostat-matter\db\trap\java\classes\java\nio\file\attribute\BasicFileAttributes.members...
[2026-07-15 20:42:57] [PROGRESS] resolve files> Scanning C:\Users\chris\eclipse-workspace\smart-thermostat-matter\db\trap\java\classes\java\nio\file\attribute\FileAttribute.members...
[2026-07-15 20:42:57] [PROGRESS] resolve files> Scanning C:\Users\chris\eclipse-workspace\smart-thermostat-matter\db\trap\java\classes\java\nio\file\attribute\FileAttributeView.members...
[2026-07-15 20:42:57] [PROGRESS] resolve files> Scanning C:\Users\chris\eclipse-workspace\smart-thermostat-matter\db\trap\java\classes\java\nio\file\attribute\FileStoreAttributeView.members...
[2026-07-15 20:42:57] [PROGRESS] resolve files> Scanning C:\Users\chris\eclipse-workspace\smart-thermostat-matter\db\trap\java\classes\java\nio\file\attribute\FileTime.members...
[2026-07-15 20:42:57] [PROGRESS] resolve files> Scanning C:\Users\chris\eclipse-workspace\smart-thermostat-matter\db\trap\java\classes\java\nio\file\attribute\GroupPrincipal.members...
[2026-07-15 20:42:57] [PROGRESS] resolve files> Scanning C:\Users\chris\eclipse-workspace\smart-thermostat-matter\db\trap\java\classes\java\nio\file\attribute\UserPrincipal.members...
[2026-07-15 20:42:57] [PROGRESS] resolve files> Scanning C:\Users\chris\eclipse-workspace\smart-thermostat-matter\db\trap\java\classes\java\nio\file\attribute\UserPrincipalLookupService.members...
[2026-07-15 20:42:57] [PROGRESS] resolve files> Scanning C:\Users\chris\eclipse-workspace\smart-thermostat-matter\db\trap\java\classes\java\nio\file\CopyOption.members...
[2026-07-15 20:42:57] [PROGRESS] resolve files> Scanning C:\Users\chris\eclipse-workspace\smart-thermostat-matter\db\trap\java\classes\java\nio\file\DirectoryStream$Filter.members...
[2026-07-15 20:42:57] [PROGRESS] resolve files> Scanning C:\Users\chris\eclipse-workspace\smart-thermostat-matter\db\trap\java\classes\java\nio\file\DirectoryStream.members...
[2026-07-15 20:42:57] [PROGRESS] resolve files> Scanning C:\Users\chris\eclipse-workspace\smart-thermostat-matter\db\trap\java\classes\java\nio\file\FileStore.members...
[2026-07-15 20:42:57] [PROGRESS] resolve files> Scanning C:\Users\chris\eclipse-workspace\smart-thermostat-matter\db\trap\java\classes\java\nio\file\FileSystem.members...
[2026-07-15 20:42:57] [PROGRESS] resolve files> Scanning C:\Users\chris\eclipse-workspace\smart-thermostat-matter\db\trap\java\classes\java\nio\file\LinkOption.members...
[2026-07-15 20:42:57] [PROGRESS] resolve files> Scanning C:\Users\chris\eclipse-workspace\smart-thermostat-matter\db\trap\java\classes\java\nio\file\OpenOption.members...
[2026-07-15 20:42:57] [PROGRESS] resolve files> Scanning C:\Users\chris\eclipse-workspace\smart-thermostat-matter\db\trap\java\classes\java\nio\file\Path.members...
[2026-07-15 20:42:57] [PROGRESS] resolve files> Scanning C:\Users\chris\eclipse-workspace\smart-thermostat-matter\db\trap\java\classes\java\nio\file\PathMatcher.members...
[2026-07-15 20:42:57] [PROGRESS] resolve files> Scanning C:\Users\chris\eclipse-workspace\smart-thermostat-matter\db\trap\java\classes\java\nio\file\spi...
[2026-07-15 20:42:57] [PROGRESS] resolve files> Scanning C:\Users\chris\eclipse-workspace\smart-thermostat-matter\db\trap\java\classes\java\nio\file\spi\FileSystemProvider.members...
[2026-07-15 20:42:57] [PROGRESS] resolve files> Scanning C:\Users\chris\eclipse-workspace\smart-thermostat-matter\db\trap\java\classes\java\nio\file\Watchable.members...
[2026-07-15 20:42:57] [PROGRESS] resolve files> Scanning C:\Users\chris\eclipse-workspace\smart-thermostat-matter\db\trap\java\classes\java\nio\file\WatchEvent$Kind.members...
[2026-07-15 20:42:57] [PROGRESS] resolve files> Scanning C:\Users\chris\eclipse-workspace\smart-thermostat-matter\db\trap\java\classes\java\nio\file\WatchEvent$Modifier.members...
[2026-07-15 20:42:57] [PROGRESS] resolve files> Scanning C:\Users\chris\eclipse-workspace\smart-thermostat-matter\db\trap\java\classes\java\nio\file\WatchEvent.members...
[2026-07-15 20:42:57] [PROGRESS] resolve files> Scanning C:\Users\chris\eclipse-workspace\smart-thermostat-matter\db\trap\java\classes\java\nio\file\WatchKey.members...
[2026-07-15 20:42:57] [PROGRESS] resolve files> Scanning C:\Users\chris\eclipse-workspace\smart-thermostat-matter\db\trap\java\classes\java\nio\file\WatchService.members...
[2026-07-15 20:42:57] [PROGRESS] resolve files> Scanning C:\Users\chris\eclipse-workspace\smart-thermostat-matter\db\trap\java\classes\java\nio\FloatBuffer.members...
[2026-07-15 20:42:57] [PROGRESS] resolve files> Scanning C:\Users\chris\eclipse-workspace\smart-thermostat-matter\db\trap\java\classes\java\nio\HeapByteBuffer.members...
[2026-07-15 20:42:57] [PROGRESS] resolve files> Scanning C:\Users\chris\eclipse-workspace\smart-thermostat-matter\db\trap\java\classes\java\nio\HeapByteBufferR.members...
[2026-07-15 20:42:57] [PROGRESS] resolve files> Scanning C:\Users\chris\eclipse-workspace\smart-thermostat-matter\db\trap\java\classes\java\nio\HeapCharBuffer.members...
[2026-07-15 20:42:57] [PROGRESS] resolve files> Scanning C:\Users\chris\eclipse-workspace\smart-thermostat-matter\db\trap\java\classes\java\nio\HeapCharBufferR.members...
[2026-07-15 20:42:57] [PROGRESS] resolve files> Scanning C:\Users\chris\eclipse-workspace\smart-thermostat-matter\db\trap\java\classes\java\nio\HeapDoubleBuffer.members...
[2026-07-15 20:42:57] [PROGRESS] resolve files> Scanning C:\Users\chris\eclipse-workspace\smart-thermostat-matter\db\trap\java\classes\java\nio\HeapDoubleBufferR.members...
[2026-07-15 20:42:57] [PROGRESS] resolve files> Scanning C:\Users\chris\eclipse-workspace\smart-thermostat-matter\db\trap\java\classes\java\nio\HeapFloatBuffer.members...
[2026-07-15 20:42:57] [PROGRESS] resolve files> Scanning C:\Users\chris\eclipse-workspace\smart-thermostat-matter\db\trap\java\classes\java\nio\HeapFloatBufferR.members...
[2026-07-15 20:42:57] [PROGRESS] resolve files> Scanning C:\Users\chris\eclipse-workspace\smart-thermostat-matter\db\trap\java\classes\java\nio\HeapIntBuffer.members...
[2026-07-15 20:42:57] [PROGRESS] resolve files> Scanning C:\Users\chris\eclipse-workspace\smart-thermostat-matter\db\trap\java\classes\java\nio\HeapIntBufferR.members...
[2026-07-15 20:42:57] [PROGRESS] resolve files> Scanning C:\Users\chris\eclipse-workspace\smart-thermostat-matter\db\trap\java\classes\java\nio\HeapLongBuffer.members...
[2026-07-15 20:42:57] [PROGRESS] resolve files> Scanning C:\Users\chris\eclipse-workspace\smart-thermostat-matter\db\trap\java\classes\java\nio\HeapLongBufferR.members...
[2026-07-15 20:42:57] [PROGRESS] resolve files> Scanning C:\Users\chris\eclipse-workspace\smart-thermostat-matter\db\trap\java\classes\java\nio\HeapShortBuffer.members...
[2026-07-15 20:42:57] [PROGRESS] resolve files> Scanning C:\Users\chris\eclipse-workspace\smart-thermostat-matter\db\trap\java\classes\java\nio\HeapShortBufferR.members...
[2026-07-15 20:42:57] [PROGRESS] resolve files> Scanning C:\Users\chris\eclipse-workspace\smart-thermostat-matter\db\trap\java\classes\java\nio\IntBuffer.members...
[2026-07-15 20:42:57] [PROGRESS] resolve files> Scanning C:\Users\chris\eclipse-workspace\smart-thermostat-matter\db\trap\java\classes\java\nio\LongBuffer.members...
[2026-07-15 20:42:57] [PROGRESS] resolve files> Scanning C:\Users\chris\eclipse-workspace\smart-thermostat-matter\db\trap\java\classes\java\nio\MappedByteBuffer.members...
[2026-07-15 20:42:57] [PROGRESS] resolve files> Scanning C:\Users\chris\eclipse-workspace\smart-thermostat-matter\db\trap\java\classes\java\nio\ShortBuffer.members...
[2026-07-15 20:42:57] [PROGRESS] resolve files> Scanning C:\Users\chris\eclipse-workspace\smart-thermostat-matter\db\trap\java\classes\java\nio\StringCharBuffer.members...
[2026-07-15 20:42:57] [PROGRESS] resolve files> Scanning C:\Users\chris\eclipse-workspace\smart-thermostat-matter\db\trap\java\classes\java\security...
[2026-07-15 20:42:57] [PROGRESS] resolve files> Scanning C:\Users\chris\eclipse-workspace\smart-thermostat-matter\db\trap\java\classes\java\security\AccessControlContext.members...
[2026-07-15 20:42:57] [PROGRESS] resolve files> Scanning C:\Users\chris\eclipse-workspace\smart-thermostat-matter\db\trap\java\classes\java\security\AccessControlException.members...
[2026-07-15 20:42:57] [PROGRESS] resolve files> Scanning C:\Users\chris\eclipse-workspace\smart-thermostat-matter\db\trap\java\classes\java\security\AlgorithmConstraints.members...
[2026-07-15 20:42:57] [PROGRESS] resolve files> Scanning C:\Users\chris\eclipse-workspace\smart-thermostat-matter\db\trap\java\classes\java\security\AlgorithmParameters.members...
[2026-07-15 20:42:57] [PROGRESS] resolve files> Scanning C:\Users\chris\eclipse-workspace\smart-thermostat-matter\db\trap\java\classes\java\security\AlgorithmParametersSpi.members...
[2026-07-15 20:42:57] [PROGRESS] resolve files> Scanning C:\Users\chris\eclipse-workspace\smart-thermostat-matter\db\trap\java\classes\java\security\BasicPermission.members...
[2026-07-15 20:42:57] [PROGRESS] resolve files> Scanning C:\Users\chris\eclipse-workspace\smart-thermostat-matter\db\trap\java\classes\java\security\cert...
[2026-07-15 20:42:57] [PROGRESS] resolve files> Scanning C:\Users\chris\eclipse-workspace\smart-thermostat-matter\db\trap\java\classes\java\security\cert\Certificate.members...
[2026-07-15 20:42:57] [PROGRESS] resolve files> Scanning C:\Users\chris\eclipse-workspace\smart-thermostat-matter\db\trap\java\classes\java\security\cert\CertificateEncodingException.members...
[2026-07-15 20:42:57] [PROGRESS] resolve files> Scanning C:\Users\chris\eclipse-workspace\smart-thermostat-matter\db\trap\java\classes\java\security\cert\CertificateException.members...
[2026-07-15 20:42:57] [PROGRESS] resolve files> Scanning C:\Users\chris\eclipse-workspace\smart-thermostat-matter\db\trap\java\classes\java\security\cert\CertificateExpiredException.members...
[2026-07-15 20:42:57] [PROGRESS] resolve files> Scanning C:\Users\chris\eclipse-workspace\smart-thermostat-matter\db\trap\java\classes\java\security\cert\CertificateNotYetValidException.members...
[2026-07-15 20:42:57] [PROGRESS] resolve files> Scanning C:\Users\chris\eclipse-workspace\smart-thermostat-matter\db\trap\java\classes\java\security\cert\CertificateParsingException.members...
[2026-07-15 20:42:57] [PROGRESS] resolve files> Scanning C:\Users\chris\eclipse-workspace\smart-thermostat-matter\db\trap\java\classes\java\security\cert\CertPath.members...
[2026-07-15 20:42:57] [PROGRESS] resolve files> Scanning C:\Users\chris\eclipse-workspace\smart-thermostat-matter\db\trap\java\classes\java\security\cert\X509Certificate.members...
[2026-07-15 20:42:57] [PROGRESS] resolve files> Scanning C:\Users\chris\eclipse-workspace\smart-thermostat-matter\db\trap\java\classes\java\security\cert\X509Extension.members...
[2026-07-15 20:42:57] [PROGRESS] resolve files> Scanning C:\Users\chris\eclipse-workspace\smart-thermostat-matter\db\trap\java\classes\java\security\CodeSigner.members...
[2026-07-15 20:42:57] [PROGRESS] resolve files> Scanning C:\Users\chris\eclipse-workspace\smart-thermostat-matter\db\trap\java\classes\java\security\CodeSource.members...
[2026-07-15 20:42:57] [PROGRESS] resolve files> Scanning C:\Users\chris\eclipse-workspace\smart-thermostat-matter\db\trap\java\classes\java\security\CryptoPrimitive.members...
[2026-07-15 20:42:57] [PROGRESS] resolve files> Scanning C:\Users\chris\eclipse-workspace\smart-thermostat-matter\db\trap\java\classes\java\security\DigestException.members...
[2026-07-15 20:42:57] [PROGRESS] resolve files> Scanning C:\Users\chris\eclipse-workspace\smart-thermostat-matter\db\trap\java\classes\java\security\DomainCombiner.members...
[2026-07-15 20:42:57] [PROGRESS] resolve files> Scanning C:\Users\chris\eclipse-workspace\smart-thermostat-matter\db\trap\java\classes\java\security\GeneralSecurityException.members...
[2026-07-15 20:42:57] [PROGRESS] resolve files> Scanning C:\Users\chris\eclipse-workspace\smart-thermostat-matter\db\trap\java\classes\java\security\Guard.members...
[2026-07-15 20:42:57] [PROGRESS] resolve files> Scanning C:\Users\chris\eclipse-workspace\smart-thermostat-matter\db\trap\java\classes\java\security\InvalidAlgorithmParameterException.members...
[2026-07-15 20:42:57] [PROGRESS] resolve files> Scanning C:\Users\chris\eclipse-workspace\smart-thermostat-matter\db\trap\java\classes\java\security\InvalidKeyException.members...
[2026-07-15 20:42:57] [PROGRESS] resolve files> Scanning C:\Users\chris\eclipse-workspace\smart-thermostat-matter\db\trap\java\classes\java\security\Key.members...
[2026-07-15 20:42:57] [PROGRESS] resolve files> Scanning C:\Users\chris\eclipse-workspace\smart-thermostat-matter\db\trap\java\classes\java\security\KeyException.members...
[2026-07-15 20:42:57] [PROGRESS] resolve files> Scanning C:\Users\chris\eclipse-workspace\smart-thermostat-matter\db\trap\java\classes\java\security\KeyManagementException.members...
[2026-07-15 20:42:57] [PROGRESS] resolve files> Scanning C:\Users\chris\eclipse-workspace\smart-thermostat-matter\db\trap\java\classes\java\security\MessageDigest.members...
[2026-07-15 20:42:57] [PROGRESS] resolve files> Scanning C:\Users\chris\eclipse-workspace\smart-thermostat-matter\db\trap\java\classes\java\security\MessageDigestSpi.members...
[2026-07-15 20:42:57] [PROGRESS] resolve files> Scanning C:\Users\chris\eclipse-workspace\smart-thermostat-matter\db\trap\java\classes\java\security\NoSuchAlgorithmException.members...
[2026-07-15 20:42:57] [PROGRESS] resolve files> Scanning C:\Users\chris\eclipse-workspace\smart-thermostat-matter\db\trap\java\classes\java\security\NoSuchProviderException.members...
[2026-07-15 20:42:57] [PROGRESS] resolve files> Scanning C:\Users\chris\eclipse-workspace\smart-thermostat-matter\db\trap\java\classes\java\security\Permission.members...
[2026-07-15 20:42:57] [PROGRESS] resolve files> Scanning C:\Users\chris\eclipse-workspace\smart-thermostat-matter\db\trap\java\classes\java\security\PermissionCollection.members...
[2026-07-15 20:42:57] [PROGRESS] resolve files> Scanning C:\Users\chris\eclipse-workspace\smart-thermostat-matter\db\trap\java\classes\java\security\Principal.members...
[2026-07-15 20:42:57] [PROGRESS] resolve files> Scanning C:\Users\chris\eclipse-workspace\smart-thermostat-matter\db\trap\java\classes\java\security\PrivilegedAction.members...
[2026-07-15 20:42:57] [PROGRESS] resolve files> Scanning C:\Users\chris\eclipse-workspace\smart-thermostat-matter\db\trap\java\classes\java\security\PrivilegedActionException.members...
[2026-07-15 20:42:57] [PROGRESS] resolve files> Scanning C:\Users\chris\eclipse-workspace\smart-thermostat-matter\db\trap\java\classes\java\security\PrivilegedExceptionAction.members...
[2026-07-15 20:42:57] [PROGRESS] resolve files> Scanning C:\Users\chris\eclipse-workspace\smart-thermostat-matter\db\trap\java\classes\java\security\ProtectionDomain$Key.members...
[2026-07-15 20:42:57] [PROGRESS] resolve files> Scanning C:\Users\chris\eclipse-workspace\smart-thermostat-matter\db\trap\java\classes\java\security\ProtectionDomain.members...
[2026-07-15 20:42:57] [PROGRESS] resolve files> Scanning C:\Users\chris\eclipse-workspace\smart-thermostat-matter\db\trap\java\classes\java\security\Provider$Service.members...
[2026-07-15 20:42:57] [PROGRESS] resolve files> Scanning C:\Users\chris\eclipse-workspace\smart-thermostat-matter\db\trap\java\classes\java\security\Provider.members...
[2026-07-15 20:42:57] [PROGRESS] resolve files> Scanning C:\Users\chris\eclipse-workspace\smart-thermostat-matter\db\trap\java\classes\java\security\PublicKey.members...
[2026-07-15 20:42:57] [PROGRESS] resolve files> Scanning C:\Users\chris\eclipse-workspace\smart-thermostat-matter\db\trap\java\classes\java\security\SecureRandom.members...
[2026-07-15 20:42:57] [PROGRESS] resolve files> Scanning C:\Users\chris\eclipse-workspace\smart-thermostat-matter\db\trap\java\classes\java\security\SecureRandomParameters.members...
[2026-07-15 20:42:57] [PROGRESS] resolve files> Scanning C:\Users\chris\eclipse-workspace\smart-thermostat-matter\db\trap\java\classes\java\security\SecureRandomSpi.members...
[2026-07-15 20:42:57] [PROGRESS] resolve files> Scanning C:\Users\chris\eclipse-workspace\smart-thermostat-matter\db\trap\java\classes\java\security\SignatureException.members...
[2026-07-15 20:42:57] [PROGRESS] resolve files> Scanning C:\Users\chris\eclipse-workspace\smart-thermostat-matter\db\trap\java\classes\java\security\spec...
[2026-07-15 20:42:57] [PROGRESS] resolve files> Scanning C:\Users\chris\eclipse-workspace\smart-thermostat-matter\db\trap\java\classes\java\security\spec\AlgorithmParameterSpec.members...
[2026-07-15 20:42:57] [PROGRESS] resolve files> Scanning C:\Users\chris\eclipse-workspace\smart-thermostat-matter\db\trap\java\classes\java\security\spec\InvalidParameterSpecException.members...
[2026-07-15 20:42:57] [PROGRESS] resolve files> Scanning C:\Users\chris\eclipse-workspace\smart-thermostat-matter\db\trap\java\classes\java\security\spec\KeySpec.members...
[2026-07-15 20:42:57] [PROGRESS] resolve files> Scanning C:\Users\chris\eclipse-workspace\smart-thermostat-matter\db\trap\java\classes\java\security\Timestamp.members...
[2026-07-15 20:42:57] [PROGRESS] resolve files> Scanning C:\Users\chris\eclipse-workspace\smart-thermostat-matter\db\trap\java\classes\java\sql...
[2026-07-15 20:42:57] [PROGRESS] resolve files> Scanning C:\Users\chris\eclipse-workspace\smart-thermostat-matter\db\trap\java\classes\java\sql\Array.members...
[2026-07-15 20:42:57] [PROGRESS] resolve files> Scanning C:\Users\chris\eclipse-workspace\smart-thermostat-matter\db\trap\java\classes\java\sql\Blob.members...
[2026-07-15 20:42:57] [PROGRESS] resolve files> Scanning C:\Users\chris\eclipse-workspace\smart-thermostat-matter\db\trap\java\classes\java\sql\CallableStatement.members...
[2026-07-15 20:42:57] [PROGRESS] resolve files> Scanning C:\Users\chris\eclipse-workspace\smart-thermostat-matter\db\trap\java\classes\java\sql\ClientInfoStatus.members...
[2026-07-15 20:42:57] [PROGRESS] resolve files> Scanning C:\Users\chris\eclipse-workspace\smart-thermostat-matter\db\trap\java\classes\java\sql\Clob.members...
[2026-07-15 20:42:57] [PROGRESS] resolve files> Scanning C:\Users\chris\eclipse-workspace\smart-thermostat-matter\db\trap\java\classes\java\sql\Connection.members...
[2026-07-15 20:42:57] [PROGRESS] resolve files> Scanning C:\Users\chris\eclipse-workspace\smart-thermostat-matter\db\trap\java\classes\java\sql\DatabaseMetaData.members...
[2026-07-15 20:42:57] [PROGRESS] resolve files> Scanning C:\Users\chris\eclipse-workspace\smart-thermostat-matter\db\trap\java\classes\java\sql\Date.members...
[2026-07-15 20:42:57] [PROGRESS] resolve files> Scanning C:\Users\chris\eclipse-workspace\smart-thermostat-matter\db\trap\java\classes\java\sql\Driver.members...
[2026-07-15 20:42:57] [PROGRESS] resolve files> Scanning C:\Users\chris\eclipse-workspace\smart-thermostat-matter\db\trap\java\classes\java\sql\DriverAction.members...
[2026-07-15 20:42:57] [PROGRESS] resolve files> Scanning C:\Users\chris\eclipse-workspace\smart-thermostat-matter\db\trap\java\classes\java\sql\DriverManager.members...
[2026-07-15 20:42:57] [PROGRESS] resolve files> Scanning C:\Users\chris\eclipse-workspace\smart-thermostat-matter\db\trap\java\classes\java\sql\DriverPropertyInfo.members...
[2026-07-15 20:42:57] [PROGRESS] resolve files> Scanning C:\Users\chris\eclipse-workspace\smart-thermostat-matter\db\trap\java\classes\java\sql\NClob.members...
[2026-07-15 20:42:57] [PROGRESS] resolve files> Scanning C:\Users\chris\eclipse-workspace\smart-thermostat-matter\db\trap\java\classes\java\sql\ParameterMetaData.members...
[2026-07-15 20:42:57] [PROGRESS] resolve files> Scanning C:\Users\chris\eclipse-workspace\smart-thermostat-matter\db\trap\java\classes\java\sql\PreparedStatement.members...
[2026-07-15 20:42:57] [PROGRESS] resolve files> Scanning C:\Users\chris\eclipse-workspace\smart-thermostat-matter\db\trap\java\classes\java\sql\Ref.members...
[2026-07-15 20:42:57] [PROGRESS] resolve files> Scanning C:\Users\chris\eclipse-workspace\smart-thermostat-matter\db\trap\java\classes\java\sql\ResultSet.members...
[2026-07-15 20:42:57] [PROGRESS] resolve files> Scanning C:\Users\chris\eclipse-workspace\smart-thermostat-matter\db\trap\java\classes\java\sql\ResultSetMetaData.members...
[2026-07-15 20:42:57] [PROGRESS] resolve files> Scanning C:\Users\chris\eclipse-workspace\smart-thermostat-matter\db\trap\java\classes\java\sql\RowId.members...
[2026-07-15 20:42:57] [PROGRESS] resolve files> Scanning C:\Users\chris\eclipse-workspace\smart-thermostat-matter\db\trap\java\classes\java\sql\RowIdLifetime.members...
[2026-07-15 20:42:57] [PROGRESS] resolve files> Scanning C:\Users\chris\eclipse-workspace\smart-thermostat-matter\db\trap\java\classes\java\sql\Savepoint.members...
[2026-07-15 20:42:57] [PROGRESS] resolve files> Scanning C:\Users\chris\eclipse-workspace\smart-thermostat-matter\db\trap\java\classes\java\sql\ShardingKey.members...
[2026-07-15 20:42:57] [PROGRESS] resolve files> Scanning C:\Users\chris\eclipse-workspace\smart-thermostat-matter\db\trap\java\classes\java\sql\SQLClientInfoException.members...
[2026-07-15 20:42:57] [PROGRESS] resolve files> Scanning C:\Users\chris\eclipse-workspace\smart-thermostat-matter\db\trap\java\classes\java\sql\SQLException.members...
[2026-07-15 20:42:57] [PROGRESS] resolve files> Scanning C:\Users\chris\eclipse-workspace\smart-thermostat-matter\db\trap\java\classes\java\sql\SQLFeatureNotSupportedException.members...
[2026-07-15 20:42:57] [PROGRESS] resolve files> Scanning C:\Users\chris\eclipse-workspace\smart-thermostat-matter\db\trap\java\classes\java\sql\SQLNonTransientException.members...
[2026-07-15 20:42:57] [PROGRESS] resolve files> Scanning C:\Users\chris\eclipse-workspace\smart-thermostat-matter\db\trap\java\classes\java\sql\SQLPermission.members...
[2026-07-15 20:42:57] [PROGRESS] resolve files> Scanning C:\Users\chris\eclipse-workspace\smart-thermostat-matter\db\trap\java\classes\java\sql\SQLType.members...
[2026-07-15 20:42:57] [PROGRESS] resolve files> Scanning C:\Users\chris\eclipse-workspace\smart-thermostat-matter\db\trap\java\classes\java\sql\SQLWarning.members...
[2026-07-15 20:42:57] [PROGRESS] resolve files> Scanning C:\Users\chris\eclipse-workspace\smart-thermostat-matter\db\trap\java\classes\java\sql\SQLXML.members...
[2026-07-15 20:42:57] [PROGRESS] resolve files> Scanning C:\Users\chris\eclipse-workspace\smart-thermostat-matter\db\trap\java\classes\java\sql\Statement.members...
[2026-07-15 20:42:57] [PROGRESS] resolve files> Scanning C:\Users\chris\eclipse-workspace\smart-thermostat-matter\db\trap\java\classes\java\sql\Struct.members...
[2026-07-15 20:42:57] [PROGRESS] resolve files> Scanning C:\Users\chris\eclipse-workspace\smart-thermostat-matter\db\trap\java\classes\java\sql\Time.members...
[2026-07-15 20:42:57] [PROGRESS] resolve files> Scanning C:\Users\chris\eclipse-workspace\smart-thermostat-matter\db\trap\java\classes\java\sql\Timestamp.members...
[2026-07-15 20:42:57] [PROGRESS] resolve files> Scanning C:\Users\chris\eclipse-workspace\smart-thermostat-matter\db\trap\java\classes\java\sql\Wrapper.members...
[2026-07-15 20:42:57] [PROGRESS] resolve files> Scanning C:\Users\chris\eclipse-workspace\smart-thermostat-matter\db\trap\java\classes\java\text...
[2026-07-15 20:42:57] [PROGRESS] resolve files> Scanning C:\Users\chris\eclipse-workspace\smart-thermostat-matter\db\trap\java\classes\java\text\AttributedCharacterIterator$Attribute.members...
[2026-07-15 20:42:57] [PROGRESS] resolve files> Scanning C:\Users\chris\eclipse-workspace\smart-thermostat-matter\db\trap\java\classes\java\text\AttributedCharacterIterator.members...
[2026-07-15 20:42:57] [PROGRESS] resolve files> Scanning C:\Users\chris\eclipse-workspace\smart-thermostat-matter\db\trap\java\classes\java\text\CharacterIterator.members...
[2026-07-15 20:42:57] [PROGRESS] resolve files> Scanning C:\Users\chris\eclipse-workspace\smart-thermostat-matter\db\trap\java\classes\java\text\FieldPosition.members...
[2026-07-15 20:42:57] [PROGRESS] resolve files> Scanning C:\Users\chris\eclipse-workspace\smart-thermostat-matter\db\trap\java\classes\java\text\Format$Field.members...
[2026-07-15 20:42:57] [PROGRESS] resolve files> Scanning C:\Users\chris\eclipse-workspace\smart-thermostat-matter\db\trap\java\classes\java\text\Format$FieldDelegate.members...
[2026-07-15 20:42:57] [PROGRESS] resolve files> Scanning C:\Users\chris\eclipse-workspace\smart-thermostat-matter\db\trap\java\classes\java\text\Format.members...
[2026-07-15 20:42:57] [PROGRESS] resolve files> Scanning C:\Users\chris\eclipse-workspace\smart-thermostat-matter\db\trap\java\classes\java\text\ParseException.members...
[2026-07-15 20:42:57] [PROGRESS] resolve files> Scanning C:\Users\chris\eclipse-workspace\smart-thermostat-matter\db\trap\java\classes\java\text\ParsePosition.members...
[2026-07-15 20:42:57] [PROGRESS] resolve files> Scanning C:\Users\chris\eclipse-workspace\smart-thermostat-matter\db\trap\java\classes\java\time...
[2026-07-15 20:42:57] [PROGRESS] resolve files> Scanning C:\Users\chris\eclipse-workspace\smart-thermostat-matter\db\trap\java\classes\java\time\chrono...
[2026-07-15 20:42:57] [PROGRESS] resolve files> Scanning C:\Users\chris\eclipse-workspace\smart-thermostat-matter\db\trap\java\classes\java\time\chrono\AbstractChronology.members...
[2026-07-15 20:42:57] [PROGRESS] resolve files> Scanning C:\Users\chris\eclipse-workspace\smart-thermostat-matter\db\trap\java\classes\java\time\chrono\ChronoLocalDate.members...
[2026-07-15 20:42:57] [PROGRESS] resolve files> Scanning C:\Users\chris\eclipse-workspace\smart-thermostat-matter\db\trap\java\classes\java\time\chrono\ChronoLocalDateTime.members...
[2026-07-15 20:42:57] [PROGRESS] resolve files> Scanning C:\Users\chris\eclipse-workspace\smart-thermostat-matter\db\trap\java\classes\java\time\chrono\Chronology.members...
[2026-07-15 20:42:57] [PROGRESS] resolve files> Scanning C:\Users\chris\eclipse-workspace\smart-thermostat-matter\db\trap\java\classes\java\time\chrono\ChronoPeriod.members...
[2026-07-15 20:42:57] [PROGRESS] resolve files> Scanning C:\Users\chris\eclipse-workspace\smart-thermostat-matter\db\trap\java\classes\java\time\chrono\ChronoZonedDateTime.members...
[2026-07-15 20:42:57] [PROGRESS] resolve files> Scanning C:\Users\chris\eclipse-workspace\smart-thermostat-matter\db\trap\java\classes\java\time\chrono\Era.members...
[2026-07-15 20:42:57] [PROGRESS] resolve files> Scanning C:\Users\chris\eclipse-workspace\smart-thermostat-matter\db\trap\java\classes\java\time\chrono\IsoChronology.members...
[2026-07-15 20:42:57] [PROGRESS] resolve files> Scanning C:\Users\chris\eclipse-workspace\smart-thermostat-matter\db\trap\java\classes\java\time\chrono\IsoEra.members...
[2026-07-15 20:42:57] [PROGRESS] resolve files> Scanning C:\Users\chris\eclipse-workspace\smart-thermostat-matter\db\trap\java\classes\java\time\Clock.members...
[2026-07-15 20:42:57] [PROGRESS] resolve files> Scanning C:\Users\chris\eclipse-workspace\smart-thermostat-matter\db\trap\java\classes\java\time\DayOfWeek.members...
[2026-07-15 20:42:57] [PROGRESS] resolve files> Scanning C:\Users\chris\eclipse-workspace\smart-thermostat-matter\db\trap\java\classes\java\time\Duration.members...
[2026-07-15 20:42:57] [PROGRESS] resolve files> Scanning C:\Users\chris\eclipse-workspace\smart-thermostat-matter\db\trap\java\classes\java\time\format...
[2026-07-15 20:42:57] [PROGRESS] resolve files> Scanning C:\Users\chris\eclipse-workspace\smart-thermostat-matter\db\trap\java\classes\java\time\format\DateTimeFormatter.members...
[2026-07-15 20:42:57] [PROGRESS] resolve files> Scanning C:\Users\chris\eclipse-workspace\smart-thermostat-matter\db\trap\java\classes\java\time\format\DateTimeFormatterBuilder$CompositePrinterParser.members...
[2026-07-15 20:42:57] [PROGRESS] resolve files> Scanning C:\Users\chris\eclipse-workspace\smart-thermostat-matter\db\trap\java\classes\java\time\format\DateTimeFormatterBuilder$DateTimePrinterParser.members...
[2026-07-15 20:42:57] [PROGRESS] resolve files> Scanning C:\Users\chris\eclipse-workspace\smart-thermostat-matter\db\trap\java\classes\java\time\format\DateTimeFormatterBuilder$DayPeriod.members...
[2026-07-15 20:42:57] [PROGRESS] resolve files> Scanning C:\Users\chris\eclipse-workspace\smart-thermostat-matter\db\trap\java\classes\java\time\format\DateTimeFormatterBuilder.members...
[2026-07-15 20:42:57] [PROGRESS] resolve files> Scanning C:\Users\chris\eclipse-workspace\smart-thermostat-matter\db\trap\java\classes\java\time\format\DateTimeParseContext.members...
[2026-07-15 20:42:57] [PROGRESS] resolve files> Scanning C:\Users\chris\eclipse-workspace\smart-thermostat-matter\db\trap\java\classes\java\time\format\DateTimePrintContext.members...
[2026-07-15 20:42:57] [PROGRESS] resolve files> Scanning C:\Users\chris\eclipse-workspace\smart-thermostat-matter\db\trap\java\classes\java\time\format\DecimalStyle.members...
[2026-07-15 20:42:57] [PROGRESS] resolve files> Scanning C:\Users\chris\eclipse-workspace\smart-thermostat-matter\db\trap\java\classes\java\time\format\FormatStyle.members...
[2026-07-15 20:42:57] [PROGRESS] resolve files> Scanning C:\Users\chris\eclipse-workspace\smart-thermostat-matter\db\trap\java\classes\java\time\format\Parsed.members...
[2026-07-15 20:42:57] [PROGRESS] resolve files> Scanning C:\Users\chris\eclipse-workspace\smart-thermostat-matter\db\trap\java\classes\java\time\format\ResolverStyle.members...
[2026-07-15 20:42:57] [PROGRESS] resolve files> Scanning C:\Users\chris\eclipse-workspace\smart-thermostat-matter\db\trap\java\classes\java\time\format\SignStyle.members...
[2026-07-15 20:42:57] [PROGRESS] resolve files> Scanning C:\Users\chris\eclipse-workspace\smart-thermostat-matter\db\trap\java\classes\java\time\format\TextStyle.members...
[2026-07-15 20:42:57] [PROGRESS] resolve files> Scanning C:\Users\chris\eclipse-workspace\smart-thermostat-matter\db\trap\java\classes\java\time\Instant.members...
[2026-07-15 20:42:57] [PROGRESS] resolve files> Scanning C:\Users\chris\eclipse-workspace\smart-thermostat-matter\db\trap\java\classes\java\time\InstantSource.members...
[2026-07-15 20:42:57] [PROGRESS] resolve files> Scanning C:\Users\chris\eclipse-workspace\smart-thermostat-matter\db\trap\java\classes\java\time\LocalDate.members...
[2026-07-15 20:42:57] [PROGRESS] resolve files> Scanning C:\Users\chris\eclipse-workspace\smart-thermostat-matter\db\trap\java\classes\java\time\LocalDateTime.members...
[2026-07-15 20:42:57] [PROGRESS] resolve files> Scanning C:\Users\chris\eclipse-workspace\smart-thermostat-matter\db\trap\java\classes\java\time\LocalTime.members...
[2026-07-15 20:42:57] [PROGRESS] resolve files> Scanning C:\Users\chris\eclipse-workspace\smart-thermostat-matter\db\trap\java\classes\java\time\Month.members...
[2026-07-15 20:42:57] [PROGRESS] resolve files> Scanning C:\Users\chris\eclipse-workspace\smart-thermostat-matter\db\trap\java\classes\java\time\OffsetDateTime.members...
[2026-07-15 20:42:57] [PROGRESS] resolve files> Scanning C:\Users\chris\eclipse-workspace\smart-thermostat-matter\db\trap\java\classes\java\time\OffsetTime.members...
[2026-07-15 20:42:57] [PROGRESS] resolve files> Scanning C:\Users\chris\eclipse-workspace\smart-thermostat-matter\db\trap\java\classes\java\time\Period.members...
[2026-07-15 20:42:57] [PROGRESS] resolve files> Scanning C:\Users\chris\eclipse-workspace\smart-thermostat-matter\db\trap\java\classes\java\time\temporal...
[2026-07-15 20:42:57] [PROGRESS] resolve files> Scanning C:\Users\chris\eclipse-workspace\smart-thermostat-matter\db\trap\java\classes\java\time\temporal\ChronoField.members...
[2026-07-15 20:42:57] [PROGRESS] resolve files> Scanning C:\Users\chris\eclipse-workspace\smart-thermostat-matter\db\trap\java\classes\java\time\temporal\ChronoUnit.members...
[2026-07-15 20:42:57] [PROGRESS] resolve files> Scanning C:\Users\chris\eclipse-workspace\smart-thermostat-matter\db\trap\java\classes\java\time\temporal\Temporal.members...
[2026-07-15 20:42:57] [PROGRESS] resolve files> Scanning C:\Users\chris\eclipse-workspace\smart-thermostat-matter\db\trap\java\classes\java\time\temporal\TemporalAccessor.members...
[2026-07-15 20:42:57] [PROGRESS] resolve files> Scanning C:\Users\chris\eclipse-workspace\smart-thermostat-matter\db\trap\java\classes\java\time\temporal\TemporalAdjuster.members...
[2026-07-15 20:42:57] [PROGRESS] resolve files> Scanning C:\Users\chris\eclipse-workspace\smart-thermostat-matter\db\trap\java\classes\java\time\temporal\TemporalAmount.members...
[2026-07-15 20:42:57] [PROGRESS] resolve files> Scanning C:\Users\chris\eclipse-workspace\smart-thermostat-matter\db\trap\java\classes\java\time\temporal\TemporalField.members...
[2026-07-15 20:42:57] [PROGRESS] resolve files> Scanning C:\Users\chris\eclipse-workspace\smart-thermostat-matter\db\trap\java\classes\java\time\temporal\TemporalQuery.members...
[2026-07-15 20:42:57] [PROGRESS] resolve files> Scanning C:\Users\chris\eclipse-workspace\smart-thermostat-matter\db\trap\java\classes\java\time\temporal\TemporalUnit.members...
[2026-07-15 20:42:57] [PROGRESS] resolve files> Scanning C:\Users\chris\eclipse-workspace\smart-thermostat-matter\db\trap\java\classes\java\time\temporal\ValueRange.members...
[2026-07-15 20:42:57] [PROGRESS] resolve files> Scanning C:\Users\chris\eclipse-workspace\smart-thermostat-matter\db\trap\java\classes\java\time\zone...
[2026-07-15 20:42:57] [PROGRESS] resolve files> Scanning C:\Users\chris\eclipse-workspace\smart-thermostat-matter\db\trap\java\classes\java\time\zone\ZoneOffsetTransition.members...
[2026-07-15 20:42:57] [PROGRESS] resolve files> Scanning C:\Users\chris\eclipse-workspace\smart-thermostat-matter\db\trap\java\classes\java\time\zone\ZoneOffsetTransitionRule$TimeDefinition.members...
[2026-07-15 20:42:57] [PROGRESS] resolve files> Scanning C:\Users\chris\eclipse-workspace\smart-thermostat-matter\db\trap\java\classes\java\time\zone\ZoneOffsetTransitionRule.members...
[2026-07-15 20:42:57] [PROGRESS] resolve files> Scanning C:\Users\chris\eclipse-workspace\smart-thermostat-matter\db\trap\java\classes\java\time\zone\ZoneRules.members...
[2026-07-15 20:42:57] [PROGRESS] resolve files> Scanning C:\Users\chris\eclipse-workspace\smart-thermostat-matter\db\trap\java\classes\java\time\ZonedDateTime.members...
[2026-07-15 20:42:57] [PROGRESS] resolve files> Scanning C:\Users\chris\eclipse-workspace\smart-thermostat-matter\db\trap\java\classes\java\time\ZoneId.members...
[2026-07-15 20:42:57] [PROGRESS] resolve files> Scanning C:\Users\chris\eclipse-workspace\smart-thermostat-matter\db\trap\java\classes\java\time\ZoneOffset.members...
[2026-07-15 20:42:57] [PROGRESS] resolve files> Scanning C:\Users\chris\eclipse-workspace\smart-thermostat-matter\db\trap\java\classes\java\time\ZoneRegion.members...
[2026-07-15 20:42:57] [PROGRESS] resolve files> Scanning C:\Users\chris\eclipse-workspace\smart-thermostat-matter\db\trap\java\classes\java\util...
[2026-07-15 20:42:57] [PROGRESS] resolve files> Scanning C:\Users\chris\eclipse-workspace\smart-thermostat-matter\db\trap\java\classes\java\util\AbstractCollection.members...
[2026-07-15 20:42:57] [PROGRESS] resolve files> Scanning C:\Users\chris\eclipse-workspace\smart-thermostat-matter\db\trap\java\classes\java\util\AbstractMap.members...
[2026-07-15 20:42:57] [PROGRESS] resolve files> Scanning C:\Users\chris\eclipse-workspace\smart-thermostat-matter\db\trap\java\classes\java\util\AbstractSet.members...
[2026-07-15 20:42:57] [PROGRESS] resolve files> Scanning C:\Users\chris\eclipse-workspace\smart-thermostat-matter\db\trap\java\classes\java\util\Arrays.members...
[2026-07-15 20:42:57] [PROGRESS] resolve files> Scanning C:\Users\chris\eclipse-workspace\smart-thermostat-matter\db\trap\java\classes\java\util\Calendar.members...
[2026-07-15 20:42:57] [PROGRESS] resolve files> Scanning C:\Users\chris\eclipse-workspace\smart-thermostat-matter\db\trap\java\classes\java\util\Collection.members...
[2026-07-15 20:42:57] [PROGRESS] resolve files> Scanning C:\Users\chris\eclipse-workspace\smart-thermostat-matter\db\trap\java\classes\java\util\Comparator.members...
[2026-07-15 20:42:57] [PROGRESS] resolve files> Scanning C:\Users\chris\eclipse-workspace\smart-thermostat-matter\db\trap\java\classes\java\util\concurrent...
[2026-07-15 20:42:57] [PROGRESS] resolve files> Scanning C:\Users\chris\eclipse-workspace\smart-thermostat-matter\db\trap\java\classes\java\util\concurrent\AbstractExecutorService.members...
[2026-07-15 20:42:57] [PROGRESS] resolve files> Scanning C:\Users\chris\eclipse-workspace\smart-thermostat-matter\db\trap\java\classes\java\util\concurrent\Callable.members...
[2026-07-15 20:42:57] [PROGRESS] resolve files> Scanning C:\Users\chris\eclipse-workspace\smart-thermostat-matter\db\trap\java\classes\java\util\concurrent\CompletableFuture$AltResult.members...
[2026-07-15 20:42:57] [PROGRESS] resolve files> Scanning C:\Users\chris\eclipse-workspace\smart-thermostat-matter\db\trap\java\classes\java\util\concurrent\CompletableFuture$AsynchronousCompletionTask.members...
[2026-07-15 20:42:57] [PROGRESS] resolve files> Scanning C:\Users\chris\eclipse-workspace\smart-thermostat-matter\db\trap\java\classes\java\util\concurrent\CompletableFuture$BiAccept.members...
[2026-07-15 20:42:57] [PROGRESS] resolve files> Scanning C:\Users\chris\eclipse-workspace\smart-thermostat-matter\db\trap\java\classes\java\util\concurrent\CompletableFuture$BiApply.members...
[2026-07-15 20:42:57] [PROGRESS] resolve files> Scanning C:\Users\chris\eclipse-workspace\smart-thermostat-matter\db\trap\java\classes\java\util\concurrent\CompletableFuture$BiCompletion.members...
[2026-07-15 20:42:57] [PROGRESS] resolve files> Scanning C:\Users\chris\eclipse-workspace\smart-thermostat-matter\db\trap\java\classes\java\util\concurrent\CompletableFuture$BiRun.members...
[2026-07-15 20:42:57] [PROGRESS] resolve files> Scanning C:\Users\chris\eclipse-workspace\smart-thermostat-matter\db\trap\java\classes\java\util\concurrent\CompletableFuture$Completion.members...
[2026-07-15 20:42:57] [PROGRESS] resolve files> Scanning C:\Users\chris\eclipse-workspace\smart-thermostat-matter\db\trap\java\classes\java\util\concurrent\CompletableFuture$UniCompletion.members...
[2026-07-15 20:42:57] [PROGRESS] resolve files> Scanning C:\Users\chris\eclipse-workspace\smart-thermostat-matter\db\trap\java\classes\java\util\concurrent\CompletableFuture$UniExceptionally.members...
[2026-07-15 20:42:57] [PROGRESS] resolve files> Scanning C:\Users\chris\eclipse-workspace\smart-thermostat-matter\db\trap\java\classes\java\util\concurrent\CompletableFuture$UniHandle.members...
[2026-07-15 20:42:57] [PROGRESS] resolve files> Scanning C:\Users\chris\eclipse-workspace\smart-thermostat-matter\db\trap\java\classes\java\util\concurrent\CompletableFuture$UniWhenComplete.members...
[2026-07-15 20:42:57] [PROGRESS] resolve files> Scanning C:\Users\chris\eclipse-workspace\smart-thermostat-matter\db\trap\java\classes\java\util\concurrent\CompletableFuture.members...
[2026-07-15 20:42:57] [PROGRESS] resolve files> Scanning C:\Users\chris\eclipse-workspace\smart-thermostat-matter\db\trap\java\classes\java\util\concurrent\CompletionException.members...
[2026-07-15 20:42:57] [PROGRESS] resolve files> Scanning C:\Users\chris\eclipse-workspace\smart-thermostat-matter\db\trap\java\classes\java\util\concurrent\CompletionStage.members...
[2026-07-15 20:42:57] [PROGRESS] resolve files> Scanning C:\Users\chris\eclipse-workspace\smart-thermostat-matter\db\trap\java\classes\java\util\concurrent\ConcurrentHashMap$CollectionView.members...
[2026-07-15 20:42:57] [PROGRESS] resolve files> Scanning C:\Users\chris\eclipse-workspace\smart-thermostat-matter\db\trap\java\classes\java\util\concurrent\ConcurrentHashMap$EntrySetView.members...
[2026-07-15 20:42:57] [PROGRESS] resolve files> Scanning C:\Users\chris\eclipse-workspace\smart-thermostat-matter\db\trap\java\classes\java\util\concurrent\ConcurrentHashMap$KeySetView.members...
[2026-07-15 20:42:57] [PROGRESS] resolve files> Scanning C:\Users\chris\eclipse-workspace\smart-thermostat-matter\db\trap\java\classes\java\util\concurrent\ConcurrentHashMap$Node.members...
[2026-07-15 20:42:57] [PROGRESS] resolve files> Scanning C:\Users\chris\eclipse-workspace\smart-thermostat-matter\db\trap\java\classes\java\util\concurrent\ConcurrentHashMap$ValuesView.members...
[2026-07-15 20:42:57] [PROGRESS] resolve files> Scanning C:\Users\chris\eclipse-workspace\smart-thermostat-matter\db\trap\java\classes\java\util\concurrent\ConcurrentHashMap.members...
[2026-07-15 20:42:57] [PROGRESS] resolve files> Scanning C:\Users\chris\eclipse-workspace\smart-thermostat-matter\db\trap\java\classes\java\util\concurrent\ConcurrentMap.members...
[2026-07-15 20:42:57] [PROGRESS] resolve files> Scanning C:\Users\chris\eclipse-workspace\smart-thermostat-matter\db\trap\java\classes\java\util\concurrent\ExecutionException.members...
[2026-07-15 20:42:57] [PROGRESS] resolve files> Scanning C:\Users\chris\eclipse-workspace\smart-thermostat-matter\db\trap\java\classes\java\util\concurrent\Executor.members...
[2026-07-15 20:42:57] [PROGRESS] resolve files> Scanning C:\Users\chris\eclipse-workspace\smart-thermostat-matter\db\trap\java\classes\java\util\concurrent\ExecutorService.members...
[2026-07-15 20:42:57] [PROGRESS] resolve files> Scanning C:\Users\chris\eclipse-workspace\smart-thermostat-matter\db\trap\java\classes\java\util\concurrent\ForkJoinPool$ForkJoinWorkerThreadFactory.members...
[2026-07-15 20:42:57] [PROGRESS] resolve files> Scanning C:\Users\chris\eclipse-workspace\smart-thermostat-matter\db\trap\java\classes\java\util\concurrent\ForkJoinPool$ManagedBlocker.members...
[2026-07-15 20:42:57] [PROGRESS] resolve files> Scanning C:\Users\chris\eclipse-workspace\smart-thermostat-matter\db\trap\java\classes\java\util\concurrent\ForkJoinPool$WorkQueue.members...
[2026-07-15 20:42:57] [PROGRESS] resolve files> Scanning C:\Users\chris\eclipse-workspace\smart-thermostat-matter\db\trap\java\classes\java\util\concurrent\ForkJoinPool.members...
[2026-07-15 20:42:57] [PROGRESS] resolve files> Scanning C:\Users\chris\eclipse-workspace\smart-thermostat-matter\db\trap\java\classes\java\util\concurrent\ForkJoinTask.members...
[2026-07-15 20:42:57] [PROGRESS] resolve files> Scanning C:\Users\chris\eclipse-workspace\smart-thermostat-matter\db\trap\java\classes\java\util\concurrent\ForkJoinWorkerThread.members...
[2026-07-15 20:42:57] [PROGRESS] resolve files> Scanning C:\Users\chris\eclipse-workspace\smart-thermostat-matter\db\trap\java\classes\java\util\concurrent\Future$State.members...
[2026-07-15 20:42:57] [PROGRESS] resolve files> Scanning C:\Users\chris\eclipse-workspace\smart-thermostat-matter\db\trap\java\classes\java\util\concurrent\Future.members...
[2026-07-15 20:42:57] [PROGRESS] resolve files> Scanning C:\Users\chris\eclipse-workspace\smart-thermostat-matter\db\trap\java\classes\java\util\concurrent\locks...
[2026-07-15 20:42:57] [PROGRESS] resolve files> Scanning C:\Users\chris\eclipse-workspace\smart-thermostat-matter\db\trap\java\classes\java\util\concurrent\locks\Condition.members...
[2026-07-15 20:42:57] [PROGRESS] resolve files> Scanning C:\Users\chris\eclipse-workspace\smart-thermostat-matter\db\trap\java\classes\java\util\concurrent\locks\Lock.members...
[2026-07-15 20:42:57] [PROGRESS] resolve files> Scanning C:\Users\chris\eclipse-workspace\smart-thermostat-matter\db\trap\java\classes\java\util\concurrent\locks\ReentrantLock.members...
[2026-07-15 20:42:57] [PROGRESS] resolve files> Scanning C:\Users\chris\eclipse-workspace\smart-thermostat-matter\db\trap\java\classes\java\util\concurrent\RunnableFuture.members...
[2026-07-15 20:42:57] [PROGRESS] resolve files> Scanning C:\Users\chris\eclipse-workspace\smart-thermostat-matter\db\trap\java\classes\java\util\concurrent\ThreadFactory.members...
[2026-07-15 20:42:57] [PROGRESS] resolve files> Scanning C:\Users\chris\eclipse-workspace\smart-thermostat-matter\db\trap\java\classes\java\util\concurrent\TimeoutException.members...
[2026-07-15 20:42:57] [PROGRESS] resolve files> Scanning C:\Users\chris\eclipse-workspace\smart-thermostat-matter\db\trap\java\classes\java\util\concurrent\TimeUnit.members...
[2026-07-15 20:42:57] [PROGRESS] resolve files> Scanning C:\Users\chris\eclipse-workspace\smart-thermostat-matter\db\trap\java\classes\java\util\Date.members...
[2026-07-15 20:42:57] [PROGRESS] resolve files> Scanning C:\Users\chris\eclipse-workspace\smart-thermostat-matter\db\trap\java\classes\java\util\Dictionary.members...
[2026-07-15 20:42:57] [PROGRESS] resolve files> Scanning C:\Users\chris\eclipse-workspace\smart-thermostat-matter\db\trap\java\classes\java\util\DoubleSummaryStatistics.members...
[2026-07-15 20:42:57] [PROGRESS] resolve files> Scanning C:\Users\chris\eclipse-workspace\smart-thermostat-matter\db\trap\java\classes\java\util\Enumeration.members...
[2026-07-15 20:42:57] [PROGRESS] resolve files> Scanning C:\Users\chris\eclipse-workspace\smart-thermostat-matter\db\trap\java\classes\java\util\EnumSet.members...
[2026-07-15 20:42:57] [PROGRESS] resolve files> Scanning C:\Users\chris\eclipse-workspace\smart-thermostat-matter\db\trap\java\classes\java\util\function...
[2026-07-15 20:42:57] [PROGRESS] resolve files> Scanning C:\Users\chris\eclipse-workspace\smart-thermostat-matter\db\trap\java\classes\java\util\function\BiConsumer.members...
[2026-07-15 20:42:57] [PROGRESS] resolve files> Scanning C:\Users\chris\eclipse-workspace\smart-thermostat-matter\db\trap\java\classes\java\util\function\BiFunction.members...
[2026-07-15 20:42:57] [PROGRESS] resolve files> Scanning C:\Users\chris\eclipse-workspace\smart-thermostat-matter\db\trap\java\classes\java\util\function\BinaryOperator.members...
[2026-07-15 20:42:57] [PROGRESS] resolve files> Scanning C:\Users\chris\eclipse-workspace\smart-thermostat-matter\db\trap\java\classes\java\util\function\Consumer.members...
[2026-07-15 20:42:57] [PROGRESS] resolve files> Scanning C:\Users\chris\eclipse-workspace\smart-thermostat-matter\db\trap\java\classes\java\util\function\DoubleBinaryOperator.members...
[2026-07-15 20:42:57] [PROGRESS] resolve files> Scanning C:\Users\chris\eclipse-workspace\smart-thermostat-matter\db\trap\java\classes\java\util\function\DoubleConsumer.members...
[2026-07-15 20:42:57] [PROGRESS] resolve files> Scanning C:\Users\chris\eclipse-workspace\smart-thermostat-matter\db\trap\java\classes\java\util\function\DoubleFunction.members...
[2026-07-15 20:42:57] [PROGRESS] resolve files> Scanning C:\Users\chris\eclipse-workspace\smart-thermostat-matter\db\trap\java\classes\java\util\function\DoublePredicate.members...
[2026-07-15 20:42:57] [PROGRESS] resolve files> Scanning C:\Users\chris\eclipse-workspace\smart-thermostat-matter\db\trap\java\classes\java\util\function\DoubleSupplier.members...
[2026-07-15 20:42:57] [PROGRESS] resolve files> Scanning C:\Users\chris\eclipse-workspace\smart-thermostat-matter\db\trap\java\classes\java\util\function\DoubleToIntFunction.members...
[2026-07-15 20:42:57] [PROGRESS] resolve files> Scanning C:\Users\chris\eclipse-workspace\smart-thermostat-matter\db\trap\java\classes\java\util\function\DoubleToLongFunction.members...
[2026-07-15 20:42:57] [PROGRESS] resolve files> Scanning C:\Users\chris\eclipse-workspace\smart-thermostat-matter\db\trap\java\classes\java\util\function\DoubleUnaryOperator.members...
[2026-07-15 20:42:57] [PROGRESS] resolve files> Scanning C:\Users\chris\eclipse-workspace\smart-thermostat-matter\db\trap\java\classes\java\util\function\Function.members...
[2026-07-15 20:42:57] [PROGRESS] resolve files> Scanning C:\Users\chris\eclipse-workspace\smart-thermostat-matter\db\trap\java\classes\java\util\function\IntBinaryOperator.members...
[2026-07-15 20:42:57] [PROGRESS] resolve files> Scanning C:\Users\chris\eclipse-workspace\smart-thermostat-matter\db\trap\java\classes\java\util\function\IntConsumer.members...
[2026-07-15 20:42:57] [PROGRESS] resolve files> Scanning C:\Users\chris\eclipse-workspace\smart-thermostat-matter\db\trap\java\classes\java\util\function\IntFunction.members...
[2026-07-15 20:42:57] [PROGRESS] resolve files> Scanning C:\Users\chris\eclipse-workspace\smart-thermostat-matter\db\trap\java\classes\java\util\function\IntPredicate.members...
[2026-07-15 20:42:57] [PROGRESS] resolve files> Scanning C:\Users\chris\eclipse-workspace\smart-thermostat-matter\db\trap\java\classes\java\util\function\IntSupplier.members...
[2026-07-15 20:42:57] [PROGRESS] resolve files> Scanning C:\Users\chris\eclipse-workspace\smart-thermostat-matter\db\trap\java\classes\java\util\function\IntToDoubleFunction.members...
[2026-07-15 20:42:57] [PROGRESS] resolve files> Scanning C:\Users\chris\eclipse-workspace\smart-thermostat-matter\db\trap\java\classes\java\util\function\IntToLongFunction.members...
[2026-07-15 20:42:57] [PROGRESS] resolve files> Scanning C:\Users\chris\eclipse-workspace\smart-thermostat-matter\db\trap\java\classes\java\util\function\IntUnaryOperator.members...
[2026-07-15 20:42:57] [PROGRESS] resolve files> Scanning C:\Users\chris\eclipse-workspace\smart-thermostat-matter\db\trap\java\classes\java\util\function\LongBinaryOperator.members...
[2026-07-15 20:42:57] [PROGRESS] resolve files> Scanning C:\Users\chris\eclipse-workspace\smart-thermostat-matter\db\trap\java\classes\java\util\function\LongConsumer.members...
[2026-07-15 20:42:57] [PROGRESS] resolve files> Scanning C:\Users\chris\eclipse-workspace\smart-thermostat-matter\db\trap\java\classes\java\util\function\LongFunction.members...
[2026-07-15 20:42:57] [PROGRESS] resolve files> Scanning C:\Users\chris\eclipse-workspace\smart-thermostat-matter\db\trap\java\classes\java\util\function\LongPredicate.members...
[2026-07-15 20:42:57] [PROGRESS] resolve files> Scanning C:\Users\chris\eclipse-workspace\smart-thermostat-matter\db\trap\java\classes\java\util\function\LongSupplier.members...
[2026-07-15 20:42:57] [PROGRESS] resolve files> Scanning C:\Users\chris\eclipse-workspace\smart-thermostat-matter\db\trap\java\classes\java\util\function\LongToDoubleFunction.members...
[2026-07-15 20:42:57] [PROGRESS] resolve files> Scanning C:\Users\chris\eclipse-workspace\smart-thermostat-matter\db\trap\java\classes\java\util\function\LongToIntFunction.members...
[2026-07-15 20:42:57] [PROGRESS] resolve files> Scanning C:\Users\chris\eclipse-workspace\smart-thermostat-matter\db\trap\java\classes\java\util\function\LongUnaryOperator.members...
[2026-07-15 20:42:57] [PROGRESS] resolve files> Scanning C:\Users\chris\eclipse-workspace\smart-thermostat-matter\db\trap\java\classes\java\util\function\ObjDoubleConsumer.members...
[2026-07-15 20:42:57] [PROGRESS] resolve files> Scanning C:\Users\chris\eclipse-workspace\smart-thermostat-matter\db\trap\java\classes\java\util\function\ObjIntConsumer.members...
[2026-07-15 20:42:57] [PROGRESS] resolve files> Scanning C:\Users\chris\eclipse-workspace\smart-thermostat-matter\db\trap\java\classes\java\util\function\ObjLongConsumer.members...
[2026-07-15 20:42:57] [PROGRESS] resolve files> Scanning C:\Users\chris\eclipse-workspace\smart-thermostat-matter\db\trap\java\classes\java\util\function\Predicate.members...
[2026-07-15 20:42:57] [PROGRESS] resolve files> Scanning C:\Users\chris\eclipse-workspace\smart-thermostat-matter\db\trap\java\classes\java\util\function\Supplier.members...
[2026-07-15 20:42:57] [PROGRESS] resolve files> Scanning C:\Users\chris\eclipse-workspace\smart-thermostat-matter\db\trap\java\classes\java\util\function\ToDoubleBiFunction.members...
[2026-07-15 20:42:57] [PROGRESS] resolve files> Scanning C:\Users\chris\eclipse-workspace\smart-thermostat-matter\db\trap\java\classes\java\util\function\ToDoubleFunction.members...
[2026-07-15 20:42:57] [PROGRESS] resolve files> Scanning C:\Users\chris\eclipse-workspace\smart-thermostat-matter\db\trap\java\classes\java\util\function\ToIntBiFunction.members...
[2026-07-15 20:42:57] [PROGRESS] resolve files> Scanning C:\Users\chris\eclipse-workspace\smart-thermostat-matter\db\trap\java\classes\java\util\function\ToIntFunction.members...
[2026-07-15 20:42:57] [PROGRESS] resolve files> Scanning C:\Users\chris\eclipse-workspace\smart-thermostat-matter\db\trap\java\classes\java\util\function\ToLongBiFunction.members...
[2026-07-15 20:42:57] [PROGRESS] resolve files> Scanning C:\Users\chris\eclipse-workspace\smart-thermostat-matter\db\trap\java\classes\java\util\function\ToLongFunction.members...
[2026-07-15 20:42:57] [PROGRESS] resolve files> Scanning C:\Users\chris\eclipse-workspace\smart-thermostat-matter\db\trap\java\classes\java\util\function\UnaryOperator.members...
[2026-07-15 20:42:57] [PROGRESS] resolve files> Scanning C:\Users\chris\eclipse-workspace\smart-thermostat-matter\db\trap\java\classes\java\util\HashMap$Node.members...
[2026-07-15 20:42:57] [PROGRESS] resolve files> Scanning C:\Users\chris\eclipse-workspace\smart-thermostat-matter\db\trap\java\classes\java\util\HashMap$TreeNode.members...
[2026-07-15 20:42:57] [PROGRESS] resolve files> Scanning C:\Users\chris\eclipse-workspace\smart-thermostat-matter\db\trap\java\classes\java\util\HashMap.members...
[2026-07-15 20:42:57] [PROGRESS] resolve files> Scanning C:\Users\chris\eclipse-workspace\smart-thermostat-matter\db\trap\java\classes\java\util\Hashtable.members...
[2026-07-15 20:42:57] [PROGRESS] resolve files> Scanning C:\Users\chris\eclipse-workspace\smart-thermostat-matter\db\trap\java\classes\java\util\IntSummaryStatistics.members...
[2026-07-15 20:42:57] [PROGRESS] resolve files> Scanning C:\Users\chris\eclipse-workspace\smart-thermostat-matter\db\trap\java\classes\java\util\InvalidPropertiesFormatException.members...
[2026-07-15 20:42:57] [PROGRESS] resolve files> Scanning C:\Users\chris\eclipse-workspace\smart-thermostat-matter\db\trap\java\classes\java\util\Iterator.members...
[2026-07-15 20:42:57] [PROGRESS] resolve files> Scanning C:\Users\chris\eclipse-workspace\smart-thermostat-matter\db\trap\java\classes\java\util\JumboEnumSet.members...
[2026-07-15 20:42:57] [PROGRESS] resolve files> Scanning C:\Users\chris\eclipse-workspace\smart-thermostat-matter\db\trap\java\classes\java\util\LinkedHashMap$Entry.members...
[2026-07-15 20:42:57] [PROGRESS] resolve files> Scanning C:\Users\chris\eclipse-workspace\smart-thermostat-matter\db\trap\java\classes\java\util\LinkedHashMap.members...
[2026-07-15 20:42:57] [PROGRESS] resolve files> Scanning C:\Users\chris\eclipse-workspace\smart-thermostat-matter\db\trap\java\classes\java\util\List.members...
[2026-07-15 20:42:57] [PROGRESS] resolve files> Scanning C:\Users\chris\eclipse-workspace\smart-thermostat-matter\db\trap\java\classes\java\util\ListIterator.members...
[2026-07-15 20:42:57] [PROGRESS] resolve files> Scanning C:\Users\chris\eclipse-workspace\smart-thermostat-matter\db\trap\java\classes\java\util\Locale$Category.members...
[2026-07-15 20:42:57] [PROGRESS] resolve files> Scanning C:\Users\chris\eclipse-workspace\smart-thermostat-matter\db\trap\java\classes\java\util\Locale$FilteringMode.members...
[2026-07-15 20:42:57] [PROGRESS] resolve files> Scanning C:\Users\chris\eclipse-workspace\smart-thermostat-matter\db\trap\java\classes\java\util\Locale$IsoCountryCode.members...
[2026-07-15 20:42:57] [PROGRESS] resolve files> Scanning C:\Users\chris\eclipse-workspace\smart-thermostat-matter\db\trap\java\classes\java\util\Locale$LanguageRange.members...
[2026-07-15 20:42:57] [PROGRESS] resolve files> Scanning C:\Users\chris\eclipse-workspace\smart-thermostat-matter\db\trap\java\classes\java\util\Locale.members...
[2026-07-15 20:42:57] [PROGRESS] resolve files> Scanning C:\Users\chris\eclipse-workspace\smart-thermostat-matter\db\trap\java\classes\java\util\logging...
[2026-07-15 20:42:57] [PROGRESS] resolve files> Scanning C:\Users\chris\eclipse-workspace\smart-thermostat-matter\db\trap\java\classes\java\util\logging\ErrorManager.members...
[2026-07-15 20:42:57] [PROGRESS] resolve files> Scanning C:\Users\chris\eclipse-workspace\smart-thermostat-matter\db\trap\java\classes\java\util\logging\Filter.members...
[2026-07-15 20:42:57] [PROGRESS] resolve files> Scanning C:\Users\chris\eclipse-workspace\smart-thermostat-matter\db\trap\java\classes\java\util\logging\Formatter.members...
[2026-07-15 20:42:57] [PROGRESS] resolve files> Scanning C:\Users\chris\eclipse-workspace\smart-thermostat-matter\db\trap\java\classes\java\util\logging\Handler.members...
[2026-07-15 20:42:57] [PROGRESS] resolve files> Scanning C:\Users\chris\eclipse-workspace\smart-thermostat-matter\db\trap\java\classes\java\util\logging\Level.members...
[2026-07-15 20:42:57] [PROGRESS] resolve files> Scanning C:\Users\chris\eclipse-workspace\smart-thermostat-matter\db\trap\java\classes\java\util\logging\Logger.members...
[2026-07-15 20:42:57] [PROGRESS] resolve files> Scanning C:\Users\chris\eclipse-workspace\smart-thermostat-matter\db\trap\java\classes\java\util\logging\LoggingMXBean.members...
[2026-07-15 20:42:57] [PROGRESS] resolve files> Scanning C:\Users\chris\eclipse-workspace\smart-thermostat-matter\db\trap\java\classes\java\util\logging\LogManager$LoggerContext.members...
[2026-07-15 20:42:57] [PROGRESS] resolve files> Scanning C:\Users\chris\eclipse-workspace\smart-thermostat-matter\db\trap\java\classes\java\util\logging\LogManager$LoggerWeakRef.members...
[2026-07-15 20:42:57] [PROGRESS] resolve files> Scanning C:\Users\chris\eclipse-workspace\smart-thermostat-matter\db\trap\java\classes\java\util\logging\LogManager$LogNode.members...
[2026-07-15 20:42:57] [PROGRESS] resolve files> Scanning C:\Users\chris\eclipse-workspace\smart-thermostat-matter\db\trap\java\classes\java\util\logging\LogManager.members...
[2026-07-15 20:42:57] [PROGRESS] resolve files> Scanning C:\Users\chris\eclipse-workspace\smart-thermostat-matter\db\trap\java\classes\java\util\logging\LogRecord.members...
[2026-07-15 20:42:57] [PROGRESS] resolve files> Scanning C:\Users\chris\eclipse-workspace\smart-thermostat-matter\db\trap\java\classes\java\util\LongSummaryStatistics.members...
[2026-07-15 20:42:57] [PROGRESS] resolve files> Scanning C:\Users\chris\eclipse-workspace\smart-thermostat-matter\db\trap\java\classes\java\util\Map$Entry.members...
[2026-07-15 20:42:57] [PROGRESS] resolve files> Scanning C:\Users\chris\eclipse-workspace\smart-thermostat-matter\db\trap\java\classes\java\util\Map.members...
[2026-07-15 20:42:57] [PROGRESS] resolve files> Scanning C:\Users\chris\eclipse-workspace\smart-thermostat-matter\db\trap\java\classes\java\util\MissingResourceException.members...
[2026-07-15 20:42:57] [PROGRESS] resolve files> Scanning C:\Users\chris\eclipse-workspace\smart-thermostat-matter\db\trap\java\classes\java\util\Optional.members...
[2026-07-15 20:42:57] [PROGRESS] resolve files> Scanning C:\Users\chris\eclipse-workspace\smart-thermostat-matter\db\trap\java\classes\java\util\OptionalDouble.members...
[2026-07-15 20:42:57] [PROGRESS] resolve files> Scanning C:\Users\chris\eclipse-workspace\smart-thermostat-matter\db\trap\java\classes\java\util\OptionalInt.members...
[2026-07-15 20:42:57] [PROGRESS] resolve files> Scanning C:\Users\chris\eclipse-workspace\smart-thermostat-matter\db\trap\java\classes\java\util\OptionalLong.members...
[2026-07-15 20:42:57] [PROGRESS] resolve files> Scanning C:\Users\chris\eclipse-workspace\smart-thermostat-matter\db\trap\java\classes\java\util\PrimitiveIterator$OfDouble.members...
[2026-07-15 20:42:57] [PROGRESS] resolve files> Scanning C:\Users\chris\eclipse-workspace\smart-thermostat-matter\db\trap\java\classes\java\util\PrimitiveIterator$OfInt.members...
[2026-07-15 20:42:57] [PROGRESS] resolve files> Scanning C:\Users\chris\eclipse-workspace\smart-thermostat-matter\db\trap\java\classes\java\util\PrimitiveIterator$OfLong.members...
[2026-07-15 20:42:57] [PROGRESS] resolve files> Scanning C:\Users\chris\eclipse-workspace\smart-thermostat-matter\db\trap\java\classes\java\util\PrimitiveIterator.members...
[2026-07-15 20:42:57] [PROGRESS] resolve files> Scanning C:\Users\chris\eclipse-workspace\smart-thermostat-matter\db\trap\java\classes\java\util\Properties.members...
[2026-07-15 20:42:57] [PROGRESS] resolve files> Scanning C:\Users\chris\eclipse-workspace\smart-thermostat-matter\db\trap\java\classes\java\util\random...
[2026-07-15 20:42:57] [PROGRESS] resolve files> Scanning C:\Users\chris\eclipse-workspace\smart-thermostat-matter\db\trap\java\classes\java\util\random\RandomGenerator.members...
[2026-07-15 20:42:57] [PROGRESS] resolve files> Scanning C:\Users\chris\eclipse-workspace\smart-thermostat-matter\db\trap\java\classes\java\util\Random.members...
[2026-07-15 20:42:57] [PROGRESS] resolve files> Scanning C:\Users\chris\eclipse-workspace\smart-thermostat-matter\db\trap\java\classes\java\util\RegularEnumSet.members...
[2026-07-15 20:42:57] [PROGRESS] resolve files> Scanning C:\Users\chris\eclipse-workspace\smart-thermostat-matter\db\trap\java\classes\java\util\ResourceBundle$Control.members...
[2026-07-15 20:42:57] [PROGRESS] resolve files> Scanning C:\Users\chris\eclipse-workspace\smart-thermostat-matter\db\trap\java\classes\java\util\ResourceBundle.members...
[2026-07-15 20:42:57] [PROGRESS] resolve files> Scanning C:\Users\chris\eclipse-workspace\smart-thermostat-matter\db\trap\java\classes\java\util\SequencedCollection.members...
[2026-07-15 20:42:57] [PROGRESS] resolve files> Scanning C:\Users\chris\eclipse-workspace\smart-thermostat-matter\db\trap\java\classes\java\util\SequencedMap.members...
[2026-07-15 20:42:57] [PROGRESS] resolve files> Scanning C:\Users\chris\eclipse-workspace\smart-thermostat-matter\db\trap\java\classes\java\util\SequencedSet.members...
[2026-07-15 20:42:57] [PROGRESS] resolve files> Scanning C:\Users\chris\eclipse-workspace\smart-thermostat-matter\db\trap\java\classes\java\util\Set.members...
[2026-07-15 20:42:57] [PROGRESS] resolve files> Scanning C:\Users\chris\eclipse-workspace\smart-thermostat-matter\db\trap\java\classes\java\util\SortedMap.members...
[2026-07-15 20:42:57] [PROGRESS] resolve files> Scanning C:\Users\chris\eclipse-workspace\smart-thermostat-matter\db\trap\java\classes\java\util\Spliterator$OfDouble.members...
[2026-07-15 20:42:57] [PROGRESS] resolve files> Scanning C:\Users\chris\eclipse-workspace\smart-thermostat-matter\db\trap\java\classes\java\util\Spliterator$OfInt.members...
[2026-07-15 20:42:57] [PROGRESS] resolve files> Scanning C:\Users\chris\eclipse-workspace\smart-thermostat-matter\db\trap\java\classes\java\util\Spliterator$OfLong.members...
[2026-07-15 20:42:57] [PROGRESS] resolve files> Scanning C:\Users\chris\eclipse-workspace\smart-thermostat-matter\db\trap\java\classes\java\util\Spliterator$OfPrimitive.members...
[2026-07-15 20:42:57] [PROGRESS] resolve files> Scanning C:\Users\chris\eclipse-workspace\smart-thermostat-matter\db\trap\java\classes\java\util\Spliterator.members...
[2026-07-15 20:42:57] [PROGRESS] resolve files> Scanning C:\Users\chris\eclipse-workspace\smart-thermostat-matter\db\trap\java\classes\java\util\stream...
[2026-07-15 20:42:57] [PROGRESS] resolve files> Scanning C:\Users\chris\eclipse-workspace\smart-thermostat-matter\db\trap\java\classes\java\util\stream\BaseStream.members...
[2026-07-15 20:42:57] [PROGRESS] resolve files> Scanning C:\Users\chris\eclipse-workspace\smart-thermostat-matter\db\trap\java\classes\java\util\stream\Collector$Characteristics.members...
[2026-07-15 20:42:57] [PROGRESS] resolve files> Scanning C:\Users\chris\eclipse-workspace\smart-thermostat-matter\db\trap\java\classes\java\util\stream\Collector.members...
[2026-07-15 20:42:57] [PROGRESS] resolve files> Scanning C:\Users\chris\eclipse-workspace\smart-thermostat-matter\db\trap\java\classes\java\util\stream\DoubleStream$Builder.members...
[2026-07-15 20:42:57] [PROGRESS] resolve files> Scanning C:\Users\chris\eclipse-workspace\smart-thermostat-matter\db\trap\java\classes\java\util\stream\DoubleStream$DoubleMapMultiConsumer.members...
[2026-07-15 20:42:57] [PROGRESS] resolve files> Scanning C:\Users\chris\eclipse-workspace\smart-thermostat-matter\db\trap\java\classes\java\util\stream\DoubleStream.members...
[2026-07-15 20:42:57] [PROGRESS] resolve files> Scanning C:\Users\chris\eclipse-workspace\smart-thermostat-matter\db\trap\java\classes\java\util\stream\IntStream$Builder.members...
[2026-07-15 20:42:57] [PROGRESS] resolve files> Scanning C:\Users\chris\eclipse-workspace\smart-thermostat-matter\db\trap\java\classes\java\util\stream\IntStream$IntMapMultiConsumer.members...
[2026-07-15 20:42:57] [PROGRESS] resolve files> Scanning C:\Users\chris\eclipse-workspace\smart-thermostat-matter\db\trap\java\classes\java\util\stream\IntStream.members...
[2026-07-15 20:42:57] [PROGRESS] resolve files> Scanning C:\Users\chris\eclipse-workspace\smart-thermostat-matter\db\trap\java\classes\java\util\stream\LongStream$Builder.members...
[2026-07-15 20:42:57] [PROGRESS] resolve files> Scanning C:\Users\chris\eclipse-workspace\smart-thermostat-matter\db\trap\java\classes\java\util\stream\LongStream$LongMapMultiConsumer.members...
[2026-07-15 20:42:57] [PROGRESS] resolve files> Scanning C:\Users\chris\eclipse-workspace\smart-thermostat-matter\db\trap\java\classes\java\util\stream\LongStream.members...
[2026-07-15 20:42:57] [PROGRESS] resolve files> Scanning C:\Users\chris\eclipse-workspace\smart-thermostat-matter\db\trap\java\classes\java\util\stream\Stream$Builder.members...
[2026-07-15 20:42:57] [PROGRESS] resolve files> Scanning C:\Users\chris\eclipse-workspace\smart-thermostat-matter\db\trap\java\classes\java\util\stream\Stream.members...
[2026-07-15 20:42:57] [PROGRESS] resolve files> Scanning C:\Users\chris\eclipse-workspace\smart-thermostat-matter\db\trap\java\classes\java\util\TimeZone.members...
[2026-07-15 20:42:57] [PROGRESS] resolve files> Scanning C:\Users\chris\eclipse-workspace\smart-thermostat-matter\db\trap\java\classes\java\util\WeakHashMap$Entry.members...
[2026-07-15 20:42:57] [PROGRESS] resolve files> Scanning C:\Users\chris\eclipse-workspace\smart-thermostat-matter\db\trap\java\classes\java\util\WeakHashMap.members...
[2026-07-15 20:42:57] [PROGRESS] resolve files> Scanning C:\Users\chris\eclipse-workspace\smart-thermostat-matter\db\trap\java\classes\javax...
[2026-07-15 20:42:57] [PROGRESS] resolve files> Scanning C:\Users\chris\eclipse-workspace\smart-thermostat-matter\db\trap\java\classes\javax\crypto...
[2026-07-15 20:42:57] [PROGRESS] resolve files> Scanning C:\Users\chris\eclipse-workspace\smart-thermostat-matter\db\trap\java\classes\javax\crypto\BadPaddingException.members...
[2026-07-15 20:42:57] [PROGRESS] resolve files> Scanning C:\Users\chris\eclipse-workspace\smart-thermostat-matter\db\trap\java\classes\javax\crypto\Cipher.members...
[2026-07-15 20:42:57] [PROGRESS] resolve files> Scanning C:\Users\chris\eclipse-workspace\smart-thermostat-matter\db\trap\java\classes\javax\crypto\CipherSpi.members...
[2026-07-15 20:42:57] [PROGRESS] resolve files> Scanning C:\Users\chris\eclipse-workspace\smart-thermostat-matter\db\trap\java\classes\javax\crypto\ExemptionMechanism.members...
[2026-07-15 20:42:57] [PROGRESS] resolve files> Scanning C:\Users\chris\eclipse-workspace\smart-thermostat-matter\db\trap\java\classes\javax\crypto\ExemptionMechanismException.members...
[2026-07-15 20:42:57] [PROGRESS] resolve files> Scanning C:\Users\chris\eclipse-workspace\smart-thermostat-matter\db\trap\java\classes\javax\crypto\ExemptionMechanismSpi.members...
[2026-07-15 20:42:57] [PROGRESS] resolve files> Scanning C:\Users\chris\eclipse-workspace\smart-thermostat-matter\db\trap\java\classes\javax\crypto\IllegalBlockSizeException.members...
[2026-07-15 20:42:57] [PROGRESS] resolve files> Scanning C:\Users\chris\eclipse-workspace\smart-thermostat-matter\db\trap\java\classes\javax\crypto\NoSuchPaddingException.members...
[2026-07-15 20:42:57] [PROGRESS] resolve files> Scanning C:\Users\chris\eclipse-workspace\smart-thermostat-matter\db\trap\java\classes\javax\crypto\SecretKey.members...
[2026-07-15 20:42:57] [PROGRESS] resolve files> Scanning C:\Users\chris\eclipse-workspace\smart-thermostat-matter\db\trap\java\classes\javax\crypto\ShortBufferException.members...
[2026-07-15 20:42:57] [PROGRESS] resolve files> Scanning C:\Users\chris\eclipse-workspace\smart-thermostat-matter\db\trap\java\classes\javax\crypto\spec...
[2026-07-15 20:42:57] [PROGRESS] resolve files> Scanning C:\Users\chris\eclipse-workspace\smart-thermostat-matter\db\trap\java\classes\javax\crypto\spec\SecretKeySpec.members...
[2026-07-15 20:42:57] [PROGRESS] resolve files> Scanning C:\Users\chris\eclipse-workspace\smart-thermostat-matter\db\trap\java\classes\javax\net...
[2026-07-15 20:42:57] [PROGRESS] resolve files> Scanning C:\Users\chris\eclipse-workspace\smart-thermostat-matter\db\trap\java\classes\javax\net\ServerSocketFactory.members...
[2026-07-15 20:42:57] [PROGRESS] resolve files> Scanning C:\Users\chris\eclipse-workspace\smart-thermostat-matter\db\trap\java\classes\javax\net\SocketFactory.members...
[2026-07-15 20:42:57] [PROGRESS] resolve files> Scanning C:\Users\chris\eclipse-workspace\smart-thermostat-matter\db\trap\java\classes\javax\net\ssl...
[2026-07-15 20:42:57] [PROGRESS] resolve files> Scanning C:\Users\chris\eclipse-workspace\smart-thermostat-matter\db\trap\java\classes\javax\net\ssl\KeyManager.members...
[2026-07-15 20:42:57] [PROGRESS] resolve files> Scanning C:\Users\chris\eclipse-workspace\smart-thermostat-matter\db\trap\java\classes\javax\net\ssl\SNIMatcher.members...
[2026-07-15 20:42:57] [PROGRESS] resolve files> Scanning C:\Users\chris\eclipse-workspace\smart-thermostat-matter\db\trap\java\classes\javax\net\ssl\SNIServerName.members...
[2026-07-15 20:42:57] [PROGRESS] resolve files> Scanning C:\Users\chris\eclipse-workspace\smart-thermostat-matter\db\trap\java\classes\javax\net\ssl\SSLContext.members...
[2026-07-15 20:42:57] [PROGRESS] resolve files> Scanning C:\Users\chris\eclipse-workspace\smart-thermostat-matter\db\trap\java\classes\javax\net\ssl\SSLContextSpi.members...
[2026-07-15 20:42:57] [PROGRESS] resolve files> Scanning C:\Users\chris\eclipse-workspace\smart-thermostat-matter\db\trap\java\classes\javax\net\ssl\SSLEngine.members...
[2026-07-15 20:42:57] [PROGRESS] resolve files> Scanning C:\Users\chris\eclipse-workspace\smart-thermostat-matter\db\trap\java\classes\javax\net\ssl\SSLEngineResult$HandshakeStatus.members...
[2026-07-15 20:42:57] [PROGRESS] resolve files> Scanning C:\Users\chris\eclipse-workspace\smart-thermostat-matter\db\trap\java\classes\javax\net\ssl\SSLEngineResult$Status.members...
[2026-07-15 20:42:57] [PROGRESS] resolve files> Scanning C:\Users\chris\eclipse-workspace\smart-thermostat-matter\db\trap\java\classes\javax\net\ssl\SSLEngineResult.members...
[2026-07-15 20:42:57] [PROGRESS] resolve files> Scanning C:\Users\chris\eclipse-workspace\smart-thermostat-matter\db\trap\java\classes\javax\net\ssl\SSLException.members...
[2026-07-15 20:42:57] [PROGRESS] resolve files> Scanning C:\Users\chris\eclipse-workspace\smart-thermostat-matter\db\trap\java\classes\javax\net\ssl\SSLParameters.members...
[2026-07-15 20:42:57] [PROGRESS] resolve files> Scanning C:\Users\chris\eclipse-workspace\smart-thermostat-matter\db\trap\java\classes\javax\net\ssl\SSLPeerUnverifiedException.members...
[2026-07-15 20:42:57] [PROGRESS] resolve files> Scanning C:\Users\chris\eclipse-workspace\smart-thermostat-matter\db\trap\java\classes\javax\net\ssl\SSLServerSocketFactory.members...
[2026-07-15 20:42:57] [PROGRESS] resolve files> Scanning C:\Users\chris\eclipse-workspace\smart-thermostat-matter\db\trap\java\classes\javax\net\ssl\SSLSession.members...
[2026-07-15 20:42:57] [PROGRESS] resolve files> Scanning C:\Users\chris\eclipse-workspace\smart-thermostat-matter\db\trap\java\classes\javax\net\ssl\SSLSessionContext.members...
[2026-07-15 20:42:57] [PROGRESS] resolve files> Scanning C:\Users\chris\eclipse-workspace\smart-thermostat-matter\db\trap\java\classes\javax\net\ssl\SSLSocketFactory.members...
[2026-07-15 20:42:57] [PROGRESS] resolve files> Scanning C:\Users\chris\eclipse-workspace\smart-thermostat-matter\db\trap\java\classes\javax\net\ssl\TrustManager.members...
[2026-07-15 20:42:57] [PROGRESS] resolve files> Scanning C:\Users\chris\eclipse-workspace\smart-thermostat-matter\db\trap\java\classes\javax\net\ssl\X509TrustManager.members...
[2026-07-15 20:42:57] [PROGRESS] resolve files> Scanning C:\Users\chris\eclipse-workspace\smart-thermostat-matter\db\trap\java\classes\javax\security...
[2026-07-15 20:42:57] [PROGRESS] resolve files> Scanning C:\Users\chris\eclipse-workspace\smart-thermostat-matter\db\trap\java\classes\javax\security\auth...
[2026-07-15 20:42:57] [PROGRESS] resolve files> Scanning C:\Users\chris\eclipse-workspace\smart-thermostat-matter\db\trap\java\classes\javax\security\auth\Destroyable.members...
[2026-07-15 20:42:57] [PROGRESS] resolve files> Scanning C:\Users\chris\eclipse-workspace\smart-thermostat-matter\db\trap\java\classes\javax\security\auth\DestroyFailedException.members...
[2026-07-15 20:42:57] [PROGRESS] resolve files> Scanning C:\Users\chris\eclipse-workspace\smart-thermostat-matter\db\trap\java\classes\javax\security\auth\Subject.members...
[2026-07-15 20:42:57] [PROGRESS] resolve files> Scanning C:\Users\chris\eclipse-workspace\smart-thermostat-matter\db\trap\java\classes\javax\security\auth\x500...
[2026-07-15 20:42:57] [PROGRESS] resolve files> Scanning C:\Users\chris\eclipse-workspace\smart-thermostat-matter\db\trap\java\classes\javax\security\auth\x500\X500Principal.members...
[2026-07-15 20:42:57] [PROGRESS] resolve files> Scanning C:\Users\chris\eclipse-workspace\smart-thermostat-matter\db\trap\java\classes\javax\security\cert...
[2026-07-15 20:42:57] [PROGRESS] resolve files> Scanning C:\Users\chris\eclipse-workspace\smart-thermostat-matter\db\trap\java\classes\javax\security\cert\Certificate.members...
[2026-07-15 20:42:57] [PROGRESS] resolve files> Scanning C:\Users\chris\eclipse-workspace\smart-thermostat-matter\db\trap\java\classes\javax\security\cert\CertificateEncodingException.members...
[2026-07-15 20:42:57] [PROGRESS] resolve files> Scanning C:\Users\chris\eclipse-workspace\smart-thermostat-matter\db\trap\java\classes\javax\security\cert\CertificateException.members...
[2026-07-15 20:42:57] [PROGRESS] resolve files> Scanning C:\Users\chris\eclipse-workspace\smart-thermostat-matter\db\trap\java\classes\javax\security\cert\CertificateExpiredException.members...
[2026-07-15 20:42:57] [PROGRESS] resolve files> Scanning C:\Users\chris\eclipse-workspace\smart-thermostat-matter\db\trap\java\classes\javax\security\cert\CertificateNotYetValidException.members...
[2026-07-15 20:42:57] [PROGRESS] resolve files> Scanning C:\Users\chris\eclipse-workspace\smart-thermostat-matter\db\trap\java\classes\javax\security\cert\X509Certificate.members...
[2026-07-15 20:42:57] [PROGRESS] resolve files> Scanning C:\Users\chris\eclipse-workspace\smart-thermostat-matter\db\trap\java\classes\javax\xml...
[2026-07-15 20:42:57] [PROGRESS] resolve files> Scanning C:\Users\chris\eclipse-workspace\smart-thermostat-matter\db\trap\java\classes\javax\xml\transform...
[2026-07-15 20:42:57] [PROGRESS] resolve files> Scanning C:\Users\chris\eclipse-workspace\smart-thermostat-matter\db\trap\java\classes\javax\xml\transform\Result.members...
[2026-07-15 20:42:57] [PROGRESS] resolve files> Scanning C:\Users\chris\eclipse-workspace\smart-thermostat-matter\db\trap\java\classes\javax\xml\transform\Source.members...
[2026-07-15 20:42:57] [PROGRESS] resolve files> Scanning C:\Users\chris\eclipse-workspace\smart-thermostat-matter\db\trap\java\classes\jdk...
[2026-07-15 20:42:57] [PROGRESS] resolve files> Scanning C:\Users\chris\eclipse-workspace\smart-thermostat-matter\db\trap\java\classes\jdk\internal...
[2026-07-15 20:42:57] [PROGRESS] resolve files> Scanning C:\Users\chris\eclipse-workspace\smart-thermostat-matter\db\trap\java\classes\jdk\internal\access...
[2026-07-15 20:42:57] [PROGRESS] resolve files> Scanning C:\Users\chris\eclipse-workspace\smart-thermostat-matter\db\trap\java\classes\jdk\internal\access\foreign...
[2026-07-15 20:42:57] [PROGRESS] resolve files> Scanning C:\Users\chris\eclipse-workspace\smart-thermostat-matter\db\trap\java\classes\jdk\internal\access\foreign\UnmapperProxy.members...
[2026-07-15 20:42:57] [PROGRESS] resolve files> Scanning C:\Users\chris\eclipse-workspace\smart-thermostat-matter\db\trap\java\classes\jdk\internal\access\JavaNioAccess.members...
[2026-07-15 20:42:57] [PROGRESS] resolve files> Scanning C:\Users\chris\eclipse-workspace\smart-thermostat-matter\db\trap\java\classes\jdk\internal\foreign...
[2026-07-15 20:42:57] [PROGRESS] resolve files> Scanning C:\Users\chris\eclipse-workspace\smart-thermostat-matter\db\trap\java\classes\jdk\internal\foreign\abi...
[2026-07-15 20:42:57] [PROGRESS] resolve files> Scanning C:\Users\chris\eclipse-workspace\smart-thermostat-matter\db\trap\java\classes\jdk\internal\foreign\abi\ABIDescriptor.members...
[2026-07-15 20:42:57] [PROGRESS] resolve files> Scanning C:\Users\chris\eclipse-workspace\smart-thermostat-matter\db\trap\java\classes\jdk\internal\foreign\abi\Architecture.members...
[2026-07-15 20:42:57] [PROGRESS] resolve files> Scanning C:\Users\chris\eclipse-workspace\smart-thermostat-matter\db\trap\java\classes\jdk\internal\foreign\abi\NativeEntryPoint.members...
[2026-07-15 20:42:57] [PROGRESS] resolve files> Scanning C:\Users\chris\eclipse-workspace\smart-thermostat-matter\db\trap\java\classes\jdk\internal\foreign\abi\VMStorage.members...
[2026-07-15 20:42:57] [PROGRESS] resolve files> Scanning C:\Users\chris\eclipse-workspace\smart-thermostat-matter\db\trap\java\classes\jdk\internal\foreign\AbstractMemorySegmentImpl.members...
[2026-07-15 20:42:57] [PROGRESS] resolve files> Scanning C:\Users\chris\eclipse-workspace\smart-thermostat-matter\db\trap\java\classes\jdk\internal\foreign\ConfinedSession.members...
[2026-07-15 20:42:57] [PROGRESS] resolve files> Scanning C:\Users\chris\eclipse-workspace\smart-thermostat-matter\db\trap\java\classes\jdk\internal\foreign\GlobalSession.members...
[2026-07-15 20:42:57] [PROGRESS] resolve files> Scanning C:\Users\chris\eclipse-workspace\smart-thermostat-matter\db\trap\java\classes\jdk\internal\foreign\HeapMemorySegmentImpl$OfByte.members...
[2026-07-15 20:42:57] [PROGRESS] resolve files> Scanning C:\Users\chris\eclipse-workspace\smart-thermostat-matter\db\trap\java\classes\jdk\internal\foreign\HeapMemorySegmentImpl$OfChar.members...
[2026-07-15 20:42:57] [PROGRESS] resolve files> Scanning C:\Users\chris\eclipse-workspace\smart-thermostat-matter\db\trap\java\classes\jdk\internal\foreign\HeapMemorySegmentImpl$OfDouble.members...
[2026-07-15 20:42:57] [PROGRESS] resolve files> Scanning C:\Users\chris\eclipse-workspace\smart-thermostat-matter\db\trap\java\classes\jdk\internal\foreign\HeapMemorySegmentImpl$OfFloat.members...
[2026-07-15 20:42:57] [PROGRESS] resolve files> Scanning C:\Users\chris\eclipse-workspace\smart-thermostat-matter\db\trap\java\classes\jdk\internal\foreign\HeapMemorySegmentImpl$OfInt.members...
[2026-07-15 20:42:57] [PROGRESS] resolve files> Scanning C:\Users\chris\eclipse-workspace\smart-thermostat-matter\db\trap\java\classes\jdk\internal\foreign\HeapMemorySegmentImpl$OfLong.members...
[2026-07-15 20:42:57] [PROGRESS] resolve files> Scanning C:\Users\chris\eclipse-workspace\smart-thermostat-matter\db\trap\java\classes\jdk\internal\foreign\HeapMemorySegmentImpl$OfShort.members...
[2026-07-15 20:42:57] [PROGRESS] resolve files> Scanning C:\Users\chris\eclipse-workspace\smart-thermostat-matter\db\trap\java\classes\jdk\internal\foreign\HeapMemorySegmentImpl.members...
[2026-07-15 20:42:57] [PROGRESS] resolve files> Scanning C:\Users\chris\eclipse-workspace\smart-thermostat-matter\db\trap\java\classes\jdk\internal\foreign\ImplicitSession.members...
[2026-07-15 20:42:57] [PROGRESS] resolve files> Scanning C:\Users\chris\eclipse-workspace\smart-thermostat-matter\db\trap\java\classes\jdk\internal\foreign\layout...
[2026-07-15 20:42:57] [PROGRESS] resolve files> Scanning C:\Users\chris\eclipse-workspace\smart-thermostat-matter\db\trap\java\classes\jdk\internal\foreign\layout\AbstractGroupLayout$Kind.members...
[2026-07-15 20:42:57] [PROGRESS] resolve files> Scanning C:\Users\chris\eclipse-workspace\smart-thermostat-matter\db\trap\java\classes\jdk\internal\foreign\layout\AbstractGroupLayout.members...
[2026-07-15 20:42:57] [PROGRESS] resolve files> Scanning C:\Users\chris\eclipse-workspace\smart-thermostat-matter\db\trap\java\classes\jdk\internal\foreign\layout\AbstractLayout.members...
[2026-07-15 20:42:57] [PROGRESS] resolve files> Scanning C:\Users\chris\eclipse-workspace\smart-thermostat-matter\db\trap\java\classes\jdk\internal\foreign\layout\PaddingLayoutImpl.members...
[2026-07-15 20:42:57] [PROGRESS] resolve files> Scanning C:\Users\chris\eclipse-workspace\smart-thermostat-matter\db\trap\java\classes\jdk\internal\foreign\layout\SequenceLayoutImpl.members...
[2026-07-15 20:42:57] [PROGRESS] resolve files> Scanning C:\Users\chris\eclipse-workspace\smart-thermostat-matter\db\trap\java\classes\jdk\internal\foreign\layout\StructLayoutImpl.members...
[2026-07-15 20:42:57] [PROGRESS] resolve files> Scanning C:\Users\chris\eclipse-workspace\smart-thermostat-matter\db\trap\java\classes\jdk\internal\foreign\layout\UnionLayoutImpl.members...
[2026-07-15 20:42:57] [PROGRESS] resolve files> Scanning C:\Users\chris\eclipse-workspace\smart-thermostat-matter\db\trap\java\classes\jdk\internal\foreign\layout\ValueLayouts$AbstractValueLayout.members...
[2026-07-15 20:42:57] [PROGRESS] resolve files> Scanning C:\Users\chris\eclipse-workspace\smart-thermostat-matter\db\trap\java\classes\jdk\internal\foreign\layout\ValueLayouts$OfAddressImpl.members...
[2026-07-15 20:42:57] [PROGRESS] resolve files> Scanning C:\Users\chris\eclipse-workspace\smart-thermostat-matter\db\trap\java\classes\jdk\internal\foreign\layout\ValueLayouts$OfBooleanImpl.members...
[2026-07-15 20:42:57] [PROGRESS] resolve files> Scanning C:\Users\chris\eclipse-workspace\smart-thermostat-matter\db\trap\java\classes\jdk\internal\foreign\layout\ValueLayouts$OfByteImpl.members...
[2026-07-15 20:42:57] [PROGRESS] resolve files> Scanning C:\Users\chris\eclipse-workspace\smart-thermostat-matter\db\trap\java\classes\jdk\internal\foreign\layout\ValueLayouts$OfCharImpl.members...
[2026-07-15 20:42:57] [PROGRESS] resolve files> Scanning C:\Users\chris\eclipse-workspace\smart-thermostat-matter\db\trap\java\classes\jdk\internal\foreign\layout\ValueLayouts$OfDoubleImpl.members...
[2026-07-15 20:42:57] [PROGRESS] resolve files> Scanning C:\Users\chris\eclipse-workspace\smart-thermostat-matter\db\trap\java\classes\jdk\internal\foreign\layout\ValueLayouts$OfFloatImpl.members...
[2026-07-15 20:42:57] [PROGRESS] resolve files> Scanning C:\Users\chris\eclipse-workspace\smart-thermostat-matter\db\trap\java\classes\jdk\internal\foreign\layout\ValueLayouts$OfIntImpl.members...
[2026-07-15 20:42:57] [PROGRESS] resolve files> Scanning C:\Users\chris\eclipse-workspace\smart-thermostat-matter\db\trap\java\classes\jdk\internal\foreign\layout\ValueLayouts$OfLongImpl.members...
[2026-07-15 20:42:57] [PROGRESS] resolve files> Scanning C:\Users\chris\eclipse-workspace\smart-thermostat-matter\db\trap\java\classes\jdk\internal\foreign\layout\ValueLayouts$OfShortImpl.members...
[2026-07-15 20:42:57] [PROGRESS] resolve files> Scanning C:\Users\chris\eclipse-workspace\smart-thermostat-matter\db\trap\java\classes\jdk\internal\foreign\layout\ValueLayouts.members...
[2026-07-15 20:42:57] [PROGRESS] resolve files> Scanning C:\Users\chris\eclipse-workspace\smart-thermostat-matter\db\trap\java\classes\jdk\internal\foreign\LayoutPath$PathElementImpl$PathKind.members...
[2026-07-15 20:42:57] [PROGRESS] resolve files> Scanning C:\Users\chris\eclipse-workspace\smart-thermostat-matter\db\trap\java\classes\jdk\internal\foreign\LayoutPath$PathElementImpl.members...
[2026-07-15 20:42:57] [PROGRESS] resolve files> Scanning C:\Users\chris\eclipse-workspace\smart-thermostat-matter\db\trap\java\classes\jdk\internal\foreign\LayoutPath.members...
[2026-07-15 20:42:57] [PROGRESS] resolve files> Scanning C:\Users\chris\eclipse-workspace\smart-thermostat-matter\db\trap\java\classes\jdk\internal\foreign\MappedMemorySegmentImpl.members...
[2026-07-15 20:42:57] [PROGRESS] resolve files> Scanning C:\Users\chris\eclipse-workspace\smart-thermostat-matter\db\trap\java\classes\jdk\internal\foreign\MemorySessionImpl$ResourceList$ResourceCleanup.members...
[2026-07-15 20:42:57] [PROGRESS] resolve files> Scanning C:\Users\chris\eclipse-workspace\smart-thermostat-matter\db\trap\java\classes\jdk\internal\foreign\MemorySessionImpl$ResourceList.members...
[2026-07-15 20:42:57] [PROGRESS] resolve files> Scanning C:\Users\chris\eclipse-workspace\smart-thermostat-matter\db\trap\java\classes\jdk\internal\foreign\MemorySessionImpl.members...
[2026-07-15 20:42:57] [PROGRESS] resolve files> Scanning C:\Users\chris\eclipse-workspace\smart-thermostat-matter\db\trap\java\classes\jdk\internal\foreign\NativeMemorySegmentImpl.members...
[2026-07-15 20:42:57] [PROGRESS] resolve files> Scanning C:\Users\chris\eclipse-workspace\smart-thermostat-matter\db\trap\java\classes\jdk\internal\foreign\SharedSession.members...
[2026-07-15 20:42:57] [PROGRESS] resolve files> Scanning C:\Users\chris\eclipse-workspace\smart-thermostat-matter\db\trap\java\classes\jdk\internal\io...
[2026-07-15 20:42:57] [PROGRESS] resolve files> Scanning C:\Users\chris\eclipse-workspace\smart-thermostat-matter\db\trap\java\classes\jdk\internal\io\JdkConsole.members...
[2026-07-15 20:42:57] [PROGRESS] resolve files> Scanning C:\Users\chris\eclipse-workspace\smart-thermostat-matter\db\trap\java\classes\jdk\internal\javac...
[2026-07-15 20:42:57] [PROGRESS] resolve files> Scanning C:\Users\chris\eclipse-workspace\smart-thermostat-matter\db\trap\java\classes\jdk\internal\javac\PreviewFeature$Feature.members...
[2026-07-15 20:42:57] [PROGRESS] resolve files> Scanning C:\Users\chris\eclipse-workspace\smart-thermostat-matter\db\trap\java\classes\jdk\internal\javac\PreviewFeature$JEP.members...
[2026-07-15 20:42:57] [PROGRESS] resolve files> Scanning C:\Users\chris\eclipse-workspace\smart-thermostat-matter\db\trap\java\classes\jdk\internal\javac\PreviewFeature.members...
[2026-07-15 20:42:57] [PROGRESS] resolve files> Scanning C:\Users\chris\eclipse-workspace\smart-thermostat-matter\db\trap\java\classes\jdk\internal\loader...
[2026-07-15 20:42:57] [PROGRESS] resolve files> Scanning C:\Users\chris\eclipse-workspace\smart-thermostat-matter\db\trap\java\classes\jdk\internal\loader\NativeLibrary.members...
[2026-07-15 20:42:57] [PROGRESS] resolve files> Scanning C:\Users\chris\eclipse-workspace\smart-thermostat-matter\db\trap\java\classes\jdk\internal\misc...
[2026-07-15 20:42:57] [PROGRESS] resolve files> Scanning C:\Users\chris\eclipse-workspace\smart-thermostat-matter\db\trap\java\classes\jdk\internal\misc\ScopedMemoryAccess$Scoped.members...
[2026-07-15 20:42:57] [PROGRESS] resolve files> Scanning C:\Users\chris\eclipse-workspace\smart-thermostat-matter\db\trap\java\classes\jdk\internal\misc\ScopedMemoryAccess$ScopedAccessError.members...
[2026-07-15 20:42:57] [PROGRESS] resolve files> Scanning C:\Users\chris\eclipse-workspace\smart-thermostat-matter\db\trap\java\classes\jdk\internal\misc\ScopedMemoryAccess.members...
[2026-07-15 20:42:57] [PROGRESS] resolve files> Scanning C:\Users\chris\eclipse-workspace\smart-thermostat-matter\db\trap\java\classes\jdk\internal\misc\Unsafe.members...
[2026-07-15 20:42:57] [PROGRESS] resolve files> Scanning C:\Users\chris\eclipse-workspace\smart-thermostat-matter\db\trap\java\classes\jdk\internal\misc\VM$BufferPool.members...
[2026-07-15 20:42:57] [PROGRESS] resolve files> Scanning C:\Users\chris\eclipse-workspace\smart-thermostat-matter\db\trap\java\classes\jdk\internal\misc\VM.members...
[2026-07-15 20:42:57] [PROGRESS] resolve files> Scanning C:\Users\chris\eclipse-workspace\smart-thermostat-matter\db\trap\java\classes\jdk\internal\module...
[2026-07-15 20:42:57] [PROGRESS] resolve files> Scanning C:\Users\chris\eclipse-workspace\smart-thermostat-matter\db\trap\java\classes\jdk\internal\module\ServicesCatalog$ServiceProvider.members...
[2026-07-15 20:42:57] [PROGRESS] resolve files> Scanning C:\Users\chris\eclipse-workspace\smart-thermostat-matter\db\trap\java\classes\jdk\internal\module\ServicesCatalog.members...
[2026-07-15 20:42:57] [PROGRESS] resolve files> Scanning C:\Users\chris\eclipse-workspace\smart-thermostat-matter\db\trap\java\classes\jdk\internal\ref...
[2026-07-15 20:42:57] [PROGRESS] resolve files> Scanning C:\Users\chris\eclipse-workspace\smart-thermostat-matter\db\trap\java\classes\jdk\internal\ref\Cleaner.members...
[2026-07-15 20:42:57] [PROGRESS] resolve files> Scanning C:\Users\chris\eclipse-workspace\smart-thermostat-matter\db\trap\java\classes\jdk\internal\ref\CleanerImpl.members...
[2026-07-15 20:42:57] [PROGRESS] resolve files> Scanning C:\Users\chris\eclipse-workspace\smart-thermostat-matter\db\trap\java\classes\jdk\internal\ref\PhantomCleanable.members...
[2026-07-15 20:42:57] [PROGRESS] resolve files> Scanning C:\Users\chris\eclipse-workspace\smart-thermostat-matter\db\trap\java\classes\jdk\internal\reflect...
[2026-07-15 20:42:57] [PROGRESS] resolve files> Scanning C:\Users\chris\eclipse-workspace\smart-thermostat-matter\db\trap\java\classes\jdk\internal\reflect\CallerSensitive.members...
[2026-07-15 20:42:57] [PROGRESS] resolve files> Scanning C:\Users\chris\eclipse-workspace\smart-thermostat-matter\db\trap\java\classes\jdk\internal\reflect\ConstantPool$Tag.members...
[2026-07-15 20:42:57] [PROGRESS] resolve files> Scanning C:\Users\chris\eclipse-workspace\smart-thermostat-matter\db\trap\java\classes\jdk\internal\reflect\ConstantPool.members...
[2026-07-15 20:42:57] [PROGRESS] resolve files> Scanning C:\Users\chris\eclipse-workspace\smart-thermostat-matter\db\trap\java\classes\jdk\internal\reflect\ConstructorAccessor.members...
[2026-07-15 20:42:57] [PROGRESS] resolve files> Scanning C:\Users\chris\eclipse-workspace\smart-thermostat-matter\db\trap\java\classes\jdk\internal\reflect\FieldAccessor.members...
[2026-07-15 20:42:57] [PROGRESS] resolve files> Scanning C:\Users\chris\eclipse-workspace\smart-thermostat-matter\db\trap\java\classes\jdk\internal\reflect\MagicAccessorImpl.members...
[2026-07-15 20:42:57] [PROGRESS] resolve files> Scanning C:\Users\chris\eclipse-workspace\smart-thermostat-matter\db\trap\java\classes\jdk\internal\reflect\MethodAccessor.members...
[2026-07-15 20:42:57] [PROGRESS] resolve files> Scanning C:\Users\chris\eclipse-workspace\smart-thermostat-matter\db\trap\java\classes\jdk\internal\reflect\MethodAccessorImpl.members...
[2026-07-15 20:42:57] [PROGRESS] resolve files> Scanning C:\Users\chris\eclipse-workspace\smart-thermostat-matter\db\trap\java\classes\jdk\internal\reflect\ReflectionFactory.members...
[2026-07-15 20:42:57] [PROGRESS] resolve files> Scanning C:\Users\chris\eclipse-workspace\smart-thermostat-matter\db\trap\java\classes\jdk\internal\util...
[2026-07-15 20:42:57] [PROGRESS] resolve files> Scanning C:\Users\chris\eclipse-workspace\smart-thermostat-matter\db\trap\java\classes\jdk\internal\util\ClassFileDumper.members...
[2026-07-15 20:42:57] [PROGRESS] resolve files> Scanning C:\Users\chris\eclipse-workspace\smart-thermostat-matter\db\trap\java\classes\jdk\internal\util\random...
[2026-07-15 20:42:57] [PROGRESS] resolve files> Scanning C:\Users\chris\eclipse-workspace\smart-thermostat-matter\db\trap\java\classes\jdk\internal\util\random\RandomSupport$RandomGeneratorProperties.members...
[2026-07-15 20:42:57] [PROGRESS] resolve files> Scanning C:\Users\chris\eclipse-workspace\smart-thermostat-matter\db\trap\java\classes\jdk\internal\util\random\RandomSupport.members...
[2026-07-15 20:42:57] [PROGRESS] resolve files> Scanning C:\Users\chris\eclipse-workspace\smart-thermostat-matter\db\trap\java\classes\jdk\internal\ValueBased.members...
[2026-07-15 20:42:57] [PROGRESS] resolve files> Scanning C:\Users\chris\eclipse-workspace\smart-thermostat-matter\db\trap\java\classes\jdk\internal\vm...
[2026-07-15 20:42:57] [PROGRESS] resolve files> Scanning C:\Users\chris\eclipse-workspace\smart-thermostat-matter\db\trap\java\classes\jdk\internal\vm\annotation...
[2026-07-15 20:42:57] [PROGRESS] resolve files> Scanning C:\Users\chris\eclipse-workspace\smart-thermostat-matter\db\trap\java\classes\jdk\internal\vm\annotation\Contended.members...
[2026-07-15 20:42:57] [PROGRESS] resolve files> Scanning C:\Users\chris\eclipse-workspace\smart-thermostat-matter\db\trap\java\classes\jdk\internal\vm\annotation\DontInline.members...
[2026-07-15 20:42:57] [PROGRESS] resolve files> Scanning C:\Users\chris\eclipse-workspace\smart-thermostat-matter\db\trap\java\classes\jdk\internal\vm\annotation\ForceInline.members...
[2026-07-15 20:42:57] [PROGRESS] resolve files> Scanning C:\Users\chris\eclipse-workspace\smart-thermostat-matter\db\trap\java\classes\jdk\internal\vm\annotation\Hidden.members...
[2026-07-15 20:42:57] [PROGRESS] resolve files> Scanning C:\Users\chris\eclipse-workspace\smart-thermostat-matter\db\trap\java\classes\jdk\internal\vm\annotation\IntrinsicCandidate.members...
[2026-07-15 20:42:57] [PROGRESS] resolve files> Scanning C:\Users\chris\eclipse-workspace\smart-thermostat-matter\db\trap\java\classes\jdk\internal\vm\annotation\ReservedStackAccess.members...
[2026-07-15 20:42:57] [PROGRESS] resolve files> Scanning C:\Users\chris\eclipse-workspace\smart-thermostat-matter\db\trap\java\classes\jdk\internal\vm\annotation\Stable.members...
[2026-07-15 20:42:57] [PROGRESS] resolve files> Scanning C:\Users\chris\eclipse-workspace\smart-thermostat-matter\db\trap\java\classes\jdk\internal\vm\Continuation$Pinned.members...
[2026-07-15 20:42:57] [PROGRESS] resolve files> Scanning C:\Users\chris\eclipse-workspace\smart-thermostat-matter\db\trap\java\classes\jdk\internal\vm\Continuation$PreemptStatus.members...
[2026-07-15 20:42:57] [PROGRESS] resolve files> Scanning C:\Users\chris\eclipse-workspace\smart-thermostat-matter\db\trap\java\classes\jdk\internal\vm\Continuation.members...
[2026-07-15 20:42:57] [PROGRESS] resolve files> Scanning C:\Users\chris\eclipse-workspace\smart-thermostat-matter\db\trap\java\classes\jdk\internal\vm\ContinuationScope.members...
[2026-07-15 20:42:57] [PROGRESS] resolve files> Scanning C:\Users\chris\eclipse-workspace\smart-thermostat-matter\db\trap\java\classes\jdk\internal\vm\ScopedValueContainer$BindingsSnapshot.members...
[2026-07-15 20:42:57] [PROGRESS] resolve files> Scanning C:\Users\chris\eclipse-workspace\smart-thermostat-matter\db\trap\java\classes\jdk\internal\vm\ScopedValueContainer.members...
[2026-07-15 20:42:57] [PROGRESS] resolve files> Scanning C:\Users\chris\eclipse-workspace\smart-thermostat-matter\db\trap\java\classes\jdk\internal\vm\SharedThreadContainer.members...
[2026-07-15 20:42:57] [PROGRESS] resolve files> Scanning C:\Users\chris\eclipse-workspace\smart-thermostat-matter\db\trap\java\classes\jdk\internal\vm\StackableScope.members...
[2026-07-15 20:42:57] [PROGRESS] resolve files> Scanning C:\Users\chris\eclipse-workspace\smart-thermostat-matter\db\trap\java\classes\jdk\internal\vm\ThreadContainer.members...
[2026-07-15 20:42:57] [PROGRESS] resolve files> Scanning C:\Users\chris\eclipse-workspace\smart-thermostat-matter\db\trap\java\classes\jdk\internal\vm\vector...
[2026-07-15 20:42:57] [PROGRESS] resolve files> Scanning C:\Users\chris\eclipse-workspace\smart-thermostat-matter\db\trap\java\classes\jdk\internal\vm\vector\VectorSupport$BinaryOperation.members...
[2026-07-15 20:42:57] [PROGRESS] resolve files> Scanning C:\Users\chris\eclipse-workspace\smart-thermostat-matter\db\trap\java\classes\jdk\internal\vm\vector\VectorSupport$CompressExpandOperation.members...
[2026-07-15 20:42:57] [PROGRESS] resolve files> Scanning C:\Users\chris\eclipse-workspace\smart-thermostat-matter\db\trap\java\classes\jdk\internal\vm\vector\VectorSupport$FromBitsCoercedOperation.members...
[2026-07-15 20:42:57] [PROGRESS] resolve files> Scanning C:\Users\chris\eclipse-workspace\smart-thermostat-matter\db\trap\java\classes\jdk\internal\vm\vector\VectorSupport$IndexOperation.members...
[2026-07-15 20:42:57] [PROGRESS] resolve files> Scanning C:\Users\chris\eclipse-workspace\smart-thermostat-matter\db\trap\java\classes\jdk\internal\vm\vector\VectorSupport$IndexPartiallyInUpperRangeOperation.members...
[2026-07-15 20:42:57] [PROGRESS] resolve files> Scanning C:\Users\chris\eclipse-workspace\smart-thermostat-matter\db\trap\java\classes\jdk\internal\vm\vector\VectorSupport$LoadOperation.members...
[2026-07-15 20:42:57] [PROGRESS] resolve files> Scanning C:\Users\chris\eclipse-workspace\smart-thermostat-matter\db\trap\java\classes\jdk\internal\vm\vector\VectorSupport$LoadVectorMaskedOperation.members...
[2026-07-15 20:42:57] [PROGRESS] resolve files> Scanning C:\Users\chris\eclipse-workspace\smart-thermostat-matter\db\trap\java\classes\jdk\internal\vm\vector\VectorSupport$LoadVectorOperationWithMap.members...
[2026-07-15 20:42:57] [PROGRESS] resolve files> Scanning C:\Users\chris\eclipse-workspace\smart-thermostat-matter\db\trap\java\classes\jdk\internal\vm\vector\VectorSupport$ReductionOperation.members...
[2026-07-15 20:42:57] [PROGRESS] resolve files> Scanning C:\Users\chris\eclipse-workspace\smart-thermostat-matter\db\trap\java\classes\jdk\internal\vm\vector\VectorSupport$ShuffleIotaOperation.members...
[2026-07-15 20:42:57] [PROGRESS] resolve files> Scanning C:\Users\chris\eclipse-workspace\smart-thermostat-matter\db\trap\java\classes\jdk\internal\vm\vector\VectorSupport$ShuffleToVectorOperation.members...
[2026-07-15 20:42:57] [PROGRESS] resolve files> Scanning C:\Users\chris\eclipse-workspace\smart-thermostat-matter\db\trap\java\classes\jdk\internal\vm\vector\VectorSupport$StoreVectorMaskedOperation.members...
[2026-07-15 20:42:57] [PROGRESS] resolve files> Scanning C:\Users\chris\eclipse-workspace\smart-thermostat-matter\db\trap\java\classes\jdk\internal\vm\vector\VectorSupport$StoreVectorOperation.members...
[2026-07-15 20:42:57] [PROGRESS] resolve files> Scanning C:\Users\chris\eclipse-workspace\smart-thermostat-matter\db\trap\java\classes\jdk\internal\vm\vector\VectorSupport$StoreVectorOperationWithMap.members...
[2026-07-15 20:42:57] [PROGRESS] resolve files> Scanning C:\Users\chris\eclipse-workspace\smart-thermostat-matter\db\trap\java\classes\jdk\internal\vm\vector\VectorSupport$TernaryOperation.members...
[2026-07-15 20:42:57] [PROGRESS] resolve files> Scanning C:\Users\chris\eclipse-workspace\smart-thermostat-matter\db\trap\java\classes\jdk\internal\vm\vector\VectorSupport$UnaryOperation.members...
[2026-07-15 20:42:57] [PROGRESS] resolve files> Scanning C:\Users\chris\eclipse-workspace\smart-thermostat-matter\db\trap\java\classes\jdk\internal\vm\vector\VectorSupport$VecExtractOp.members...
[2026-07-15 20:42:57] [PROGRESS] resolve files> Scanning C:\Users\chris\eclipse-workspace\smart-thermostat-matter\db\trap\java\classes\jdk\internal\vm\vector\VectorSupport$VecInsertOp.members...
[2026-07-15 20:42:57] [PROGRESS] resolve files> Scanning C:\Users\chris\eclipse-workspace\smart-thermostat-matter\db\trap\java\classes\jdk\internal\vm\vector\VectorSupport$Vector.members...
[2026-07-15 20:42:57] [PROGRESS] resolve files> Scanning C:\Users\chris\eclipse-workspace\smart-thermostat-matter\db\trap\java\classes\jdk\internal\vm\vector\VectorSupport$VectorBlendOp.members...
[2026-07-15 20:42:57] [PROGRESS] resolve files> Scanning C:\Users\chris\eclipse-workspace\smart-thermostat-matter\db\trap\java\classes\jdk\internal\vm\vector\VectorSupport$VectorBroadcastIntOp.members...
[2026-07-15 20:42:57] [PROGRESS] resolve files> Scanning C:\Users\chris\eclipse-workspace\smart-thermostat-matter\db\trap\java\classes\jdk\internal\vm\vector\VectorSupport$VectorCompareOp.members...
[2026-07-15 20:42:57] [PROGRESS] resolve files> Scanning C:\Users\chris\eclipse-workspace\smart-thermostat-matter\db\trap\java\classes\jdk\internal\vm\vector\VectorSupport$VectorConvertOp.members...
[2026-07-15 20:42:57] [PROGRESS] resolve files> Scanning C:\Users\chris\eclipse-workspace\smart-thermostat-matter\db\trap\java\classes\jdk\internal\vm\vector\VectorSupport$VectorMask.members...
[2026-07-15 20:42:57] [PROGRESS] resolve files> Scanning C:\Users\chris\eclipse-workspace\smart-thermostat-matter\db\trap\java\classes\jdk\internal\vm\vector\VectorSupport$VectorMaskOp.members...
[2026-07-15 20:42:57] [PROGRESS] resolve files> Scanning C:\Users\chris\eclipse-workspace\smart-thermostat-matter\db\trap\java\classes\jdk\internal\vm\vector\VectorSupport$VectorPayload.members...
[2026-07-15 20:42:57] [PROGRESS] resolve files> Scanning C:\Users\chris\eclipse-workspace\smart-thermostat-matter\db\trap\java\classes\jdk\internal\vm\vector\VectorSupport$VectorRearrangeOp.members...
[2026-07-15 20:42:57] [PROGRESS] resolve files> Scanning C:\Users\chris\eclipse-workspace\smart-thermostat-matter\db\trap\java\classes\jdk\internal\vm\vector\VectorSupport$VectorShuffle.members...
[2026-07-15 20:42:57] [PROGRESS] resolve files> Scanning C:\Users\chris\eclipse-workspace\smart-thermostat-matter\db\trap\java\classes\jdk\internal\vm\vector\VectorSupport$VectorSpecies.members...
[2026-07-15 20:42:57] [PROGRESS] resolve files> Scanning C:\Users\chris\eclipse-workspace\smart-thermostat-matter\db\trap\java\classes\jdk\internal\vm\vector\VectorSupport.members...
[2026-07-15 20:42:57] [PROGRESS] resolve files> Scanning C:\Users\chris\eclipse-workspace\smart-thermostat-matter\db\trap\java\classes\sun...
[2026-07-15 20:42:57] [PROGRESS] resolve files> Scanning C:\Users\chris\eclipse-workspace\smart-thermostat-matter\db\trap\java\classes\sun\invoke...
[2026-07-15 20:42:57] [PROGRESS] resolve files> Scanning C:\Users\chris\eclipse-workspace\smart-thermostat-matter\db\trap\java\classes\sun\invoke\empty...
[2026-07-15 20:42:57] [PROGRESS] resolve files> Scanning C:\Users\chris\eclipse-workspace\smart-thermostat-matter\db\trap\java\classes\sun\invoke\empty\Empty.members...
[2026-07-15 20:42:57] [PROGRESS] resolve files> Scanning C:\Users\chris\eclipse-workspace\smart-thermostat-matter\db\trap\java\classes\sun\invoke\util...
[2026-07-15 20:42:57] [PROGRESS] resolve files> Scanning C:\Users\chris\eclipse-workspace\smart-thermostat-matter\db\trap\java\classes\sun\invoke\util\Wrapper.members...
[2026-07-15 20:42:57] [PROGRESS] resolve files> Scanning C:\Users\chris\eclipse-workspace\smart-thermostat-matter\db\trap\java\classes\sun\net...
[2026-07-15 20:42:57] [PROGRESS] resolve files> Scanning C:\Users\chris\eclipse-workspace\smart-thermostat-matter\db\trap\java\classes\sun\net\PlatformSocketImpl.members...
[2026-07-15 20:42:57] [PROGRESS] resolve files> Scanning C:\Users\chris\eclipse-workspace\smart-thermostat-matter\db\trap\java\classes\sun\nio...
[2026-07-15 20:42:57] [PROGRESS] resolve files> Scanning C:\Users\chris\eclipse-workspace\smart-thermostat-matter\db\trap\java\classes\sun\nio\ch...
[2026-07-15 20:42:57] [PROGRESS] resolve files> Scanning C:\Users\chris\eclipse-workspace\smart-thermostat-matter\db\trap\java\classes\sun\nio\ch\DirectBuffer.members...
[2026-07-15 20:42:57] [PROGRESS] resolve files> Scanning C:\Users\chris\eclipse-workspace\smart-thermostat-matter\db\trap\java\classes\sun\nio\ch\Interruptible.members...
[2026-07-15 20:42:57] [PROGRESS] resolve files> Scanning C:\Users\chris\eclipse-workspace\smart-thermostat-matter\db\trap\java\classes\sun\reflect...
[2026-07-15 20:42:57] [PROGRESS] resolve files> Scanning C:\Users\chris\eclipse-workspace\smart-thermostat-matter\db\trap\java\classes\sun\reflect\annotation...
[2026-07-15 20:42:57] [PROGRESS] resolve files> Scanning C:\Users\chris\eclipse-workspace\smart-thermostat-matter\db\trap\java\classes\sun\reflect\annotation\AnnotationType.members...
[2026-07-15 20:42:57] [PROGRESS] resolve files> Scanning C:\Users\chris\eclipse-workspace\smart-thermostat-matter\db\trap\java\classes\sun\reflect\generics...
[2026-07-15 20:42:57] [PROGRESS] resolve files> Scanning C:\Users\chris\eclipse-workspace\smart-thermostat-matter\db\trap\java\classes\sun\reflect\generics\factory...
[2026-07-15 20:42:57] [PROGRESS] resolve files> Scanning C:\Users\chris\eclipse-workspace\smart-thermostat-matter\db\trap\java\classes\sun\reflect\generics\factory\GenericsFactory.members...
[2026-07-15 20:42:57] [PROGRESS] resolve files> Scanning C:\Users\chris\eclipse-workspace\smart-thermostat-matter\db\trap\java\classes\sun\reflect\generics\repository...
[2026-07-15 20:42:57] [PROGRESS] resolve files> Scanning C:\Users\chris\eclipse-workspace\smart-thermostat-matter\db\trap\java\classes\sun\reflect\generics\repository\AbstractRepository.members...
[2026-07-15 20:42:57] [PROGRESS] resolve files> Scanning C:\Users\chris\eclipse-workspace\smart-thermostat-matter\db\trap\java\classes\sun\reflect\generics\repository\ConstructorRepository.members...
[2026-07-15 20:42:57] [PROGRESS] resolve files> Scanning C:\Users\chris\eclipse-workspace\smart-thermostat-matter\db\trap\java\classes\sun\reflect\generics\repository\GenericDeclRepository.members...
[2026-07-15 20:42:57] [PROGRESS] resolve files> Scanning C:\Users\chris\eclipse-workspace\smart-thermostat-matter\db\trap\java\classes\sun\reflect\generics\repository\MethodRepository.members...
[2026-07-15 20:42:57] [PROGRESS] resolve files> Scanning C:\Users\chris\eclipse-workspace\smart-thermostat-matter\db\trap\java\classes\sun\reflect\generics\tree...
[2026-07-15 20:42:57] [PROGRESS] resolve files> Scanning C:\Users\chris\eclipse-workspace\smart-thermostat-matter\db\trap\java\classes\sun\reflect\generics\tree\ArrayTypeSignature.members...
[2026-07-15 20:42:57] [PROGRESS] resolve files> Scanning C:\Users\chris\eclipse-workspace\smart-thermostat-matter\db\trap\java\classes\sun\reflect\generics\tree\BaseType.members...
[2026-07-15 20:42:57] [PROGRESS] resolve files> Scanning C:\Users\chris\eclipse-workspace\smart-thermostat-matter\db\trap\java\classes\sun\reflect\generics\tree\BooleanSignature.members...
[2026-07-15 20:42:57] [PROGRESS] resolve files> Scanning C:\Users\chris\eclipse-workspace\smart-thermostat-matter\db\trap\java\classes\sun\reflect\generics\tree\BottomSignature.members...
[2026-07-15 20:42:57] [PROGRESS] resolve files> Scanning C:\Users\chris\eclipse-workspace\smart-thermostat-matter\db\trap\java\classes\sun\reflect\generics\tree\ByteSignature.members...
[2026-07-15 20:42:57] [PROGRESS] resolve files> Scanning C:\Users\chris\eclipse-workspace\smart-thermostat-matter\db\trap\java\classes\sun\reflect\generics\tree\CharSignature.members...
[2026-07-15 20:42:57] [PROGRESS] resolve files> Scanning C:\Users\chris\eclipse-workspace\smart-thermostat-matter\db\trap\java\classes\sun\reflect\generics\tree\ClassSignature.members...
[2026-07-15 20:42:57] [PROGRESS] resolve files> Scanning C:\Users\chris\eclipse-workspace\smart-thermostat-matter\db\trap\java\classes\sun\reflect\generics\tree\ClassTypeSignature.members...
[2026-07-15 20:42:57] [PROGRESS] resolve files> Scanning C:\Users\chris\eclipse-workspace\smart-thermostat-matter\db\trap\java\classes\sun\reflect\generics\tree\DoubleSignature.members...
[2026-07-15 20:42:57] [PROGRESS] resolve files> Scanning C:\Users\chris\eclipse-workspace\smart-thermostat-matter\db\trap\java\classes\sun\reflect\generics\tree\FieldTypeSignature.members...
[2026-07-15 20:42:57] [PROGRESS] resolve files> Scanning C:\Users\chris\eclipse-workspace\smart-thermostat-matter\db\trap\java\classes\sun\reflect\generics\tree\FloatSignature.members...
[2026-07-15 20:42:57] [PROGRESS] resolve files> Scanning C:\Users\chris\eclipse-workspace\smart-thermostat-matter\db\trap\java\classes\sun\reflect\generics\tree\FormalTypeParameter.members...
[2026-07-15 20:42:57] [PROGRESS] resolve files> Scanning C:\Users\chris\eclipse-workspace\smart-thermostat-matter\db\trap\java\classes\sun\reflect\generics\tree\IntSignature.members...
[2026-07-15 20:42:57] [PROGRESS] resolve files> Scanning C:\Users\chris\eclipse-workspace\smart-thermostat-matter\db\trap\java\classes\sun\reflect\generics\tree\LongSignature.members...
[2026-07-15 20:42:57] [PROGRESS] resolve files> Scanning C:\Users\chris\eclipse-workspace\smart-thermostat-matter\db\trap\java\classes\sun\reflect\generics\tree\MethodTypeSignature.members...
[2026-07-15 20:42:57] [PROGRESS] resolve files> Scanning C:\Users\chris\eclipse-workspace\smart-thermostat-matter\db\trap\java\classes\sun\reflect\generics\tree\ReturnType.members...
[2026-07-15 20:42:57] [PROGRESS] resolve files> Scanning C:\Users\chris\eclipse-workspace\smart-thermostat-matter\db\trap\java\classes\sun\reflect\generics\tree\ShortSignature.members...
[2026-07-15 20:42:57] [PROGRESS] resolve files> Scanning C:\Users\chris\eclipse-workspace\smart-thermostat-matter\db\trap\java\classes\sun\reflect\generics\tree\Signature.members...
[2026-07-15 20:42:57] [PROGRESS] resolve files> Scanning C:\Users\chris\eclipse-workspace\smart-thermostat-matter\db\trap\java\classes\sun\reflect\generics\tree\SimpleClassTypeSignature.members...
[2026-07-15 20:42:57] [PROGRESS] resolve files> Scanning C:\Users\chris\eclipse-workspace\smart-thermostat-matter\db\trap\java\classes\sun\reflect\generics\tree\Tree.members...
[2026-07-15 20:42:57] [PROGRESS] resolve files> Scanning C:\Users\chris\eclipse-workspace\smart-thermostat-matter\db\trap\java\classes\sun\reflect\generics\tree\TypeArgument.members...
[2026-07-15 20:42:57] [PROGRESS] resolve files> Scanning C:\Users\chris\eclipse-workspace\smart-thermostat-matter\db\trap\java\classes\sun\reflect\generics\tree\TypeSignature.members...
[2026-07-15 20:42:57] [PROGRESS] resolve files> Scanning C:\Users\chris\eclipse-workspace\smart-thermostat-matter\db\trap\java\classes\sun\reflect\generics\tree\TypeTree.members...
[2026-07-15 20:42:57] [PROGRESS] resolve files> Scanning C:\Users\chris\eclipse-workspace\smart-thermostat-matter\db\trap\java\classes\sun\reflect\generics\tree\TypeVariableSignature.members...
[2026-07-15 20:42:57] [PROGRESS] resolve files> Scanning C:\Users\chris\eclipse-workspace\smart-thermostat-matter\db\trap\java\classes\sun\reflect\generics\tree\VoidDescriptor.members...
[2026-07-15 20:42:57] [PROGRESS] resolve files> Scanning C:\Users\chris\eclipse-workspace\smart-thermostat-matter\db\trap\java\classes\sun\reflect\generics\tree\Wildcard.members...
[2026-07-15 20:42:57] [PROGRESS] resolve files> Scanning C:\Users\chris\eclipse-workspace\smart-thermostat-matter\db\trap\java\classes\sun\reflect\generics\visitor...
[2026-07-15 20:42:57] [PROGRESS] resolve files> Scanning C:\Users\chris\eclipse-workspace\smart-thermostat-matter\db\trap\java\classes\sun\reflect\generics\visitor\Reifier.members...
[2026-07-15 20:42:57] [PROGRESS] resolve files> Scanning C:\Users\chris\eclipse-workspace\smart-thermostat-matter\db\trap\java\classes\sun\reflect\generics\visitor\TypeTreeVisitor.members...
[2026-07-15 20:42:57] [PROGRESS] resolve files> Scanning C:\Users\chris\eclipse-workspace\smart-thermostat-matter\db\trap\java\classes\sun\reflect\generics\visitor\Visitor.members...
[2026-07-15 20:42:57] [PROGRESS] resolve files> Scanning C:\Users\chris\eclipse-workspace\smart-thermostat-matter\db\trap\java\classes\sun\security...
[2026-07-15 20:42:57] [PROGRESS] resolve files> Scanning C:\Users\chris\eclipse-workspace\smart-thermostat-matter\db\trap\java\classes\sun\security\util...
[2026-07-15 20:42:57] [PROGRESS] resolve files> Scanning C:\Users\chris\eclipse-workspace\smart-thermostat-matter\db\trap\java\classes\sun\security\util\BitArray.members...
[2026-07-15 20:42:57] [PROGRESS] resolve files> Scanning C:\Users\chris\eclipse-workspace\smart-thermostat-matter\db\trap\java\classes\sun\security\util\Debug.members...
[2026-07-15 20:42:57] [PROGRESS] resolve files> Scanning C:\Users\chris\eclipse-workspace\smart-thermostat-matter\db\trap\java\classes\sun\security\util\DerEncoder.members...
[2026-07-15 20:42:57] [PROGRESS] resolve files> Scanning C:\Users\chris\eclipse-workspace\smart-thermostat-matter\db\trap\java\classes\sun\security\util\DerInputStream.members...
[2026-07-15 20:42:57] [PROGRESS] resolve files> Scanning C:\Users\chris\eclipse-workspace\smart-thermostat-matter\db\trap\java\classes\sun\security\util\DerOutputStream.members...
[2026-07-15 20:42:57] [PROGRESS] resolve files> Scanning C:\Users\chris\eclipse-workspace\smart-thermostat-matter\db\trap\java\classes\sun\security\util\DerValue.members...
[2026-07-15 20:42:57] [PROGRESS] resolve files> Scanning C:\Users\chris\eclipse-workspace\smart-thermostat-matter\db\trap\java\classes\sun\security\util\KnownOIDs.members...
[2026-07-15 20:42:57] [PROGRESS] resolve files> Scanning C:\Users\chris\eclipse-workspace\smart-thermostat-matter\db\trap\java\classes\sun\security\util\ObjectIdentifier.members...
[2026-07-15 20:42:57] [PROGRESS] resolve files> Scanning C:\Users\chris\eclipse-workspace\smart-thermostat-matter\db\trap\java\classes\sun\security\x509...
[2026-07-15 20:42:57] [PROGRESS] resolve files> Scanning C:\Users\chris\eclipse-workspace\smart-thermostat-matter\db\trap\java\classes\sun\security\x509\AVA.members...
[2026-07-15 20:42:57] [PROGRESS] resolve files> Scanning C:\Users\chris\eclipse-workspace\smart-thermostat-matter\db\trap\java\classes\sun\security\x509\GeneralNameInterface.members...
[2026-07-15 20:42:57] [PROGRESS] resolve files> Scanning C:\Users\chris\eclipse-workspace\smart-thermostat-matter\db\trap\java\classes\sun\security\x509\RDN.members...
[2026-07-15 20:42:57] [PROGRESS] resolve files> Scanning C:\Users\chris\eclipse-workspace\smart-thermostat-matter\db\trap\java\classes\sun\security\x509\X500Name.members...
[2026-07-15 20:42:57] [PROGRESS] resolve files> Scanning C:\Users\chris\eclipse-workspace\smart-thermostat-matter\db\trap\java\classes\sun\util...
[2026-07-15 20:42:57] [PROGRESS] resolve files> Scanning C:\Users\chris\eclipse-workspace\smart-thermostat-matter\db\trap\java\classes\sun\util\locale...
[2026-07-15 20:42:57] [PROGRESS] resolve files> Scanning C:\Users\chris\eclipse-workspace\smart-thermostat-matter\db\trap\java\classes\sun\util\locale\BaseLocale.members...
[2026-07-15 20:42:57] [PROGRESS] resolve files> Scanning C:\Users\chris\eclipse-workspace\smart-thermostat-matter\db\trap\java\classes\sun\util\locale\Extension.members...
[2026-07-15 20:42:57] [PROGRESS] resolve files> Scanning C:\Users\chris\eclipse-workspace\smart-thermostat-matter\db\trap\java\classes\sun\util\locale\InternalLocaleBuilder$CaseInsensitiveChar.members...
[2026-07-15 20:42:57] [PROGRESS] resolve files> Scanning C:\Users\chris\eclipse-workspace\smart-thermostat-matter\db\trap\java\classes\sun\util\locale\InternalLocaleBuilder$CaseInsensitiveString.members...
[2026-07-15 20:42:57] [PROGRESS] resolve files> Scanning C:\Users\chris\eclipse-workspace\smart-thermostat-matter\db\trap\java\classes\sun\util\locale\InternalLocaleBuilder.members...
[2026-07-15 20:42:57] [PROGRESS] resolve files> Scanning C:\Users\chris\eclipse-workspace\smart-thermostat-matter\db\trap\java\classes\sun\util\locale\LanguageTag.members...
[2026-07-15 20:42:57] [PROGRESS] resolve files> Scanning C:\Users\chris\eclipse-workspace\smart-thermostat-matter\db\trap\java\classes\sun\util\locale\LocaleExtensions.members...
[2026-07-15 20:42:57] [PROGRESS] resolve files> Scanning C:\Users\chris\eclipse-workspace\smart-thermostat-matter\db\trap\java\classes\sun\util\locale\LocaleSyntaxException.members...
[2026-07-15 20:42:57] [PROGRESS] resolve files> Scanning C:\Users\chris\eclipse-workspace\smart-thermostat-matter\db\trap\java\classes\sun\util\locale\ParseStatus.members...
[2026-07-15 20:42:57] [PROGRESS] resolve files> Scanning C:\Users\chris\eclipse-workspace\smart-thermostat-matter\db\trap\java\C_...
[2026-07-15 20:42:57] [PROGRESS] resolve files> Scanning C:\Users\chris\eclipse-workspace\smart-thermostat-matter\db\trap\java\C_\Users...
[2026-07-15 20:42:57] [PROGRESS] resolve files> Scanning C:\Users\chris\eclipse-workspace\smart-thermostat-matter\db\trap\java\C_\Users\chris...
[2026-07-15 20:42:57] [PROGRESS] resolve files> Scanning C:\Users\chris\eclipse-workspace\smart-thermostat-matter\db\trap\java\C_\Users\chris\eclipse-workspace...
[2026-07-15 20:42:57] [PROGRESS] resolve files> Scanning C:\Users\chris\eclipse-workspace\smart-thermostat-matter\db\trap\java\C_\Users\chris\eclipse-workspace\smart-thermostat-matter...
[2026-07-15 20:42:57] [PROGRESS] resolve files> Scanning C:\Users\chris\eclipse-workspace\smart-thermostat-matter\db\trap\java\C_\Users\chris\eclipse-workspace\smart-thermostat-matter\src...
[2026-07-15 20:42:57] [PROGRESS] resolve files> Scanning C:\Users\chris\eclipse-workspace\smart-thermostat-matter\db\trap\java\C_\Users\chris\eclipse-workspace\smart-thermostat-matter\src\main...
[2026-07-15 20:42:57] [PROGRESS] resolve files> Scanning C:\Users\chris\eclipse-workspace\smart-thermostat-matter\db\trap\java\C_\Users\chris\eclipse-workspace\smart-thermostat-matter\src\main\java...
[2026-07-15 20:42:57] [PROGRESS] resolve files> Scanning C:\Users\chris\eclipse-workspace\smart-thermostat-matter\db\trap\java\C_\Users\chris\eclipse-workspace\smart-thermostat-matter\src\main\java\com...
[2026-07-15 20:42:57] [PROGRESS] resolve files> Scanning C:\Users\chris\eclipse-workspace\smart-thermostat-matter\db\trap\java\C_\Users\chris\eclipse-workspace\smart-thermostat-matter\src\main\java\com\example...
[2026-07-15 20:42:57] [PROGRESS] resolve files> Scanning C:\Users\chris\eclipse-workspace\smart-thermostat-matter\db\trap\java\C_\Users\chris\eclipse-workspace\smart-thermostat-matter\src\main\java\com\example\thermostat...
[2026-07-15 20:42:57] [PROGRESS] resolve files> Scanning C:\Users\chris\eclipse-workspace\smart-thermostat-matter\db\trap\java\C_\Users\chris\eclipse-workspace\smart-thermostat-matter\src\main\java\com\example\thermostat\config...
[2026-07-15 20:42:57] [PROGRESS] resolve files> Scanning C:\Users\chris\eclipse-workspace\smart-thermostat-matter\db\trap\java\C_\Users\chris\eclipse-workspace\smart-thermostat-matter\src\main\java\com\example\thermostat\firmware...
[2026-07-15 20:42:57] [PROGRESS] resolve files> Scanning C:\Users\chris\eclipse-workspace\smart-thermostat-matter\db\trap\java\C_\Users\chris\eclipse-workspace\smart-thermostat-matter\src\main\java\com\example\thermostat\matter...
[2026-07-15 20:42:57] [PROGRESS] resolve files> Scanning C:\Users\chris\eclipse-workspace\smart-thermostat-matter\db\trap\java\C_\Users\chris\eclipse-workspace\smart-thermostat-matter\src\main\java\com\example\thermostat\persistence...
[2026-07-15 20:42:57] [PROGRESS] resolve files> Scanning C:\Users\chris\eclipse-workspace\smart-thermostat-matter\db\trap\java\C_\Users\chris\eclipse-workspace\smart-thermostat-matter\src\main\java\com\example\thermostat\remote...
[2026-07-15 20:42:57] [PROGRESS] resolve files> Scanning C:\Users\chris\eclipse-workspace\smart-thermostat-matter\db\trap\java\C_\Users\chris\eclipse-workspace\smart-thermostat-matter\src\main\java\com\example\thermostat\thread...
[2026-07-15 20:42:57] [PROGRESS] resolve files> Scanning C:\Users\chris\eclipse-workspace\smart-thermostat-matter\db\trap\java\C_\Users\chris\eclipse-workspace\smart-thermostat-matter\src\main\java\com\example\thermostat\util...
[2026-07-15 20:42:57] [PROGRESS] resolve files> Scanning C:\Users\chris\eclipse-workspace\smart-thermostat-matter\db\trap\java\diagnostics...
[2026-07-15 20:42:57] [PROGRESS] resolve files> Scanning C:\Users\chris\eclipse-workspace\smart-thermostat-matter\db\trap\java\modules...
[2026-07-15 20:42:57] [PROGRESS] resolve files> Scanning C:\Users\chris\eclipse-workspace\smart-thermostat-matter\db\working...
[2026-07-15 20:42:57] [PROGRESS] resolve files> Scanning C:\Users\chris\eclipse-workspace\smart-thermostat-matter\src...
[2026-07-15 20:42:57] [PROGRESS] resolve files> Scanning C:\Users\chris\eclipse-workspace\smart-thermostat-matter\src\main...
[2026-07-15 20:42:57] [PROGRESS] resolve files> Scanning C:\Users\chris\eclipse-workspace\smart-thermostat-matter\src\main\java...
[2026-07-15 20:42:57] [PROGRESS] resolve files> Scanning C:\Users\chris\eclipse-workspace\smart-thermostat-matter\src\main\java\com...
[2026-07-15 20:42:57] [PROGRESS] resolve files> Scanning C:\Users\chris\eclipse-workspace\smart-thermostat-matter\src\main\java\com\example...
[2026-07-15 20:42:57] [PROGRESS] resolve files> Scanning C:\Users\chris\eclipse-workspace\smart-thermostat-matter\src\main\java\com\example\thermostat...
[2026-07-15 20:42:57] [PROGRESS] resolve files> Scanning C:\Users\chris\eclipse-workspace\smart-thermostat-matter\src\main\java\com\example\thermostat\config...
[2026-07-15 20:42:57] [PROGRESS] resolve files> Scanning C:\Users\chris\eclipse-workspace\smart-thermostat-matter\src\main\java\com\example\thermostat\firmware...
[2026-07-15 20:42:57] [PROGRESS] resolve files> Scanning C:\Users\chris\eclipse-workspace\smart-thermostat-matter\src\main\java\com\example\thermostat\matter...
[2026-07-15 20:42:57] [PROGRESS] resolve files> Scanning C:\Users\chris\eclipse-workspace\smart-thermostat-matter\src\main\java\com\example\thermostat\persistence...
[2026-07-15 20:42:57] [PROGRESS] resolve files> Scanning C:\Users\chris\eclipse-workspace\smart-thermostat-matter\src\main\java\com\example\thermostat\remote...
[2026-07-15 20:42:57] [PROGRESS] resolve files> Scanning C:\Users\chris\eclipse-workspace\smart-thermostat-matter\src\main\java\com\example\thermostat\thread...
[2026-07-15 20:42:57] [PROGRESS] resolve files> Scanning C:\Users\chris\eclipse-workspace\smart-thermostat-matter\src\main\java\com\example\thermostat\util...
[2026-07-15 20:42:57] [PROGRESS] resolve files> Scanning C:\Users\chris\eclipse-workspace\smart-thermostat-matter\target...
[2026-07-15 20:42:57] [PROGRESS] resolve files> Scanning C:\Users\chris\eclipse-workspace\smart-thermostat-matter\target\classes...
[2026-07-15 20:42:57] [PROGRESS] resolve files> Scanning C:\Users\chris\eclipse-workspace\smart-thermostat-matter\target\classes\com...
[2026-07-15 20:42:57] [PROGRESS] resolve files> Scanning C:\Users\chris\eclipse-workspace\smart-thermostat-matter\target\classes\com\example...
[2026-07-15 20:42:57] [PROGRESS] resolve files> Scanning C:\Users\chris\eclipse-workspace\smart-thermostat-matter\target\classes\com\example\thermostat...
[2026-07-15 20:42:57] [PROGRESS] resolve files> Scanning C:\Users\chris\eclipse-workspace\smart-thermostat-matter\target\classes\com\example\thermostat\config...
[2026-07-15 20:42:57] [PROGRESS] resolve files> Scanning C:\Users\chris\eclipse-workspace\smart-thermostat-matter\target\classes\com\example\thermostat\firmware...
[2026-07-15 20:42:57] [PROGRESS] resolve files> Scanning C:\Users\chris\eclipse-workspace\smart-thermostat-matter\target\classes\com\example\thermostat\matter...
[2026-07-15 20:42:57] [PROGRESS] resolve files> Scanning C:\Users\chris\eclipse-workspace\smart-thermostat-matter\target\classes\com\example\thermostat\persistence...
[2026-07-15 20:42:57] [PROGRESS] resolve files> Scanning C:\Users\chris\eclipse-workspace\smart-thermostat-matter\target\classes\com\example\thermostat\remote...
[2026-07-15 20:42:57] [PROGRESS] resolve files> Scanning C:\Users\chris\eclipse-workspace\smart-thermostat-matter\target\classes\com\example\thermostat\thread...
[2026-07-15 20:42:57] [PROGRESS] resolve files> Scanning C:\Users\chris\eclipse-workspace\smart-thermostat-matter\target\classes\com\example\thermostat\util...
[2026-07-15 20:42:57] [PROGRESS] resolve files> Scanning C:\Users\chris\eclipse-workspace\smart-thermostat-matter\target\generated-sources...
[2026-07-15 20:42:57] [PROGRESS] resolve files> Scanning C:\Users\chris\eclipse-workspace\smart-thermostat-matter\target\generated-sources\annotations...
[2026-07-15 20:42:57] [PROGRESS] resolve files> Scanning C:\Users\chris\eclipse-workspace\smart-thermostat-matter\target\maven-archiver...
[2026-07-15 20:42:57] [PROGRESS] resolve files> Scanning C:\Users\chris\eclipse-workspace\smart-thermostat-matter\target\maven-status...
[2026-07-15 20:42:57] [PROGRESS] resolve files> Scanning C:\Users\chris\eclipse-workspace\smart-thermostat-matter\target\maven-status\maven-compiler-plugin...
[2026-07-15 20:42:57] [PROGRESS] resolve files> Scanning C:\Users\chris\eclipse-workspace\smart-thermostat-matter\target\maven-status\maven-compiler-plugin\compile...
[2026-07-15 20:42:57] [PROGRESS] resolve files> Scanning C:\Users\chris\eclipse-workspace\smart-thermostat-matter\target\maven-status\maven-compiler-plugin\compile\default-compile...
[2026-07-15 20:42:57] Plumbing command codeql resolve files completed:
                      [
                        "C:\\Users\\chris\\eclipse-workspace\\smart-thermostat-matter\\pom.xml"
                      ]
[2026-07-15 20:42:57] [DETAILS] database index-files> Found 1 files.
[2026-07-15 20:42:57] [PROGRESS] database index-files> C:\Users\chris\eclipse-workspace\smart-thermostat-matter\db: Indexing files in in C:\Users\chris\eclipse-workspace\smart-thermostat-matter...
[2026-07-15 20:42:57] Using index-files script C:\Program Files\codeql\xml\tools\index-files.cmd.
[2026-07-15 20:42:57] [PROGRESS] database index-files> Running command in C:\Users\chris\eclipse-workspace\smart-thermostat-matter: [C:\Program Files\codeql\xml\tools\index-files.cmd, C:\Users\chris\eclipse-workspace\smart-thermostat-matter\db\working\files-to-index310420564851479127.list]
[2026-07-15 20:42:58] Terminating normally.
