[2026-07-14 14:44:07] This is codeql execute queries -J-Xmx1800M --off-heap-ram=1411 --verbosity=progress --logdir=C:\Users\chris\eclipse-workspace\smart-thermostat-matter\db\log --evaluator-log-level=5 --warnings=show --qlconfig-file=C:\Users\chris\eclipse-workspace\smart-thermostat-matter\qlconfig.yml --dynamic-join-order-mode=none --no-rerun --output=C:\Users\chris\eclipse-workspace\smart-thermostat-matter\db\results -- C:\Users\chris\eclipse-workspace\smart-thermostat-matter\db\db-java java-security-extended.qls
[2026-07-14 14:44:07] Calling plumbing command: codeql resolve queries --qlconfig-file=C:\Users\chris\eclipse-workspace\smart-thermostat-matter\qlconfig.yml --format=json -- java-security-extended.qls
[2026-07-14 14:44:09] [DETAILS] resolve queries> Looking for a well-known suite "java-security-extended.qls".
[2026-07-14 14:44:09] [DETAILS] resolve queries> Looking for well-known suites in C:\Program Files\codeql\qlpacks\codeql\actions-queries\0.6.30\codeql-suites.
[2026-07-14 14:44:09] [SPAMMY] resolve queries> java-security-extended.qls not found in C:\Program Files\codeql\qlpacks\codeql\actions-queries\0.6.30\codeql-suites.
[2026-07-14 14:44:09] [DETAILS] resolve queries> Looking for well-known suites in C:\Program Files\codeql\qlpacks\codeql\cpp-queries\1.6.5\codeql-suites.
[2026-07-14 14:44:09] [SPAMMY] resolve queries> java-security-extended.qls not found in C:\Program Files\codeql\qlpacks\codeql\cpp-queries\1.6.5\codeql-suites.
[2026-07-14 14:44:09] [DETAILS] resolve queries> Looking for well-known suites in C:\Program Files\codeql\qlpacks\codeql\csharp-queries\1.7.5\codeql-suites.
[2026-07-14 14:44:09] [SPAMMY] resolve queries> java-security-extended.qls not found in C:\Program Files\codeql\qlpacks\codeql\csharp-queries\1.7.5\codeql-suites.
[2026-07-14 14:44:09] [DETAILS] resolve queries> Looking for well-known suites in C:\Program Files\codeql\qlpacks\codeql\go-queries\1.6.5\codeql-suites.
[2026-07-14 14:44:09] [SPAMMY] resolve queries> java-security-extended.qls not found in C:\Program Files\codeql\qlpacks\codeql\go-queries\1.6.5\codeql-suites.
[2026-07-14 14:44:09] [DETAILS] resolve queries> Looking for well-known suites in C:\Program Files\codeql\qlpacks\codeql\java-queries\1.11.5\codeql-suites.
[2026-07-14 14:44:09] [DETAILS] resolve queries> Expanding query suite C:\Program Files\codeql\qlpacks\codeql\java-queries\1.11.5\codeql-suites\java-security-extended.qls.
[2026-07-14 14:44:09] [PROGRESS] resolve queries> Recording pack reference codeql/java-queries at C:\Program Files\codeql\qlpacks\codeql\java-queries\1.11.5.
[2026-07-14 14:44:09] [SPAMMY] resolve queries> Suite description = Security-extended queries for Java
[2026-07-14 14:44:09] [SPAMMIER] resolve queries> Resolution instruction: queries '.'.
[2026-07-14 14:44:09] [SPAMMY] resolve queries> Scanning for QL files at C:\Program Files\codeql\qlpacks\codeql\java-queries\1.11.5.
[2026-07-14 14:44:09] [SPAMMY] resolve queries> Not recursing into codeql binaries directory C:\Program Files\codeql\qlpacks\codeql\java-queries\1.11.5\.codeql.
[2026-07-14 14:44:10] [SPAMMY] resolve queries> Found 567 QL files in C:\Program Files\codeql\qlpacks\codeql\java-queries\1.11.5.
[2026-07-14 14:44:10] [SPAMMIER] resolve queries> Resolution instruction: apply 'security-extended-selectors.yml'.
[2026-07-14 14:44:10] [INCOMPATIBILITY] codeql/java-queries: not 1.11.5 {root: codeql/java-queries@1.11.5}
[2026-07-14 14:44:10] [DERIVATION] codeql/java-queries: 1.11.5 {codeql/java-queries: not 1.11.5 {root: codeql/java-queries@1.11.5}}
[2026-07-14 14:44:10] [INCOMPATIBILITY] codeql/java-queries: * [*], codeql/java-all: not * [*] {dependency: codeql/java-queries@* [*] requires codeql/java-all@9.2.0}
[2026-07-14 14:44:10] [INCOMPATIBILITY] codeql/java-queries: * [*], codeql/suite-helpers: not * [*] {dependency: codeql/java-queries@* [*] requires codeql/suite-helpers@1.0.52}
[2026-07-14 14:44:10] [INCOMPATIBILITY] codeql/java-queries: * [*], codeql/util: not * [*] {dependency: codeql/java-queries@* [*] requires codeql/util@2.0.39}
[2026-07-14 14:44:10] [DECISION 1] codeql/java-queries: 1.11.5
[2026-07-14 14:44:10] [DERIVATION] codeql/util: * [*] {codeql/java-queries: * [*], codeql/util: not * [*] {dependency: codeql/java-queries@* [*] requires codeql/util@2.0.39}}
[2026-07-14 14:44:10] [DERIVATION] codeql/suite-helpers: * [*] {codeql/java-queries: * [*], codeql/suite-helpers: not * [*] {dependency: codeql/java-queries@* [*] requires codeql/suite-helpers@1.0.52}}
[2026-07-14 14:44:10] [DERIVATION] codeql/java-all: * [*] {codeql/java-queries: * [*], codeql/java-all: not * [*] {dependency: codeql/java-queries@* [*] requires codeql/java-all@9.2.0}}
[2026-07-14 14:44:10] [INCOMPATIBILITY] codeql/java-all: * [*], codeql/controlflow: not * [*] {dependency: codeql/java-all@* [*] requires codeql/controlflow@2.0.36}
[2026-07-14 14:44:10] [INCOMPATIBILITY] codeql/java-all: * [*], codeql/dataflow: not * [*] {dependency: codeql/java-all@* [*] requires codeql/dataflow@2.1.8}
[2026-07-14 14:44:10] [INCOMPATIBILITY] codeql/java-all: * [*], codeql/mad: not * [*] {dependency: codeql/java-all@* [*] requires codeql/mad@1.0.52}
[2026-07-14 14:44:10] [INCOMPATIBILITY] codeql/java-all: * [*], codeql/quantum: not * [*] {dependency: codeql/java-all@* [*] requires codeql/quantum@0.0.30}
[2026-07-14 14:44:10] [INCOMPATIBILITY] codeql/java-all: * [*], codeql/rangeanalysis: not * [*] {dependency: codeql/java-all@* [*] requires codeql/rangeanalysis@1.0.52}
[2026-07-14 14:44:10] [INCOMPATIBILITY] codeql/java-all: * [*], codeql/regex: not * [*] {dependency: codeql/java-all@* [*] requires codeql/regex@1.0.52}
[2026-07-14 14:44:10] [INCOMPATIBILITY] codeql/java-all: * [*], codeql/threat-models: not * [*] {dependency: codeql/java-all@* [*] requires codeql/threat-models@1.0.52}
[2026-07-14 14:44:10] [INCOMPATIBILITY] codeql/java-all: * [*], codeql/tutorial: not * [*] {dependency: codeql/java-all@* [*] requires codeql/tutorial@1.0.52}
[2026-07-14 14:44:10] [INCOMPATIBILITY] codeql/java-all: * [*], codeql/typeflow: not * [*] {dependency: codeql/java-all@* [*] requires codeql/typeflow@1.0.52}
[2026-07-14 14:44:10] [INCOMPATIBILITY] codeql/java-all: * [*], codeql/typetracking: not * [*] {dependency: codeql/java-all@* [*] requires codeql/typetracking@2.0.36}
[2026-07-14 14:44:10] [INCOMPATIBILITY] codeql/java-all: * [*], codeql/util: not * [*] {dependency: codeql/java-all@* [*] requires codeql/util@2.0.39}
[2026-07-14 14:44:10] [INCOMPATIBILITY] codeql/java-all: * [*], codeql/xml: not * [*] {dependency: codeql/java-all@* [*] requires codeql/xml@1.0.52}
[2026-07-14 14:44:10] [DECISION 2] codeql/java-all: 9.2.0
[2026-07-14 14:44:10] [DERIVATION] codeql/xml: * [*] {codeql/java-all: * [*], codeql/xml: not * [*] {dependency: codeql/java-all@* [*] requires codeql/xml@1.0.52}}
[2026-07-14 14:44:10] [DERIVATION] codeql/typetracking: * [*] {codeql/java-all: * [*], codeql/typetracking: not * [*] {dependency: codeql/java-all@* [*] requires codeql/typetracking@2.0.36}}
[2026-07-14 14:44:10] [DERIVATION] codeql/typeflow: * [*] {codeql/java-all: * [*], codeql/typeflow: not * [*] {dependency: codeql/java-all@* [*] requires codeql/typeflow@1.0.52}}
[2026-07-14 14:44:10] [DERIVATION] codeql/tutorial: * [*] {codeql/java-all: * [*], codeql/tutorial: not * [*] {dependency: codeql/java-all@* [*] requires codeql/tutorial@1.0.52}}
[2026-07-14 14:44:10] [DERIVATION] codeql/threat-models: * [*] {codeql/java-all: * [*], codeql/threat-models: not * [*] {dependency: codeql/java-all@* [*] requires codeql/threat-models@1.0.52}}
[2026-07-14 14:44:10] [DERIVATION] codeql/regex: * [*] {codeql/java-all: * [*], codeql/regex: not * [*] {dependency: codeql/java-all@* [*] requires codeql/regex@1.0.52}}
[2026-07-14 14:44:10] [DERIVATION] codeql/rangeanalysis: * [*] {codeql/java-all: * [*], codeql/rangeanalysis: not * [*] {dependency: codeql/java-all@* [*] requires codeql/rangeanalysis@1.0.52}}
[2026-07-14 14:44:10] [DERIVATION] codeql/quantum: * [*] {codeql/java-all: * [*], codeql/quantum: not * [*] {dependency: codeql/java-all@* [*] requires codeql/quantum@0.0.30}}
[2026-07-14 14:44:10] [DERIVATION] codeql/mad: * [*] {codeql/java-all: * [*], codeql/mad: not * [*] {dependency: codeql/java-all@* [*] requires codeql/mad@1.0.52}}
[2026-07-14 14:44:10] [DERIVATION] codeql/dataflow: * [*] {codeql/java-all: * [*], codeql/dataflow: not * [*] {dependency: codeql/java-all@* [*] requires codeql/dataflow@2.1.8}}
[2026-07-14 14:44:10] [DERIVATION] codeql/controlflow: * [*] {codeql/java-all: * [*], codeql/controlflow: not * [*] {dependency: codeql/java-all@* [*] requires codeql/controlflow@2.0.36}}
[2026-07-14 14:44:10] [INCOMPATIBILITY] codeql/controlflow: * [*], codeql/util: not * [*] {dependency: codeql/controlflow@* [*] requires codeql/util@2.0.39}
[2026-07-14 14:44:10] [DECISION 3] codeql/controlflow: 2.0.36
[2026-07-14 14:44:10] [INCOMPATIBILITY] codeql/dataflow: * [*], codeql/controlflow: not * [*] {dependency: codeql/dataflow@* [*] requires codeql/controlflow@2.0.36}
[2026-07-14 14:44:10] [INCOMPATIBILITY] codeql/dataflow: * [*], codeql/ssa: not * [*] {dependency: codeql/dataflow@* [*] requires codeql/ssa@2.0.28}
[2026-07-14 14:44:10] [INCOMPATIBILITY] codeql/dataflow: * [*], codeql/typetracking: not * [*] {dependency: codeql/dataflow@* [*] requires codeql/typetracking@2.0.36}
[2026-07-14 14:44:10] [INCOMPATIBILITY] codeql/dataflow: * [*], codeql/util: not * [*] {dependency: codeql/dataflow@* [*] requires codeql/util@2.0.39}
[2026-07-14 14:44:10] [DECISION 4] codeql/dataflow: 2.1.8
[2026-07-14 14:44:10] [DERIVATION] codeql/ssa: * [*] {codeql/dataflow: * [*], codeql/ssa: not * [*] {dependency: codeql/dataflow@* [*] requires codeql/ssa@2.0.28}}
[2026-07-14 14:44:10] [INCOMPATIBILITY] codeql/mad: * [*], codeql/dataflow: not * [*] {dependency: codeql/mad@* [*] requires codeql/dataflow@2.1.8}
[2026-07-14 14:44:10] [INCOMPATIBILITY] codeql/mad: * [*], codeql/util: not * [*] {dependency: codeql/mad@* [*] requires codeql/util@2.0.39}
[2026-07-14 14:44:10] [DECISION 5] codeql/mad: 1.0.52
[2026-07-14 14:44:10] [INCOMPATIBILITY] codeql/quantum: * [*], codeql/util: not * [*] {dependency: codeql/quantum@* [*] requires codeql/util@2.0.39}
[2026-07-14 14:44:10] [DECISION 6] codeql/quantum: 0.0.30
[2026-07-14 14:44:10] [INCOMPATIBILITY] codeql/rangeanalysis: * [*], codeql/util: not * [*] {dependency: codeql/rangeanalysis@* [*] requires codeql/util@2.0.39}
[2026-07-14 14:44:10] [DECISION 7] codeql/rangeanalysis: 1.0.52
[2026-07-14 14:44:10] [INCOMPATIBILITY] codeql/regex: * [*], codeql/util: not * [*] {dependency: codeql/regex@* [*] requires codeql/util@2.0.39}
[2026-07-14 14:44:10] [DECISION 8] codeql/regex: 1.0.52
[2026-07-14 14:44:10] [INCOMPATIBILITY] codeql/ssa: * [*], codeql/controlflow: not * [*] {dependency: codeql/ssa@* [*] requires codeql/controlflow@2.0.36}
[2026-07-14 14:44:10] [INCOMPATIBILITY] codeql/ssa: * [*], codeql/util: not * [*] {dependency: codeql/ssa@* [*] requires codeql/util@2.0.39}
[2026-07-14 14:44:10] [DECISION 9] codeql/ssa: 2.0.28
[2026-07-14 14:44:10] [DECISION 10] codeql/suite-helpers: 1.0.52
[2026-07-14 14:44:10] [DECISION 11] codeql/threat-models: 1.0.52
[2026-07-14 14:44:10] [DECISION 12] codeql/tutorial: 1.0.52
[2026-07-14 14:44:10] [INCOMPATIBILITY] codeql/typeflow: * [*], codeql/util: not * [*] {dependency: codeql/typeflow@* [*] requires codeql/util@2.0.39}
[2026-07-14 14:44:10] [DECISION 13] codeql/typeflow: 1.0.52
[2026-07-14 14:44:10] [INCOMPATIBILITY] codeql/typetracking: * [*], codeql/util: not * [*] {dependency: codeql/typetracking@* [*] requires codeql/util@2.0.39}
[2026-07-14 14:44:10] [DECISION 14] codeql/typetracking: 2.0.36
[2026-07-14 14:44:10] [DECISION 15] codeql/util: 2.0.39
[2026-07-14 14:44:10] [INCOMPATIBILITY] codeql/xml: * [*], codeql/util: not * [*] {dependency: codeql/xml@* [*] requires codeql/util@2.0.39}
[2026-07-14 14:44:10] [DECISION 16] codeql/xml: 1.0.52
[2026-07-14 14:44:10] [PROGRESS] resolve queries> Recording pack reference codeql/suite-helpers at C:\Program Files\codeql\qlpacks\codeql\java-queries\1.11.5\.codeql\libraries\codeql\suite-helpers\1.0.52.
[2026-07-14 14:44:10] [SPAMMY] resolve queries> Applying nested suite file C:\Program Files\codeql\qlpacks\codeql\java-queries\1.11.5\.codeql\libraries\codeql\suite-helpers\1.0.52\security-extended-selectors.yml from codeql/suite-helpers.
[2026-07-14 14:44:10] [SPAMMY] resolve queries> Suite description = Selectors for selecting the security-extended queries for a language
[2026-07-14 14:44:10] [SPAMMIER] resolve queries> Resolution instruction: include.
[2026-07-14 14:44:10] [SPAMMY] resolve queries> Query Filter: Implicitly candidating C:\Program Files\codeql\qlpacks\codeql\java-queries\1.11.5\Advisory\Declarations\MissingOverrideAnnotation.ql.
[2026-07-14 14:44:10] [SPAMMY] resolve queries> Query Filter: Implicitly candidating C:\Program Files\codeql\qlpacks\codeql\java-queries\1.11.5\Advisory\Declarations\NonFinalImmutableField.ql.
[2026-07-14 14:44:10] [SPAMMY] resolve queries> Query Filter: Implicitly candidating C:\Program Files\codeql\qlpacks\codeql\java-queries\1.11.5\Advisory\Declarations\NonPrivateField.ql.
[2026-07-14 14:44:10] [SPAMMY] resolve queries> Query Filter: Implicitly candidating C:\Program Files\codeql\qlpacks\codeql\java-queries\1.11.5\Advisory\Deprecated Code\AvoidDeprecatedCallableAccess.ql.
[2026-07-14 14:44:10] [SPAMMY] resolve queries> Query Filter: Implicitly candidating C:\Program Files\codeql\qlpacks\codeql\java-queries\1.11.5\Advisory\Documentation\ImpossibleJavadocThrows.ql.
[2026-07-14 14:44:10] [SPAMMY] resolve queries> Query Filter: Implicitly candidating C:\Program Files\codeql\qlpacks\codeql\java-queries\1.11.5\Advisory\Documentation\MissingJavadocMethods.ql.
[2026-07-14 14:44:10] [SPAMMY] resolve queries> Query Filter: Implicitly candidating C:\Program Files\codeql\qlpacks\codeql\java-queries\1.11.5\Advisory\Documentation\MissingJavadocParameters.ql.
[2026-07-14 14:44:10] [SPAMMY] resolve queries> Query Filter: Implicitly candidating C:\Program Files\codeql\qlpacks\codeql\java-queries\1.11.5\Advisory\Documentation\MissingJavadocReturnValues.ql.
[2026-07-14 14:44:10] [SPAMMY] resolve queries> Query Filter: Implicitly candidating C:\Program Files\codeql\qlpacks\codeql\java-queries\1.11.5\Advisory\Documentation\MissingJavadocThrows.ql.
[2026-07-14 14:44:10] [SPAMMY] resolve queries> Query Filter: Implicitly candidating C:\Program Files\codeql\qlpacks\codeql\java-queries\1.11.5\Advisory\Documentation\MissingJavadocTypes.ql.
[2026-07-14 14:44:10] [SPAMMY] resolve queries> Query Filter: Implicitly candidating C:\Program Files\codeql\qlpacks\codeql\java-queries\1.11.5\Advisory\Documentation\SpuriousJavadocParam.ql.
[2026-07-14 14:44:10] [SPAMMY] resolve queries> Query Filter: Implicitly candidating C:\Program Files\codeql\qlpacks\codeql\java-queries\1.11.5\Advisory\Java Objects\AvoidCloneableInterface.ql.
[2026-07-14 14:44:10] [SPAMMY] resolve queries> Query Filter: Implicitly candidating C:\Program Files\codeql\qlpacks\codeql\java-queries\1.11.5\Advisory\Java Objects\AvoidCloneMethodAccess.ql.
[2026-07-14 14:44:10] [SPAMMY] resolve queries> Query Filter: Implicitly candidating C:\Program Files\codeql\qlpacks\codeql\java-queries\1.11.5\Advisory\Java Objects\AvoidCloneOverride.ql.
[2026-07-14 14:44:10] [SPAMMY] resolve queries> Query Filter: Implicitly candidating C:\Program Files\codeql\qlpacks\codeql\java-queries\1.11.5\Advisory\Java Objects\AvoidFinalizeOverride.ql.
[2026-07-14 14:44:10] [SPAMMY] resolve queries> Query Filter: Implicitly candidating C:\Program Files\codeql\qlpacks\codeql\java-queries\1.11.5\Advisory\Naming\NamingConventionsConstants.ql.
[2026-07-14 14:44:10] [SPAMMY] resolve queries> Query Filter: Implicitly candidating C:\Program Files\codeql\qlpacks\codeql\java-queries\1.11.5\Advisory\Naming\NamingConventionsMethods.ql.
[2026-07-14 14:44:10] [SPAMMY] resolve queries> Query Filter: Implicitly candidating C:\Program Files\codeql\qlpacks\codeql\java-queries\1.11.5\Advisory\Naming\NamingConventionsPackages.ql.
[2026-07-14 14:44:10] [SPAMMY] resolve queries> Query Filter: Implicitly candidating C:\Program Files\codeql\qlpacks\codeql\java-queries\1.11.5\Advisory\Naming\NamingConventionsRefTypes.ql.
[2026-07-14 14:44:10] [SPAMMY] resolve queries> Query Filter: Implicitly candidating C:\Program Files\codeql\qlpacks\codeql\java-queries\1.11.5\Advisory\Naming\NamingConventionsVariables.ql.
[2026-07-14 14:44:10] [SPAMMY] resolve queries> Query Filter: Implicitly candidating C:\Program Files\codeql\qlpacks\codeql\java-queries\1.11.5\Advisory\Statements\MissingDefaultInSwitch.ql.
[2026-07-14 14:44:10] [SPAMMY] resolve queries> Query Filter: Implicitly candidating C:\Program Files\codeql\qlpacks\codeql\java-queries\1.11.5\Advisory\Statements\OneStatementPerLine.ql.
[2026-07-14 14:44:10] [SPAMMY] resolve queries> Query Filter: Implicitly candidating C:\Program Files\codeql\qlpacks\codeql\java-queries\1.11.5\Advisory\Statements\TerminateIfElseIfWithElse.ql.
[2026-07-14 14:44:10] [SPAMMY] resolve queries> Query Filter: Implicitly candidating C:\Program Files\codeql\qlpacks\codeql\java-queries\1.11.5\Advisory\Types\GenericsConstructor.ql.
[2026-07-14 14:44:10] [SPAMMY] resolve queries> Query Filter: Implicitly candidating C:\Program Files\codeql\qlpacks\codeql\java-queries\1.11.5\Advisory\Types\GenericsReturnType.ql.
[2026-07-14 14:44:10] [SPAMMY] resolve queries> Query Filter: Implicitly candidating C:\Program Files\codeql\qlpacks\codeql\java-queries\1.11.5\Advisory\Types\GenericsVariable.ql.
[2026-07-14 14:44:10] [SPAMMY] resolve queries> Query Filter: Implicitly candidating C:\Program Files\codeql\qlpacks\codeql\java-queries\1.11.5\AlertSuppression.ql.
[2026-07-14 14:44:10] [SPAMMY] resolve queries> Query Filter: Implicitly candidating C:\Program Files\codeql\qlpacks\codeql\java-queries\1.11.5\AlertSuppressionAnnotations.ql.
[2026-07-14 14:44:10] [SPAMMY] resolve queries> Query Filter: Implicitly candidating C:\Program Files\codeql\qlpacks\codeql\java-queries\1.11.5\Architecture\Dependencies\MutualDependency.ql.
[2026-07-14 14:44:10] [SPAMMY] resolve queries> Query Filter: Implicitly candidating C:\Program Files\codeql\qlpacks\codeql\java-queries\1.11.5\Architecture\Dependencies\UnusedMavenDependencyBinary.ql.
[2026-07-14 14:44:10] [SPAMMY] resolve queries> Query Filter: Implicitly candidating C:\Program Files\codeql\qlpacks\codeql\java-queries\1.11.5\Architecture\Dependencies\UnusedMavenDependencySource.ql.
[2026-07-14 14:44:10] [SPAMMY] resolve queries> Query Filter: Implicitly candidating C:\Program Files\codeql\qlpacks\codeql\java-queries\1.11.5\Architecture\Refactoring Opportunities\DeeplyNestedClass.ql.
[2026-07-14 14:44:10] [SPAMMY] resolve queries> Query Filter: Implicitly candidating C:\Program Files\codeql\qlpacks\codeql\java-queries\1.11.5\Architecture\Refactoring Opportunities\FeatureEnvy.ql.
[2026-07-14 14:44:10] [SPAMMY] resolve queries> Query Filter: Implicitly candidating C:\Program Files\codeql\qlpacks\codeql\java-queries\1.11.5\Architecture\Refactoring Opportunities\HubClasses.ql.
[2026-07-14 14:44:10] [SPAMMY] resolve queries> Query Filter: Implicitly candidating C:\Program Files\codeql\qlpacks\codeql\java-queries\1.11.5\Architecture\Refactoring Opportunities\InappropriateIntimacy.ql.
[2026-07-14 14:44:10] [SPAMMY] resolve queries> Query Filter: Implicitly candidating C:\Program Files\codeql\qlpacks\codeql\java-queries\1.11.5\Compatibility\JDK9\JdkInternalAccess.ql.
[2026-07-14 14:44:10] [SPAMMY] resolve queries> Query Filter: Implicitly candidating C:\Program Files\codeql\qlpacks\codeql\java-queries\1.11.5\Compatibility\JDK9\UnderscoreIdentifier.ql.
[2026-07-14 14:44:10] [SPAMMY] resolve queries> Query Filter: Implicitly candidating C:\Program Files\codeql\qlpacks\codeql\java-queries\1.11.5\Complexity\BlockWithTooManyStatements.ql.
[2026-07-14 14:44:10] [SPAMMY] resolve queries> Query Filter: Implicitly candidating C:\Program Files\codeql\qlpacks\codeql\java-queries\1.11.5\Complexity\ComplexCondition.ql.
[2026-07-14 14:44:10] [SPAMMY] resolve queries> Query Filter: Implicitly candidating C:\Program Files\codeql\qlpacks\codeql\java-queries\1.11.5\DeadCode\DeadClass.ql.
[2026-07-14 14:44:10] [SPAMMY] resolve queries> Query Filter: Implicitly candidating C:\Program Files\codeql\qlpacks\codeql\java-queries\1.11.5\DeadCode\DeadEnumConstant.ql.
[2026-07-14 14:44:10] [SPAMMY] resolve queries> Query Filter: Implicitly candidating C:\Program Files\codeql\qlpacks\codeql\java-queries\1.11.5\DeadCode\DeadField.ql.
[2026-07-14 14:44:10] [SPAMMY] resolve queries> Query Filter: Implicitly candidating C:\Program Files\codeql\qlpacks\codeql\java-queries\1.11.5\DeadCode\DeadMethod.ql.
[2026-07-14 14:44:10] [SPAMMY] resolve queries> Query Filter: Implicitly candidating C:\Program Files\codeql\qlpacks\codeql\java-queries\1.11.5\DeadCode\FLinesOfDeadCode.ql.
[2026-07-14 14:44:10] [SPAMMY] resolve queries> Query Filter: Implicitly candidating C:\Program Files\codeql\qlpacks\codeql\java-queries\1.11.5\DeadCode\UselessParameter.ql.
[2026-07-14 14:44:10] [SPAMMY] resolve queries> Query Filter: Implicitly candidating C:\Program Files\codeql\qlpacks\codeql\java-queries\1.11.5\definitions.ql.
[2026-07-14 14:44:10] [SPAMMY] resolve queries> Query Filter: Implicitly candidating C:\Program Files\codeql\qlpacks\codeql\java-queries\1.11.5\Diagnostics\ExtractionErrors.ql.
[2026-07-14 14:44:10] [SPAMMY] resolve queries> Query Filter: Implicitly candidating C:\Program Files\codeql\qlpacks\codeql\java-queries\1.11.5\Diagnostics\ExtractionWarnings.ql.
[2026-07-14 14:44:10] [SPAMMY] resolve queries> Query Filter: Implicitly candidating C:\Program Files\codeql\qlpacks\codeql\java-queries\1.11.5\Diagnostics\SuccessfullyExtractedFiles.ql.
[2026-07-14 14:44:10] [SPAMMY] resolve queries> Query Filter: Implicitly candidating C:\Program Files\codeql\qlpacks\codeql\java-queries\1.11.5\experimental\quantum\Examples\BadMacOrderDecryptThenMac.ql.
[2026-07-14 14:44:10] [SPAMMY] resolve queries> Query Filter: Implicitly candidating C:\Program Files\codeql\qlpacks\codeql\java-queries\1.11.5\experimental\quantum\Examples\BadMacOrderDecryptToMac.ql.
[2026-07-14 14:44:10] [SPAMMY] resolve queries> Query Filter: Implicitly candidating C:\Program Files\codeql\qlpacks\codeql\java-queries\1.11.5\experimental\quantum\Examples\BadMacOrderMacOnEncryptPlaintext.ql.
[2026-07-14 14:44:10] [SPAMMY] resolve queries> Query Filter: Implicitly candidating C:\Program Files\codeql\qlpacks\codeql\java-queries\1.11.5\experimental\quantum\Examples\BrokenCrypto.ql.
[2026-07-14 14:44:10] [SPAMMY] resolve queries> Query Filter: Implicitly candidating C:\Program Files\codeql\qlpacks\codeql\java-queries\1.11.5\experimental\quantum\Examples\InsecureIVorNonceSource.ql.
[2026-07-14 14:44:10] [SPAMMY] resolve queries> Query Filter: Implicitly candidating C:\Program Files\codeql\qlpacks\codeql\java-queries\1.11.5\experimental\quantum\Examples\NonAESGCMCipher.ql.
[2026-07-14 14:44:10] [SPAMMY] resolve queries> Query Filter: Implicitly candidating C:\Program Files\codeql\qlpacks\codeql\java-queries\1.11.5\experimental\quantum\Examples\ReusedNonce.ql.
[2026-07-14 14:44:10] [SPAMMY] resolve queries> Query Filter: Implicitly candidating C:\Program Files\codeql\qlpacks\codeql\java-queries\1.11.5\experimental\quantum\Examples\TestAESGCMNonce.ql.
[2026-07-14 14:44:10] [SPAMMY] resolve queries> Query Filter: Implicitly candidating C:\Program Files\codeql\qlpacks\codeql\java-queries\1.11.5\experimental\quantum\Examples\TestCipher.ql.
[2026-07-14 14:44:10] [SPAMMY] resolve queries> Query Filter: Implicitly candidating C:\Program Files\codeql\qlpacks\codeql\java-queries\1.11.5\experimental\quantum\Examples\TestHash.ql.
[2026-07-14 14:44:10] [SPAMMY] resolve queries> Query Filter: Implicitly candidating C:\Program Files\codeql\qlpacks\codeql\java-queries\1.11.5\experimental\quantum\Examples\UnknownHash.ql.
[2026-07-14 14:44:10] [SPAMMY] resolve queries> Query Filter: Implicitly candidating C:\Program Files\codeql\qlpacks\codeql\java-queries\1.11.5\experimental\quantum\Examples\UnknownIVorNonceSource.ql.
[2026-07-14 14:44:10] [SPAMMY] resolve queries> Query Filter: Implicitly candidating C:\Program Files\codeql\qlpacks\codeql\java-queries\1.11.5\experimental\quantum\Examples\UnknownKDFIterationCount.ql.
[2026-07-14 14:44:10] [SPAMMY] resolve queries> Query Filter: Implicitly candidating C:\Program Files\codeql\qlpacks\codeql\java-queries\1.11.5\experimental\quantum\Examples\WeakAsymmetricKeyGenSize.ql.
[2026-07-14 14:44:10] [SPAMMY] resolve queries> Query Filter: Implicitly candidating C:\Program Files\codeql\qlpacks\codeql\java-queries\1.11.5\experimental\quantum\Examples\WeakBlockModes.ql.
[2026-07-14 14:44:10] [SPAMMY] resolve queries> Query Filter: Implicitly candidating C:\Program Files\codeql\qlpacks\codeql\java-queries\1.11.5\experimental\quantum\Examples\WeakHash.ql.
[2026-07-14 14:44:10] [SPAMMY] resolve queries> Query Filter: Implicitly candidating C:\Program Files\codeql\qlpacks\codeql\java-queries\1.11.5\experimental\quantum\Examples\WeakKDFIterationCount.ql.
[2026-07-14 14:44:10] [SPAMMY] resolve queries> Query Filter: Implicitly candidating C:\Program Files\codeql\qlpacks\codeql\java-queries\1.11.5\experimental\quantum\Examples\WeakKDFKeySize.ql.
[2026-07-14 14:44:10] [SPAMMY] resolve queries> Query Filter: Implicitly candidating C:\Program Files\codeql\qlpacks\codeql\java-queries\1.11.5\experimental\quantum\Examples\WeakSymmetricCipher.ql.
[2026-07-14 14:44:10] [SPAMMY] resolve queries> Query Filter: Implicitly candidating C:\Program Files\codeql\qlpacks\codeql\java-queries\1.11.5\experimental\quantum\InventorySlices\KnownAsymmetricAlgorithm.ql.
[2026-07-14 14:44:10] [SPAMMY] resolve queries> Query Filter: Implicitly candidating C:\Program Files\codeql\qlpacks\codeql\java-queries\1.11.5\experimental\quantum\InventorySlices\KnownAsymmetricCipherAlgorithm.ql.
[2026-07-14 14:44:10] [SPAMMY] resolve queries> Query Filter: Implicitly candidating C:\Program Files\codeql\qlpacks\codeql\java-queries\1.11.5\experimental\quantum\InventorySlices\KnownAsymmetricOperationAlgorithm.ql.
[2026-07-14 14:44:10] [SPAMMY] resolve queries> Query Filter: Implicitly candidating C:\Program Files\codeql\qlpacks\codeql\java-queries\1.11.5\experimental\quantum\InventorySlices\KnownCipherAlgorithm.ql.
[2026-07-14 14:44:10] [SPAMMY] resolve queries> Query Filter: Implicitly candidating C:\Program Files\codeql\qlpacks\codeql\java-queries\1.11.5\experimental\quantum\InventorySlices\KnownEllipticCurveAlgorithm.ql.
[2026-07-14 14:44:10] [SPAMMY] resolve queries> Query Filter: Implicitly candidating C:\Program Files\codeql\qlpacks\codeql\java-queries\1.11.5\experimental\quantum\InventorySlices\KnownHashingAlgorithm.ql.
[2026-07-14 14:44:10] [SPAMMY] resolve queries> Query Filter: Implicitly candidating C:\Program Files\codeql\qlpacks\codeql\java-queries\1.11.5\experimental\quantum\InventorySlices\KnownHashingOperation.ql.
[2026-07-14 14:44:10] [SPAMMY] resolve queries> Query Filter: Implicitly candidating C:\Program Files\codeql\qlpacks\codeql\java-queries\1.11.5\experimental\quantum\InventorySlices\KnownHashingOperationAlgorithm.ql.
[2026-07-14 14:44:10] [SPAMMY] resolve queries> Query Filter: Implicitly candidating C:\Program Files\codeql\qlpacks\codeql\java-queries\1.11.5\experimental\quantum\InventorySlices\KnownKeyDerivationAlgorithm.ql.
[2026-07-14 14:44:10] [SPAMMY] resolve queries> Query Filter: Implicitly candidating C:\Program Files\codeql\qlpacks\codeql\java-queries\1.11.5\experimental\quantum\InventorySlices\KnownKeyDerivationOperation.ql.
[2026-07-14 14:44:10] [SPAMMY] resolve queries> Query Filter: Implicitly candidating C:\Program Files\codeql\qlpacks\codeql\java-queries\1.11.5\experimental\quantum\InventorySlices\KnownKeyDerivationOperationAlgorithm.ql.
[2026-07-14 14:44:10] [SPAMMY] resolve queries> Query Filter: Implicitly candidating C:\Program Files\codeql\qlpacks\codeql\java-queries\1.11.5\experimental\quantum\InventorySlices\KnownSymmetricCipherAlgorithm.ql.
[2026-07-14 14:44:10] [SPAMMY] resolve queries> Query Filter: Implicitly candidating C:\Program Files\codeql\qlpacks\codeql\java-queries\1.11.5\experimental\quantum\InventorySlices\LikelyCryptoAPIFunction.ql.
[2026-07-14 14:44:10] [SPAMMY] resolve queries> Query Filter: Implicitly candidating C:\Program Files\codeql\qlpacks\codeql\java-queries\1.11.5\experimental\quantum\InventorySlices\UnknownOperationAlgorithm.ql.
[2026-07-14 14:44:10] [SPAMMY] resolve queries> Query Filter: Implicitly candidating C:\Program Files\codeql\qlpacks\codeql\java-queries\1.11.5\experimental\quantum\PrintCBOMGraph.ql.
[2026-07-14 14:44:10] [SPAMMY] resolve queries> Query Filter: Implicitly candidating C:\Program Files\codeql\qlpacks\codeql\java-queries\1.11.5\experimental\Security\CWE\CWE-020\Log4jJndiInjection.ql.
[2026-07-14 14:44:10] [SPAMMY] resolve queries> Query Filter: Implicitly candidating C:\Program Files\codeql\qlpacks\codeql\java-queries\1.11.5\experimental\Security\CWE\CWE-036\OpenStream.ql.
[2026-07-14 14:44:10] [SPAMMY] resolve queries> Query Filter: Implicitly candidating C:\Program Files\codeql\qlpacks\codeql\java-queries\1.11.5\experimental\Security\CWE\CWE-073\FilePathInjection.ql.
[2026-07-14 14:44:10] [SPAMMY] resolve queries> Query Filter: Implicitly candidating C:\Program Files\codeql\qlpacks\codeql\java-queries\1.11.5\experimental\Security\CWE\CWE-078\CommandInjectionRuntimeExec.ql.
[2026-07-14 14:44:10] [SPAMMY] resolve queries> Query Filter: Implicitly candidating C:\Program Files\codeql\qlpacks\codeql\java-queries\1.11.5\experimental\Security\CWE\CWE-078\CommandInjectionRuntimeExecLocal.ql.
[2026-07-14 14:44:10] [SPAMMY] resolve queries> Query Filter: Implicitly candidating C:\Program Files\codeql\qlpacks\codeql\java-queries\1.11.5\experimental\Security\CWE\CWE-078\ExecTainted.ql.
[2026-07-14 14:44:10] [SPAMMY] resolve queries> Query Filter: Implicitly candidating C:\Program Files\codeql\qlpacks\codeql\java-queries\1.11.5\experimental\Security\CWE\CWE-089\MyBatisAnnotationSqlInjection.ql.
[2026-07-14 14:44:10] [SPAMMY] resolve queries> Query Filter: Implicitly candidating C:\Program Files\codeql\qlpacks\codeql\java-queries\1.11.5\experimental\Security\CWE\CWE-089\MyBatisMapperXmlSqlInjection.ql.
[2026-07-14 14:44:10] [SPAMMY] resolve queries> Query Filter: Implicitly candidating C:\Program Files\codeql\qlpacks\codeql\java-queries\1.11.5\experimental\Security\CWE\CWE-094\BeanShellInjection.ql.
[2026-07-14 14:44:10] [SPAMMY] resolve queries> Query Filter: Implicitly candidating C:\Program Files\codeql\qlpacks\codeql\java-queries\1.11.5\experimental\Security\CWE\CWE-094\InsecureDexLoading.ql.
[2026-07-14 14:44:10] [SPAMMY] resolve queries> Query Filter: Implicitly candidating C:\Program Files\codeql\qlpacks\codeql\java-queries\1.11.5\experimental\Security\CWE\CWE-094\JakartaExpressionInjection.ql.
[2026-07-14 14:44:10] [SPAMMY] resolve queries> Query Filter: Implicitly candidating C:\Program Files\codeql\qlpacks\codeql\java-queries\1.11.5\experimental\Security\CWE\CWE-094\JShellInjection.ql.
[2026-07-14 14:44:10] [SPAMMY] resolve queries> Query Filter: Implicitly candidating C:\Program Files\codeql\qlpacks\codeql\java-queries\1.11.5\experimental\Security\CWE\CWE-094\JythonInjection.ql.
[2026-07-14 14:44:10] [SPAMMY] resolve queries> Query Filter: Implicitly candidating C:\Program Files\codeql\qlpacks\codeql\java-queries\1.11.5\experimental\Security\CWE\CWE-094\ScriptInjection.ql.
[2026-07-14 14:44:10] [SPAMMY] resolve queries> Query Filter: Implicitly candidating C:\Program Files\codeql\qlpacks\codeql\java-queries\1.11.5\experimental\Security\CWE\CWE-094\SpringImplicitViewManipulation.ql.
[2026-07-14 14:44:10] [SPAMMY] resolve queries> Query Filter: Implicitly candidating C:\Program Files\codeql\qlpacks\codeql\java-queries\1.11.5\experimental\Security\CWE\CWE-094\SpringViewManipulation.ql.
[2026-07-14 14:44:10] [SPAMMY] resolve queries> Query Filter: Implicitly candidating C:\Program Files\codeql\qlpacks\codeql\java-queries\1.11.5\experimental\Security\CWE\CWE-1004\InsecureTomcatConfig.ql.
[2026-07-14 14:44:10] [SPAMMY] resolve queries> Query Filter: Implicitly candidating C:\Program Files\codeql\qlpacks\codeql\java-queries\1.11.5\experimental\Security\CWE\CWE-200\InsecureWebResourceResponse.ql.
[2026-07-14 14:44:10] [SPAMMY] resolve queries> Query Filter: Implicitly candidating C:\Program Files\codeql\qlpacks\codeql\java-queries\1.11.5\experimental\Security\CWE\CWE-200\SensitiveAndroidFileLeak.ql.
[2026-07-14 14:44:10] [SPAMMY] resolve queries> Query Filter: Implicitly candidating C:\Program Files\codeql\qlpacks\codeql\java-queries\1.11.5\experimental\Security\CWE\CWE-208\PossibleTimingAttackAgainstSignature.ql.
[2026-07-14 14:44:10] [SPAMMY] resolve queries> Query Filter: Implicitly candidating C:\Program Files\codeql\qlpacks\codeql\java-queries\1.11.5\experimental\Security\CWE\CWE-208\TimingAttackAgainstHeader.ql.
[2026-07-14 14:44:10] [SPAMMY] resolve queries> Query Filter: Implicitly candidating C:\Program Files\codeql\qlpacks\codeql\java-queries\1.11.5\experimental\Security\CWE\CWE-208\TimingAttackAgainstSignature.ql.
[2026-07-14 14:44:10] [SPAMMY] resolve queries> Query Filter: Implicitly candidating C:\Program Files\codeql\qlpacks\codeql\java-queries\1.11.5\experimental\Security\CWE\CWE-295\JxBrowserWithoutCertValidation.ql.
[2026-07-14 14:44:10] [SPAMMY] resolve queries> Query Filter: Implicitly candidating C:\Program Files\codeql\qlpacks\codeql\java-queries\1.11.5\experimental\Security\CWE\CWE-297\IgnoredHostnameVerification.ql.
[2026-07-14 14:44:10] [SPAMMY] resolve queries> Query Filter: Implicitly candidating C:\Program Files\codeql\qlpacks\codeql\java-queries\1.11.5\experimental\Security\CWE\CWE-297\InsecureLdapEndpoint.ql.
[2026-07-14 14:44:10] [SPAMMY] resolve queries> Query Filter: Implicitly candidating C:\Program Files\codeql\qlpacks\codeql\java-queries\1.11.5\experimental\Security\CWE\CWE-299\DisabledRevocationChecking.ql.
[2026-07-14 14:44:10] [SPAMMY] resolve queries> Query Filter: Implicitly candidating C:\Program Files\codeql\qlpacks\codeql\java-queries\1.11.5\experimental\Security\CWE\CWE-327\Azure\UnsafeUsageOfClientSideEncryptionVersion.ql.
[2026-07-14 14:44:10] [SPAMMY] resolve queries> Query Filter: Implicitly candidating C:\Program Files\codeql\qlpacks\codeql\java-queries\1.11.5\experimental\Security\CWE\CWE-327\UnsafeTlsVersion.ql.
[2026-07-14 14:44:10] [SPAMMY] resolve queries> Query Filter: Implicitly candidating C:\Program Files\codeql\qlpacks\codeql\java-queries\1.11.5\experimental\Security\CWE\CWE-346\UnvalidatedCors.ql.
[2026-07-14 14:44:10] [SPAMMY] resolve queries> Query Filter: Implicitly candidating C:\Program Files\codeql\qlpacks\codeql\java-queries\1.11.5\experimental\Security\CWE\CWE-347\Auth0NoVerifier.ql.
[2026-07-14 14:44:10] [SPAMMY] resolve queries> Query Filter: Implicitly candidating C:\Program Files\codeql\qlpacks\codeql\java-queries\1.11.5\experimental\Security\CWE\CWE-348\ClientSuppliedIpUsedInSecurityCheck.ql.
[2026-07-14 14:44:10] [SPAMMY] resolve queries> Query Filter: Implicitly candidating C:\Program Files\codeql\qlpacks\codeql\java-queries\1.11.5\experimental\Security\CWE\CWE-352\JsonpInjection.ql.
[2026-07-14 14:44:10] [SPAMMY] resolve queries> Query Filter: Implicitly candidating C:\Program Files\codeql\qlpacks\codeql\java-queries\1.11.5\experimental\Security\CWE\CWE-400\LocalThreadResourceAbuse.ql.
[2026-07-14 14:44:10] [SPAMMY] resolve queries> Query Filter: Implicitly candidating C:\Program Files\codeql\qlpacks\codeql\java-queries\1.11.5\experimental\Security\CWE\CWE-400\ThreadResourceAbuse.ql.
[2026-07-14 14:44:10] [SPAMMY] resolve queries> Query Filter: Implicitly candidating C:\Program Files\codeql\qlpacks\codeql\java-queries\1.11.5\experimental\Security\CWE\CWE-470\LoadClassNoSignatureCheck.ql.
[2026-07-14 14:44:10] [SPAMMY] resolve queries> Query Filter: Implicitly candidating C:\Program Files\codeql\qlpacks\codeql\java-queries\1.11.5\experimental\Security\CWE\CWE-470\UnsafeReflection.ql.
[2026-07-14 14:44:10] [SPAMMY] resolve queries> Query Filter: Implicitly candidating C:\Program Files\codeql\qlpacks\codeql\java-queries\1.11.5\experimental\Security\CWE\CWE-489\devMode.ql.
[2026-07-14 14:44:10] [SPAMMY] resolve queries> Query Filter: Implicitly candidating C:\Program Files\codeql\qlpacks\codeql\java-queries\1.11.5\experimental\Security\CWE\CWE-489\EJBMain.ql.
[2026-07-14 14:44:10] [SPAMMY] resolve queries> Query Filter: Implicitly candidating C:\Program Files\codeql\qlpacks\codeql\java-queries\1.11.5\experimental\Security\CWE\CWE-489\WebComponentMain.ql.
[2026-07-14 14:44:10] [SPAMMY] resolve queries> Query Filter: Implicitly candidating C:\Program Files\codeql\qlpacks\codeql\java-queries\1.11.5\experimental\Security\CWE\CWE-502\UnsafeDeserializationRmi.ql.
[2026-07-14 14:44:10] [SPAMMY] resolve queries> Query Filter: Implicitly candidating C:\Program Files\codeql\qlpacks\codeql\java-queries\1.11.5\experimental\Security\CWE\CWE-502\UnsafeSpringExporterInConfigurationClass.ql.
[2026-07-14 14:44:10] [SPAMMY] resolve queries> Query Filter: Implicitly candidating C:\Program Files\codeql\qlpacks\codeql\java-queries\1.11.5\experimental\Security\CWE\CWE-502\UnsafeSpringExporterInXMLConfiguration.ql.
[2026-07-14 14:44:10] [SPAMMY] resolve queries> Query Filter: Implicitly candidating C:\Program Files\codeql\qlpacks\codeql\java-queries\1.11.5\experimental\Security\CWE\CWE-522-DecompressionBombs\DecompressionBomb.ql.
[2026-07-14 14:44:10] [SPAMMY] resolve queries> Query Filter: Implicitly candidating C:\Program Files\codeql\qlpacks\codeql\java-queries\1.11.5\experimental\Security\CWE\CWE-548\InsecureDirectoryConfig.ql.
[2026-07-14 14:44:10] [SPAMMY] resolve queries> Query Filter: Implicitly candidating C:\Program Files\codeql\qlpacks\codeql\java-queries\1.11.5\experimental\Security\CWE\CWE-555\CredentialsInPropertiesFile.ql.
[2026-07-14 14:44:10] [SPAMMY] resolve queries> Query Filter: Implicitly candidating C:\Program Files\codeql\qlpacks\codeql\java-queries\1.11.5\experimental\Security\CWE\CWE-555\PasswordInConfigurationFile.ql.
[2026-07-14 14:44:10] [SPAMMY] resolve queries> Query Filter: Implicitly candidating C:\Program Files\codeql\qlpacks\codeql\java-queries\1.11.5\experimental\Security\CWE\CWE-598\SensitiveGetQuery.ql.
[2026-07-14 14:44:10] [SPAMMY] resolve queries> Query Filter: Implicitly candidating C:\Program Files\codeql\qlpacks\codeql\java-queries\1.11.5\experimental\Security\CWE\CWE-600\UncaughtServletException.ql.
[2026-07-14 14:44:10] [SPAMMY] resolve queries> Query Filter: Implicitly candidating C:\Program Files\codeql\qlpacks\codeql\java-queries\1.11.5\experimental\Security\CWE\CWE-601\SpringUrlRedirect.ql.
[2026-07-14 14:44:10] [SPAMMY] resolve queries> Query Filter: Implicitly candidating C:\Program Files\codeql\qlpacks\codeql\java-queries\1.11.5\experimental\Security\CWE\CWE-625\PermissiveDotRegex.ql.
[2026-07-14 14:44:10] [SPAMMY] resolve queries> Query Filter: Implicitly candidating C:\Program Files\codeql\qlpacks\codeql\java-queries\1.11.5\experimental\Security\CWE\CWE-652\XQueryInjection.ql.
[2026-07-14 14:44:10] [SPAMMY] resolve queries> Query Filter: Implicitly candidating C:\Program Files\codeql\qlpacks\codeql\java-queries\1.11.5\experimental\Security\CWE\CWE-665\InsecureRmiJmxEnvironmentConfiguration.ql.
[2026-07-14 14:44:10] [SPAMMY] resolve queries> Query Filter: Implicitly candidating C:\Program Files\codeql\qlpacks\codeql\java-queries\1.11.5\experimental\Security\CWE\CWE-755\NFEAndroidDoS.ql.
[2026-07-14 14:44:10] [SPAMMY] resolve queries> Query Filter: Implicitly candidating C:\Program Files\codeql\qlpacks\codeql\java-queries\1.11.5\experimental\Security\CWE\CWE-759\HashWithoutSalt.ql.
[2026-07-14 14:44:10] [SPAMMY] resolve queries> Query Filter: Implicitly candidating C:\Program Files\codeql\qlpacks\codeql\java-queries\1.11.5\experimental\Security\CWE\CWE-939\IncorrectURLVerification.ql.
[2026-07-14 14:44:10] [SPAMMY] resolve queries> Query Filter: Implicitly candidating C:\Program Files\codeql\qlpacks\codeql\java-queries\1.11.5\external\DuplicateAnonymous.ql.
[2026-07-14 14:44:10] [SPAMMY] resolve queries> Query Filter: Implicitly candidating C:\Program Files\codeql\qlpacks\codeql\java-queries\1.11.5\external\DuplicateBlock.ql.
[2026-07-14 14:44:10] [SPAMMY] resolve queries> Query Filter: Implicitly candidating C:\Program Files\codeql\qlpacks\codeql\java-queries\1.11.5\external\DuplicateMethod.ql.
[2026-07-14 14:44:10] [SPAMMY] resolve queries> Query Filter: Implicitly candidating C:\Program Files\codeql\qlpacks\codeql\java-queries\1.11.5\external\MostlyDuplicateClass.ql.
[2026-07-14 14:44:10] [SPAMMY] resolve queries> Query Filter: Implicitly candidating C:\Program Files\codeql\qlpacks\codeql\java-queries\1.11.5\external\MostlyDuplicateFile.ql.
[2026-07-14 14:44:10] [SPAMMY] resolve queries> Query Filter: Implicitly candidating C:\Program Files\codeql\qlpacks\codeql\java-queries\1.11.5\external\MostlyDuplicateMethod.ql.
[2026-07-14 14:44:10] [SPAMMY] resolve queries> Query Filter: Implicitly candidating C:\Program Files\codeql\qlpacks\codeql\java-queries\1.11.5\external\MostlySimilarFile.ql.
[2026-07-14 14:44:10] [SPAMMY] resolve queries> Query Filter: Implicitly candidating C:\Program Files\codeql\qlpacks\codeql\java-queries\1.11.5\filters\ClassifyFiles.ql.
[2026-07-14 14:44:10] [SPAMMY] resolve queries> Query Filter: Implicitly candidating C:\Program Files\codeql\qlpacks\codeql\java-queries\1.11.5\Frameworks\JavaEE\EJB\EjbContainerInterference.ql.
[2026-07-14 14:44:10] [SPAMMY] resolve queries> Query Filter: Implicitly candidating C:\Program Files\codeql\qlpacks\codeql\java-queries\1.11.5\Frameworks\JavaEE\EJB\EjbFileIO.ql.
[2026-07-14 14:44:10] [SPAMMY] resolve queries> Query Filter: Implicitly candidating C:\Program Files\codeql\qlpacks\codeql\java-queries\1.11.5\Frameworks\JavaEE\EJB\EjbGraphics.ql.
[2026-07-14 14:44:10] [SPAMMY] resolve queries> Query Filter: Implicitly candidating C:\Program Files\codeql\qlpacks\codeql\java-queries\1.11.5\Frameworks\JavaEE\EJB\EjbNative.ql.
[2026-07-14 14:44:10] [SPAMMY] resolve queries> Query Filter: Implicitly candidating C:\Program Files\codeql\qlpacks\codeql\java-queries\1.11.5\Frameworks\JavaEE\EJB\EjbReflection.ql.
[2026-07-14 14:44:10] [SPAMMY] resolve queries> Query Filter: Implicitly candidating C:\Program Files\codeql\qlpacks\codeql\java-queries\1.11.5\Frameworks\JavaEE\EJB\EjbSecurityConfiguration.ql.
[2026-07-14 14:44:10] [SPAMMY] resolve queries> Query Filter: Implicitly candidating C:\Program Files\codeql\qlpacks\codeql\java-queries\1.11.5\Frameworks\JavaEE\EJB\EjbSerialization.ql.
[2026-07-14 14:44:10] [SPAMMY] resolve queries> Query Filter: Implicitly candidating C:\Program Files\codeql\qlpacks\codeql\java-queries\1.11.5\Frameworks\JavaEE\EJB\EjbSetSocketOrUrlFactory.ql.
[2026-07-14 14:44:10] [SPAMMY] resolve queries> Query Filter: Implicitly candidating C:\Program Files\codeql\qlpacks\codeql\java-queries\1.11.5\Frameworks\JavaEE\EJB\EjbSocketAsServer.ql.
[2026-07-14 14:44:10] [SPAMMY] resolve queries> Query Filter: Implicitly candidating C:\Program Files\codeql\qlpacks\codeql\java-queries\1.11.5\Frameworks\JavaEE\EJB\EjbStaticFieldNonFinal.ql.
[2026-07-14 14:44:10] [SPAMMY] resolve queries> Query Filter: Implicitly candidating C:\Program Files\codeql\qlpacks\codeql\java-queries\1.11.5\Frameworks\JavaEE\EJB\EjbSynchronization.ql.
[2026-07-14 14:44:10] [SPAMMY] resolve queries> Query Filter: Implicitly candidating C:\Program Files\codeql\qlpacks\codeql\java-queries\1.11.5\Frameworks\JavaEE\EJB\EjbThis.ql.
[2026-07-14 14:44:10] [SPAMMY] resolve queries> Query Filter: Implicitly candidating C:\Program Files\codeql\qlpacks\codeql\java-queries\1.11.5\Frameworks\JavaEE\EJB\EjbThreads.ql.
[2026-07-14 14:44:10] [SPAMMY] resolve queries> Query Filter: Implicitly candidating C:\Program Files\codeql\qlpacks\codeql\java-queries\1.11.5\Frameworks\Spring\Architecture\Refactoring Opportunities\MissingParentBean.ql.
[2026-07-14 14:44:10] [SPAMMY] resolve queries> Query Filter: Implicitly candidating C:\Program Files\codeql\qlpacks\codeql\java-queries\1.11.5\Frameworks\Spring\Architecture\Refactoring Opportunities\TooManyBeans.ql.
[2026-07-14 14:44:10] [SPAMMY] resolve queries> Query Filter: Implicitly candidating C:\Program Files\codeql\qlpacks\codeql\java-queries\1.11.5\Frameworks\Spring\Architecture\Refactoring Opportunities\UnusedBean.ql.
[2026-07-14 14:44:10] [SPAMMY] resolve queries> Query Filter: Implicitly candidating C:\Program Files\codeql\qlpacks\codeql\java-queries\1.11.5\Frameworks\Spring\Architecture\Refactoring Opportunities\UselessPropertyOverride.ql.
[2026-07-14 14:44:10] [SPAMMY] resolve queries> Query Filter: Implicitly candidating C:\Program Files\codeql\qlpacks\codeql\java-queries\1.11.5\Frameworks\Spring\Violations of Best Practice\AvoidAutowiring.ql.
[2026-07-14 14:44:10] [SPAMMY] resolve queries> Query Filter: Implicitly candidating C:\Program Files\codeql\qlpacks\codeql\java-queries\1.11.5\Frameworks\Spring\Violations of Best Practice\DontUseConstructorArgIndex.ql.
[2026-07-14 14:44:10] [SPAMMY] resolve queries> Query Filter: Implicitly candidating C:\Program Files\codeql\qlpacks\codeql\java-queries\1.11.5\Frameworks\Spring\Violations of Best Practice\ImportsFirst.ql.
[2026-07-14 14:44:10] [SPAMMY] resolve queries> Query Filter: Implicitly candidating C:\Program Files\codeql\qlpacks\codeql\java-queries\1.11.5\Frameworks\Spring\Violations of Best Practice\NoBeanDescription.ql.
[2026-07-14 14:44:10] [SPAMMY] resolve queries> Query Filter: Implicitly candidating C:\Program Files\codeql\qlpacks\codeql\java-queries\1.11.5\Frameworks\Spring\Violations of Best Practice\ParentShouldNotUseAbstractClass.ql.
[2026-07-14 14:44:10] [SPAMMY] resolve queries> Query Filter: Implicitly candidating C:\Program Files\codeql\qlpacks\codeql\java-queries\1.11.5\Frameworks\Spring\Violations of Best Practice\UseIdInsteadOfName.ql.
[2026-07-14 14:44:10] [SPAMMY] resolve queries> Query Filter: Implicitly candidating C:\Program Files\codeql\qlpacks\codeql\java-queries\1.11.5\Frameworks\Spring\Violations of Best Practice\UseLocalRef.ql.
[2026-07-14 14:44:10] [SPAMMY] resolve queries> Query Filter: Implicitly candidating C:\Program Files\codeql\qlpacks\codeql\java-queries\1.11.5\Frameworks\Spring\Violations of Best Practice\UseSetterInjection.ql.
[2026-07-14 14:44:10] [SPAMMY] resolve queries> Query Filter: Implicitly candidating C:\Program Files\codeql\qlpacks\codeql\java-queries\1.11.5\Frameworks\Spring\Violations of Best Practice\UseShortcutForms.ql.
[2026-07-14 14:44:10] [SPAMMY] resolve queries> Query Filter: Implicitly candidating C:\Program Files\codeql\qlpacks\codeql\java-queries\1.11.5\Frameworks\Spring\XML Configuration Errors\MissingSetters.ql.
[2026-07-14 14:44:10] [SPAMMY] resolve queries> Query Filter: Implicitly candidating C:\Program Files\codeql\qlpacks\codeql\java-queries\1.11.5\Language Abuse\CastThisToTypeParameter.ql.
[2026-07-14 14:44:10] [SPAMMY] resolve queries> Query Filter: Implicitly candidating C:\Program Files\codeql\qlpacks\codeql\java-queries\1.11.5\Language Abuse\ChainedInstanceof.ql.
[2026-07-14 14:44:10] [SPAMMY] resolve queries> Query Filter: Implicitly candidating C:\Program Files\codeql\qlpacks\codeql\java-queries\1.11.5\Language Abuse\DubiousDowncastOfThis.ql.
[2026-07-14 14:44:10] [SPAMMY] resolve queries> Query Filter: Implicitly candidating C:\Program Files\codeql\qlpacks\codeql\java-queries\1.11.5\Language Abuse\DubiousTypeTestOfThis.ql.
[2026-07-14 14:44:10] [SPAMMY] resolve queries> Query Filter: Implicitly candidating C:\Program Files\codeql\qlpacks\codeql\java-queries\1.11.5\Language Abuse\EmptyMethod.ql.
[2026-07-14 14:44:10] [SPAMMY] resolve queries> Query Filter: Implicitly candidating C:\Program Files\codeql\qlpacks\codeql\java-queries\1.11.5\Language Abuse\EnumIdentifier.ql.
[2026-07-14 14:44:10] [SPAMMY] resolve queries> Query Filter: Implicitly candidating C:\Program Files\codeql\qlpacks\codeql\java-queries\1.11.5\Language Abuse\ImplementsAnnotation.ql.
[2026-07-14 14:44:10] [SPAMMY] resolve queries> Query Filter: Implicitly candidating C:\Program Files\codeql\qlpacks\codeql\java-queries\1.11.5\Language Abuse\IterableIterator.ql.
[2026-07-14 14:44:10] [SPAMMY] resolve queries> Query Filter: Implicitly candidating C:\Program Files\codeql\qlpacks\codeql\java-queries\1.11.5\Language Abuse\LabelInSwitch.ql.
[2026-07-14 14:44:10] [SPAMMY] resolve queries> Query Filter: Implicitly candidating C:\Program Files\codeql\qlpacks\codeql\java-queries\1.11.5\Language Abuse\MissedTernaryOpportunity.ql.
[2026-07-14 14:44:10] [SPAMMY] resolve queries> Query Filter: Implicitly candidating C:\Program Files\codeql\qlpacks\codeql\java-queries\1.11.5\Language Abuse\OverridePackagePrivate.ql.
[2026-07-14 14:44:10] [SPAMMY] resolve queries> Query Filter: Implicitly candidating C:\Program Files\codeql\qlpacks\codeql\java-queries\1.11.5\Language Abuse\TypeVarExtendsFinalType.ql.
[2026-07-14 14:44:10] [SPAMMY] resolve queries> Query Filter: Implicitly candidating C:\Program Files\codeql\qlpacks\codeql\java-queries\1.11.5\Language Abuse\TypeVariableHidesType.ql.
[2026-07-14 14:44:10] [SPAMMY] resolve queries> Query Filter: Implicitly candidating C:\Program Files\codeql\qlpacks\codeql\java-queries\1.11.5\Language Abuse\UselessNullCheck.ql.
[2026-07-14 14:44:10] [SPAMMY] resolve queries> Query Filter: Implicitly candidating C:\Program Files\codeql\qlpacks\codeql\java-queries\1.11.5\Language Abuse\UselessTypeTest.ql.
[2026-07-14 14:44:10] [SPAMMY] resolve queries> Query Filter: Implicitly candidating C:\Program Files\codeql\qlpacks\codeql\java-queries\1.11.5\Language Abuse\UselessUpcast.ql.
[2026-07-14 14:44:10] [SPAMMY] resolve queries> Query Filter: Implicitly candidating C:\Program Files\codeql\qlpacks\codeql\java-queries\1.11.5\Language Abuse\WrappedIterator.ql.
[2026-07-14 14:44:10] [SPAMMY] resolve queries> Query Filter: Implicitly candidating C:\Program Files\codeql\qlpacks\codeql\java-queries\1.11.5\Likely Bugs\Arithmetic\BadAbsOfRandom.ql.
[2026-07-14 14:44:10] [SPAMMY] resolve queries> Query Filter: Implicitly candidating C:\Program Files\codeql\qlpacks\codeql\java-queries\1.11.5\Likely Bugs\Arithmetic\BadCheckOdd.ql.
[2026-07-14 14:44:10] [SPAMMY] resolve queries> Query Filter: Implicitly candidating C:\Program Files\codeql\qlpacks\codeql\java-queries\1.11.5\Likely Bugs\Arithmetic\CondExprTypes.ql.
[2026-07-14 14:44:10] [SPAMMY] resolve queries> Query Filter: Implicitly candidating C:\Program Files\codeql\qlpacks\codeql\java-queries\1.11.5\Likely Bugs\Arithmetic\ConstantExpAppearsNonConstant.ql.
[2026-07-14 14:44:10] [SPAMMY] resolve queries> Query Filter: Implicitly candidating C:\Program Files\codeql\qlpacks\codeql\java-queries\1.11.5\Likely Bugs\Arithmetic\InformationLoss.ql.
[2026-07-14 14:44:10] [SPAMMY] resolve queries> Query Filter: Implicitly candidating C:\Program Files\codeql\qlpacks\codeql\java-queries\1.11.5\Likely Bugs\Arithmetic\IntMultToLong.ql.
[2026-07-14 14:44:10] [SPAMMY] resolve queries> Query Filter: Implicitly candidating C:\Program Files\codeql\qlpacks\codeql\java-queries\1.11.5\Likely Bugs\Arithmetic\LShiftLargerThanTypeWidth.ql.
[2026-07-14 14:44:10] [SPAMMY] resolve queries> Query Filter: Implicitly candidating C:\Program Files\codeql\qlpacks\codeql\java-queries\1.11.5\Likely Bugs\Arithmetic\MultiplyRemainder.ql.
[2026-07-14 14:44:10] [SPAMMY] resolve queries> Query Filter: Implicitly candidating C:\Program Files\codeql\qlpacks\codeql\java-queries\1.11.5\Likely Bugs\Arithmetic\OctalLiteral.ql.
[2026-07-14 14:44:10] [SPAMMY] resolve queries> Query Filter: Implicitly candidating C:\Program Files\codeql\qlpacks\codeql\java-queries\1.11.5\Likely Bugs\Arithmetic\RandomUsedOnce.ql.
[2026-07-14 14:44:10] [SPAMMY] resolve queries> Query Filter: Implicitly candidating C:\Program Files\codeql\qlpacks\codeql\java-queries\1.11.5\Likely Bugs\Arithmetic\WhitespaceContradictsPrecedence.ql.
[2026-07-14 14:44:10] [SPAMMY] resolve queries> Query Filter: Implicitly candidating C:\Program Files\codeql\qlpacks\codeql\java-queries\1.11.5\Likely Bugs\Cloning\MissingCallToSuperClone.ql.
[2026-07-14 14:44:10] [SPAMMY] resolve queries> Query Filter: Implicitly candidating C:\Program Files\codeql\qlpacks\codeql\java-queries\1.11.5\Likely Bugs\Cloning\MissingMethodClone.ql.
[2026-07-14 14:44:10] [SPAMMY] resolve queries> Query Filter: Implicitly candidating C:\Program Files\codeql\qlpacks\codeql\java-queries\1.11.5\Likely Bugs\Collections\ArrayIndexOutOfBounds.ql.
[2026-07-14 14:44:10] [SPAMMY] resolve queries> Query Filter: Implicitly candidating C:\Program Files\codeql\qlpacks\codeql\java-queries\1.11.5\Likely Bugs\Collections\ContainsTypeMismatch.ql.
[2026-07-14 14:44:10] [SPAMMY] resolve queries> Query Filter: Implicitly candidating C:\Program Files\codeql\qlpacks\codeql\java-queries\1.11.5\Likely Bugs\Collections\IteratorRemoveMayFail.ql.
[2026-07-14 14:44:10] [SPAMMY] resolve queries> Query Filter: Implicitly candidating C:\Program Files\codeql\qlpacks\codeql\java-queries\1.11.5\Likely Bugs\Collections\ReadOnlyContainer.ql.
[2026-07-14 14:44:10] [SPAMMY] resolve queries> Query Filter: Implicitly candidating C:\Program Files\codeql\qlpacks\codeql\java-queries\1.11.5\Likely Bugs\Collections\RemoveTypeMismatch.ql.
[2026-07-14 14:44:10] [SPAMMY] resolve queries> Query Filter: Implicitly candidating C:\Program Files\codeql\qlpacks\codeql\java-queries\1.11.5\Likely Bugs\Collections\WriteOnlyContainer.ql.
[2026-07-14 14:44:10] [SPAMMY] resolve queries> Query Filter: Implicitly candidating C:\Program Files\codeql\qlpacks\codeql\java-queries\1.11.5\Likely Bugs\Comparison\BitwiseSignCheck.ql.
[2026-07-14 14:44:10] [SPAMMY] resolve queries> Query Filter: Implicitly candidating C:\Program Files\codeql\qlpacks\codeql\java-queries\1.11.5\Likely Bugs\Comparison\CompareIdenticalValues.ql.
[2026-07-14 14:44:10] [SPAMMY] resolve queries> Query Filter: Implicitly candidating C:\Program Files\codeql\qlpacks\codeql\java-queries\1.11.5\Likely Bugs\Comparison\CovariantCompareTo.ql.
[2026-07-14 14:44:10] [SPAMMY] resolve queries> Query Filter: Implicitly candidating C:\Program Files\codeql\qlpacks\codeql\java-queries\1.11.5\Likely Bugs\Comparison\CovariantEquals.ql.
[2026-07-14 14:44:10] [SPAMMY] resolve queries> Query Filter: Implicitly candidating C:\Program Files\codeql\qlpacks\codeql\java-queries\1.11.5\Likely Bugs\Comparison\DefineEqualsWhenAddingFields.ql.
[2026-07-14 14:44:10] [SPAMMY] resolve queries> Query Filter: Implicitly candidating C:\Program Files\codeql\qlpacks\codeql\java-queries\1.11.5\Likely Bugs\Comparison\EqualsArray.ql.
[2026-07-14 14:44:10] [SPAMMY] resolve queries> Query Filter: Implicitly candidating C:\Program Files\codeql\qlpacks\codeql\java-queries\1.11.5\Likely Bugs\Comparison\EqualsUsesInstanceOf.ql.
[2026-07-14 14:44:10] [SPAMMY] resolve queries> Query Filter: Implicitly candidating C:\Program Files\codeql\qlpacks\codeql\java-queries\1.11.5\Likely Bugs\Comparison\HashedButNoHash.ql.
[2026-07-14 14:44:10] [SPAMMY] resolve queries> Query Filter: Implicitly candidating C:\Program Files\codeql\qlpacks\codeql\java-queries\1.11.5\Likely Bugs\Comparison\IncomparableEquals.ql.
[2026-07-14 14:44:10] [SPAMMY] resolve queries> Query Filter: Implicitly candidating C:\Program Files\codeql\qlpacks\codeql\java-queries\1.11.5\Likely Bugs\Comparison\InconsistentCompareTo.ql.
[2026-07-14 14:44:10] [SPAMMY] resolve queries> Query Filter: Implicitly candidating C:\Program Files\codeql\qlpacks\codeql\java-queries\1.11.5\Likely Bugs\Comparison\InconsistentEqualsHashCode.ql.
[2026-07-14 14:44:10] [SPAMMY] resolve queries> Query Filter: Implicitly candidating C:\Program Files\codeql\qlpacks\codeql\java-queries\1.11.5\Likely Bugs\Comparison\MissingInstanceofInEquals.ql.
[2026-07-14 14:44:10] [SPAMMY] resolve queries> Query Filter: Implicitly candidating C:\Program Files\codeql\qlpacks\codeql\java-queries\1.11.5\Likely Bugs\Comparison\NoAssignInBooleanExprs.ql.
[2026-07-14 14:44:10] [SPAMMY] resolve queries> Query Filter: Implicitly candidating C:\Program Files\codeql\qlpacks\codeql\java-queries\1.11.5\Likely Bugs\Comparison\NoComparisonOnFloats.ql.
[2026-07-14 14:44:10] [SPAMMY] resolve queries> Query Filter: Implicitly candidating C:\Program Files\codeql\qlpacks\codeql\java-queries\1.11.5\Likely Bugs\Comparison\ObjectComparison.ql.
[2026-07-14 14:44:10] [SPAMMY] resolve queries> Query Filter: Implicitly candidating C:\Program Files\codeql\qlpacks\codeql\java-queries\1.11.5\Likely Bugs\Comparison\RefEqBoxed.ql.
[2026-07-14 14:44:10] [SPAMMY] resolve queries> Query Filter: Implicitly candidating C:\Program Files\codeql\qlpacks\codeql\java-queries\1.11.5\Likely Bugs\Comparison\StringComparison.ql.
[2026-07-14 14:44:10] [SPAMMY] resolve queries> Query Filter: Implicitly candidating C:\Program Files\codeql\qlpacks\codeql\java-queries\1.11.5\Likely Bugs\Comparison\UselessComparisonTest.ql.
[2026-07-14 14:44:10] [SPAMMY] resolve queries> Query Filter: Implicitly candidating C:\Program Files\codeql\qlpacks\codeql\java-queries\1.11.5\Likely Bugs\Comparison\WrongNanComparison.ql.
[2026-07-14 14:44:10] [SPAMMY] resolve queries> Query Filter: Implicitly candidating C:\Program Files\codeql\qlpacks\codeql\java-queries\1.11.5\Likely Bugs\Concurrency\BusyWait.ql.
[2026-07-14 14:44:10] [SPAMMY] resolve queries> Query Filter: Implicitly candidating C:\Program Files\codeql\qlpacks\codeql\java-queries\1.11.5\Likely Bugs\Concurrency\CallsToConditionWait.ql.
[2026-07-14 14:44:10] [SPAMMY] resolve queries> Query Filter: Implicitly candidating C:\Program Files\codeql\qlpacks\codeql\java-queries\1.11.5\Likely Bugs\Concurrency\CallsToRunnableRun.ql.
[2026-07-14 14:44:10] [SPAMMY] resolve queries> Query Filter: Implicitly candidating C:\Program Files\codeql\qlpacks\codeql\java-queries\1.11.5\Likely Bugs\Concurrency\DateFormatThreadUnsafe.ql.
[2026-07-14 14:44:10] [SPAMMY] resolve queries> Query Filter: Implicitly candidating C:\Program Files\codeql\qlpacks\codeql\java-queries\1.11.5\Likely Bugs\Concurrency\DoubleCheckedLocking.ql.
[2026-07-14 14:44:10] [SPAMMY] resolve queries> Query Filter: Implicitly candidating C:\Program Files\codeql\qlpacks\codeql\java-queries\1.11.5\Likely Bugs\Concurrency\DoubleCheckedLockingWithInitRace.ql.
[2026-07-14 14:44:10] [SPAMMY] resolve queries> Query Filter: Implicitly candidating C:\Program Files\codeql\qlpacks\codeql\java-queries\1.11.5\Likely Bugs\Concurrency\EmptyRunMethodInThread.ql.
[2026-07-14 14:44:10] [SPAMMY] resolve queries> Query Filter: Implicitly candidating C:\Program Files\codeql\qlpacks\codeql\java-queries\1.11.5\Likely Bugs\Concurrency\Escaping.ql.
[2026-07-14 14:44:10] [SPAMMY] resolve queries> Query Filter: Implicitly candidating C:\Program Files\codeql\qlpacks\codeql\java-queries\1.11.5\Likely Bugs\Concurrency\FutileSynchOnField.ql.
[2026-07-14 14:44:10] [SPAMMY] resolve queries> Query Filter: Implicitly candidating C:\Program Files\codeql\qlpacks\codeql\java-queries\1.11.5\Likely Bugs\Concurrency\InconsistentAccess.ql.
[2026-07-14 14:44:10] [SPAMMY] resolve queries> Query Filter: Implicitly candidating C:\Program Files\codeql\qlpacks\codeql\java-queries\1.11.5\Likely Bugs\Concurrency\LazyInitStaticField.ql.
[2026-07-14 14:44:10] [SPAMMY] resolve queries> Query Filter: Implicitly candidating C:\Program Files\codeql\qlpacks\codeql\java-queries\1.11.5\Likely Bugs\Concurrency\NonSynchronizedOverride.ql.
[2026-07-14 14:44:10] [SPAMMY] resolve queries> Query Filter: Implicitly candidating C:\Program Files\codeql\qlpacks\codeql\java-queries\1.11.5\Likely Bugs\Concurrency\NotifyNotNotifyAll.ql.
[2026-07-14 14:44:10] [SPAMMY] resolve queries> Query Filter: Implicitly candidating C:\Program Files\codeql\qlpacks\codeql\java-queries\1.11.5\Likely Bugs\Concurrency\NotifyWithoutSynch.ql.
[2026-07-14 14:44:10] [SPAMMY] resolve queries> Query Filter: Implicitly candidating C:\Program Files\codeql\qlpacks\codeql\java-queries\1.11.5\Likely Bugs\Concurrency\PriorityCalls.ql.
[2026-07-14 14:44:10] [SPAMMY] resolve queries> Query Filter: Implicitly candidating C:\Program Files\codeql\qlpacks\codeql\java-queries\1.11.5\Likely Bugs\Concurrency\SafePublication.ql.
[2026-07-14 14:44:10] [SPAMMY] resolve queries> Query Filter: Implicitly candidating C:\Program Files\codeql\qlpacks\codeql\java-queries\1.11.5\Likely Bugs\Concurrency\ScheduledThreadPoolExecutorZeroThread.ql.
[2026-07-14 14:44:10] [SPAMMY] resolve queries> Query Filter: Implicitly candidating C:\Program Files\codeql\qlpacks\codeql\java-queries\1.11.5\Likely Bugs\Concurrency\SleepWithLock.ql.
[2026-07-14 14:44:10] [SPAMMY] resolve queries> Query Filter: Implicitly candidating C:\Program Files\codeql\qlpacks\codeql\java-queries\1.11.5\Likely Bugs\Concurrency\StartInConstructor.ql.
[2026-07-14 14:44:10] [SPAMMY] resolve queries> Query Filter: Implicitly candidating C:\Program Files\codeql\qlpacks\codeql\java-queries\1.11.5\Likely Bugs\Concurrency\SynchOnBoxedType.ql.
[2026-07-14 14:44:10] [SPAMMY] resolve queries> Query Filter: Implicitly candidating C:\Program Files\codeql\qlpacks\codeql\java-queries\1.11.5\Likely Bugs\Concurrency\SynchSetUnsynchGet.ql.
[2026-07-14 14:44:10] [SPAMMY] resolve queries> Query Filter: Implicitly candidating C:\Program Files\codeql\qlpacks\codeql\java-queries\1.11.5\Likely Bugs\Concurrency\SynchWriteObject.ql.
[2026-07-14 14:44:10] [SPAMMY] resolve queries> Query Filter: Implicitly candidating C:\Program Files\codeql\qlpacks\codeql\java-queries\1.11.5\Likely Bugs\Concurrency\ThreadSafe.ql.
[2026-07-14 14:44:10] [SPAMMY] resolve queries> Query Filter: Implicitly candidating C:\Program Files\codeql\qlpacks\codeql\java-queries\1.11.5\Likely Bugs\Concurrency\UnreleasedLock.ql.
[2026-07-14 14:44:10] [SPAMMY] resolve queries> Query Filter: Implicitly candidating C:\Program Files\codeql\qlpacks\codeql\java-queries\1.11.5\Likely Bugs\Concurrency\WaitOutsideLoop.ql.
[2026-07-14 14:44:10] [SPAMMY] resolve queries> Query Filter: Implicitly candidating C:\Program Files\codeql\qlpacks\codeql\java-queries\1.11.5\Likely Bugs\Concurrency\WaitWithTwoLocks.ql.
[2026-07-14 14:44:10] [SPAMMY] resolve queries> Query Filter: Implicitly candidating C:\Program Files\codeql\qlpacks\codeql\java-queries\1.11.5\Likely Bugs\Concurrency\YieldCalls.ql.
[2026-07-14 14:44:10] [SPAMMY] resolve queries> Query Filter: Implicitly candidating C:\Program Files\codeql\qlpacks\codeql\java-queries\1.11.5\Likely Bugs\Finalization\NullifiedSuperFinalize.ql.
[2026-07-14 14:44:10] [SPAMMY] resolve queries> Query Filter: Implicitly candidating C:\Program Files\codeql\qlpacks\codeql\java-queries\1.11.5\Likely Bugs\Frameworks\JUnit\BadSuiteMethod.ql.
[2026-07-14 14:44:10] [SPAMMY] resolve queries> Query Filter: Implicitly candidating C:\Program Files\codeql\qlpacks\codeql\java-queries\1.11.5\Likely Bugs\Frameworks\JUnit\JUnit5MissingNestedAnnotation.ql.
[2026-07-14 14:44:10] [SPAMMY] resolve queries> Query Filter: Implicitly candidating C:\Program Files\codeql\qlpacks\codeql\java-queries\1.11.5\Likely Bugs\Frameworks\JUnit\TearDownNoSuper.ql.
[2026-07-14 14:44:10] [SPAMMY] resolve queries> Query Filter: Implicitly candidating C:\Program Files\codeql\qlpacks\codeql\java-queries\1.11.5\Likely Bugs\Frameworks\JUnit\TestCaseNoTests.ql.
[2026-07-14 14:44:10] [SPAMMY] resolve queries> Query Filter: Implicitly candidating C:\Program Files\codeql\qlpacks\codeql\java-queries\1.11.5\Likely Bugs\Frameworks\Swing\BadlyOverriddenAdapter.ql.
[2026-07-14 14:44:10] [SPAMMY] resolve queries> Query Filter: Implicitly candidating C:\Program Files\codeql\qlpacks\codeql\java-queries\1.11.5\Likely Bugs\Frameworks\Swing\ThreadSafety.ql.
[2026-07-14 14:44:10] [SPAMMY] resolve queries> Query Filter: Implicitly candidating C:\Program Files\codeql\qlpacks\codeql\java-queries\1.11.5\Likely Bugs\I18N\MissingLocaleArgument.ql.
[2026-07-14 14:44:10] [SPAMMY] resolve queries> Query Filter: Implicitly candidating C:\Program Files\codeql\qlpacks\codeql\java-queries\1.11.5\Likely Bugs\Inheritance\NoNonFinalInConstructor.ql.
[2026-07-14 14:44:10] [SPAMMY] resolve queries> Query Filter: Implicitly candidating C:\Program Files\codeql\qlpacks\codeql\java-queries\1.11.5\Likely Bugs\Likely Typos\ConstructorTypo.ql.
[2026-07-14 14:44:10] [SPAMMY] resolve queries> Query Filter: Implicitly candidating C:\Program Files\codeql\qlpacks\codeql\java-queries\1.11.5\Likely Bugs\Likely Typos\ContainerSizeCmpZero.ql.
[2026-07-14 14:44:10] [SPAMMY] resolve queries> Query Filter: Implicitly candidating C:\Program Files\codeql\qlpacks\codeql\java-queries\1.11.5\Likely Bugs\Likely Typos\ContradictoryTypeChecks.ql.
[2026-07-14 14:44:10] [SPAMMY] resolve queries> Query Filter: Implicitly candidating C:\Program Files\codeql\qlpacks\codeql\java-queries\1.11.5\Likely Bugs\Likely Typos\DangerousNonCircuitLogic.ql.
[2026-07-14 14:44:10] [SPAMMY] resolve queries> Query Filter: Implicitly candidating C:\Program Files\codeql\qlpacks\codeql\java-queries\1.11.5\Likely Bugs\Likely Typos\EqualsTypo.ql.
[2026-07-14 14:44:10] [SPAMMY] resolve queries> Query Filter: Implicitly candidating C:\Program Files\codeql\qlpacks\codeql\java-queries\1.11.5\Likely Bugs\Likely Typos\HashCodeTypo.ql.
[2026-07-14 14:44:10] [SPAMMY] resolve queries> Query Filter: Implicitly candidating C:\Program Files\codeql\qlpacks\codeql\java-queries\1.11.5\Likely Bugs\Likely Typos\MissingFormatArg.ql.
[2026-07-14 14:44:10] [SPAMMY] resolve queries> Query Filter: Implicitly candidating C:\Program Files\codeql\qlpacks\codeql\java-queries\1.11.5\Likely Bugs\Likely Typos\MissingSpaceTypo.ql.
[2026-07-14 14:44:10] [SPAMMY] resolve queries> Query Filter: Implicitly candidating C:\Program Files\codeql\qlpacks\codeql\java-queries\1.11.5\Likely Bugs\Likely Typos\NestedLoopsSameVariable.ql.
[2026-07-14 14:44:10] [SPAMMY] resolve queries> Query Filter: Implicitly candidating C:\Program Files\codeql\qlpacks\codeql\java-queries\1.11.5\Likely Bugs\Likely Typos\SelfAssignment.ql.
[2026-07-14 14:44:10] [SPAMMY] resolve queries> Query Filter: Implicitly candidating C:\Program Files\codeql\qlpacks\codeql\java-queries\1.11.5\Likely Bugs\Likely Typos\StringBufferCharInit.ql.
[2026-07-14 14:44:10] [SPAMMY] resolve queries> Query Filter: Implicitly candidating C:\Program Files\codeql\qlpacks\codeql\java-queries\1.11.5\Likely Bugs\Likely Typos\SuspiciousDateFormat.ql.
[2026-07-14 14:44:10] [SPAMMY] resolve queries> Query Filter: Implicitly candidating C:\Program Files\codeql\qlpacks\codeql\java-queries\1.11.5\Likely Bugs\Likely Typos\ToStringTypo.ql.
[2026-07-14 14:44:10] [SPAMMY] resolve queries> Query Filter: Implicitly candidating C:\Program Files\codeql\qlpacks\codeql\java-queries\1.11.5\Likely Bugs\Likely Typos\UnusedFormatArg.ql.
[2026-07-14 14:44:10] [SPAMMY] resolve queries> Query Filter: Implicitly candidating C:\Program Files\codeql\qlpacks\codeql\java-queries\1.11.5\Likely Bugs\Nullness\NullAlways.ql.
[2026-07-14 14:44:10] [SPAMMY] resolve queries> Query Filter: Implicitly candidating C:\Program Files\codeql\qlpacks\codeql\java-queries\1.11.5\Likely Bugs\Nullness\NullExprDeref.ql.
[2026-07-14 14:44:10] [SPAMMY] resolve queries> Query Filter: Implicitly candidating C:\Program Files\codeql\qlpacks\codeql\java-queries\1.11.5\Likely Bugs\Nullness\NullMaybe.ql.
[2026-07-14 14:44:10] [SPAMMY] resolve queries> Query Filter: Implicitly candidating C:\Program Files\codeql\qlpacks\codeql\java-queries\1.11.5\Likely Bugs\Reflection\AnnotationPresentCheck.ql.
[2026-07-14 14:44:10] [SPAMMY] resolve queries> Query Filter: Implicitly candidating C:\Program Files\codeql\qlpacks\codeql\java-queries\1.11.5\Likely Bugs\Resource Leaks\CloseReader.ql.
[2026-07-14 14:44:10] [SPAMMY] resolve queries> Query Filter: Implicitly candidating C:\Program Files\codeql\qlpacks\codeql\java-queries\1.11.5\Likely Bugs\Resource Leaks\CloseSql.ql.
[2026-07-14 14:44:10] [SPAMMY] resolve queries> Query Filter: Implicitly candidating C:\Program Files\codeql\qlpacks\codeql\java-queries\1.11.5\Likely Bugs\Resource Leaks\CloseWriter.ql.
[2026-07-14 14:44:10] [SPAMMY] resolve queries> Query Filter: Implicitly candidating C:\Program Files\codeql\qlpacks\codeql\java-queries\1.11.5\Likely Bugs\Serialization\IncorrectSerializableMethods.ql.
[2026-07-14 14:44:10] [SPAMMY] resolve queries> Query Filter: Implicitly candidating C:\Program Files\codeql\qlpacks\codeql\java-queries\1.11.5\Likely Bugs\Serialization\IncorrectSerialVersionUID.ql.
[2026-07-14 14:44:10] [SPAMMY] resolve queries> Query Filter: Implicitly candidating C:\Program Files\codeql\qlpacks\codeql\java-queries\1.11.5\Likely Bugs\Serialization\MissingVoidConstructorOnExternalizable.ql.
[2026-07-14 14:44:10] [SPAMMY] resolve queries> Query Filter: Implicitly candidating C:\Program Files\codeql\qlpacks\codeql\java-queries\1.11.5\Likely Bugs\Serialization\MissingVoidConstructorsOnSerializable.ql.
[2026-07-14 14:44:10] [SPAMMY] resolve queries> Query Filter: Implicitly candidating C:\Program Files\codeql\qlpacks\codeql\java-queries\1.11.5\Likely Bugs\Serialization\NonSerializableComparator.ql.
[2026-07-14 14:44:10] [SPAMMY] resolve queries> Query Filter: Implicitly candidating C:\Program Files\codeql\qlpacks\codeql\java-queries\1.11.5\Likely Bugs\Serialization\NonSerializableField.ql.
[2026-07-14 14:44:10] [SPAMMY] resolve queries> Query Filter: Implicitly candidating C:\Program Files\codeql\qlpacks\codeql\java-queries\1.11.5\Likely Bugs\Serialization\NonSerializableInnerClass.ql.
[2026-07-14 14:44:10] [SPAMMY] resolve queries> Query Filter: Implicitly candidating C:\Program Files\codeql\qlpacks\codeql\java-queries\1.11.5\Likely Bugs\Serialization\ReadResolveObject.ql.
[2026-07-14 14:44:10] [SPAMMY] resolve queries> Query Filter: Implicitly candidating C:\Program Files\codeql\qlpacks\codeql\java-queries\1.11.5\Likely Bugs\Serialization\TransientNotSerializable.ql.
[2026-07-14 14:44:10] [SPAMMY] resolve queries> Query Filter: Implicitly candidating C:\Program Files\codeql\qlpacks\codeql\java-queries\1.11.5\Likely Bugs\Statements\ContinueInFalseLoop.ql.
[2026-07-14 14:44:10] [SPAMMY] resolve queries> Query Filter: Implicitly candidating C:\Program Files\codeql\qlpacks\codeql\java-queries\1.11.5\Likely Bugs\Statements\EmptyBlock.ql.
[2026-07-14 14:44:10] [SPAMMY] resolve queries> Query Filter: Implicitly candidating C:\Program Files\codeql\qlpacks\codeql\java-queries\1.11.5\Likely Bugs\Statements\EmptySynchronizedBlock.ql.
[2026-07-14 14:44:10] [SPAMMY] resolve queries> Query Filter: Implicitly candidating C:\Program Files\codeql\qlpacks\codeql\java-queries\1.11.5\Likely Bugs\Statements\ImpossibleCast.ql.
[2026-07-14 14:44:10] [SPAMMY] resolve queries> Query Filter: Implicitly candidating C:\Program Files\codeql\qlpacks\codeql\java-queries\1.11.5\Likely Bugs\Statements\InconsistentCallOnResult.ql.
[2026-07-14 14:44:10] [SPAMMY] resolve queries> Query Filter: Implicitly candidating C:\Program Files\codeql\qlpacks\codeql\java-queries\1.11.5\Likely Bugs\Statements\MissingEnumInSwitch.ql.
[2026-07-14 14:44:10] [SPAMMY] resolve queries> Query Filter: Implicitly candidating C:\Program Files\codeql\qlpacks\codeql\java-queries\1.11.5\Likely Bugs\Statements\PartiallyMaskedCatch.ql.
[2026-07-14 14:44:10] [SPAMMY] resolve queries> Query Filter: Implicitly candidating C:\Program Files\codeql\qlpacks\codeql\java-queries\1.11.5\Likely Bugs\Statements\ReturnValueIgnored.ql.
[2026-07-14 14:44:10] [SPAMMY] resolve queries> Query Filter: Implicitly candidating C:\Program Files\codeql\qlpacks\codeql\java-queries\1.11.5\Likely Bugs\Statements\StaticFieldWrittenByInstance.ql.
[2026-07-14 14:44:10] [SPAMMY] resolve queries> Query Filter: Implicitly candidating C:\Program Files\codeql\qlpacks\codeql\java-queries\1.11.5\Likely Bugs\Statements\UseBraces.ql.
[2026-07-14 14:44:10] [SPAMMY] resolve queries> Query Filter: Implicitly candidating C:\Program Files\codeql\qlpacks\codeql\java-queries\1.11.5\Likely Bugs\Termination\ConstantLoopCondition.ql.
[2026-07-14 14:44:10] [SPAMMY] resolve queries> Query Filter: Implicitly candidating C:\Program Files\codeql\qlpacks\codeql\java-queries\1.11.5\Likely Bugs\Termination\SpinOnField.ql.
[2026-07-14 14:44:10] [SPAMMY] resolve queries> Query Filter: Implicitly candidating C:\Program Files\codeql\qlpacks\codeql\java-queries\1.11.5\meta\frameworks\Coverage.ql.
[2026-07-14 14:44:10] [SPAMMY] resolve queries> Query Filter: Implicitly candidating C:\Program Files\codeql\qlpacks\codeql\java-queries\1.11.5\Metrics\Authors\AuthorsPerFile.ql.
[2026-07-14 14:44:10] [SPAMMY] resolve queries> Query Filter: Including by constraints kind=problem|path-problem; precision=high|very-high; tags contain=security.
[2026-07-14 14:44:10] [SPAMMIER] resolve queries> Query Filter: C:\Program Files\codeql\qlpacks\codeql\java-queries\1.11.5\Advisory\Declarations\MissingOverrideAnnotation.ql failed 'tags contain` constraint [quality, maintainability, readability]
[2026-07-14 14:44:10] [SPAMMIER] resolve queries> Query Filter: C:\Program Files\codeql\qlpacks\codeql\java-queries\1.11.5\Advisory\Declarations\NonFinalImmutableField.ql failed the constraint of precision (was medium).
[2026-07-14 14:44:10] [SPAMMIER] resolve queries> Query Filter: C:\Program Files\codeql\qlpacks\codeql\java-queries\1.11.5\Advisory\Declarations\NonPrivateField.ql failed the constraint of precision (was medium).
[2026-07-14 14:44:10] [SPAMMIER] resolve queries> Query Filter: C:\Program Files\codeql\qlpacks\codeql\java-queries\1.11.5\Advisory\Deprecated Code\AvoidDeprecatedCallableAccess.ql failed 'tags contain` constraint [maintainability, readability, non-attributable, external/cwe/cwe-477]
[2026-07-14 14:44:10] [SPAMMIER] resolve queries> Query Filter: C:\Program Files\codeql\qlpacks\codeql\java-queries\1.11.5\Advisory\Documentation\ImpossibleJavadocThrows.ql failed 'tags contain` constraint [quality, maintainability, readability]
[2026-07-14 14:44:10] [SPAMMIER] resolve queries> Query Filter: C:\Program Files\codeql\qlpacks\codeql\java-queries\1.11.5\Advisory\Documentation\MissingJavadocMethods.ql failed the constraint of precision (was medium).
[2026-07-14 14:44:10] [SPAMMIER] resolve queries> Query Filter: C:\Program Files\codeql\qlpacks\codeql\java-queries\1.11.5\Advisory\Documentation\MissingJavadocParameters.ql failed the constraint of precision (was medium).
[2026-07-14 14:44:10] [SPAMMIER] resolve queries> Query Filter: C:\Program Files\codeql\qlpacks\codeql\java-queries\1.11.5\Advisory\Documentation\MissingJavadocReturnValues.ql failed the constraint of precision (was medium).
[2026-07-14 14:44:10] [SPAMMIER] resolve queries> Query Filter: C:\Program Files\codeql\qlpacks\codeql\java-queries\1.11.5\Advisory\Documentation\MissingJavadocThrows.ql failed the constraint of precision (was medium).
[2026-07-14 14:44:10] [SPAMMIER] resolve queries> Query Filter: C:\Program Files\codeql\qlpacks\codeql\java-queries\1.11.5\Advisory\Documentation\MissingJavadocTypes.ql failed the constraint of precision (was medium).
[2026-07-14 14:44:10] [SPAMMIER] resolve queries> Query Filter: C:\Program Files\codeql\qlpacks\codeql\java-queries\1.11.5\Advisory\Documentation\SpuriousJavadocParam.ql failed 'tags contain` constraint [quality, maintainability, readability]
[2026-07-14 14:44:10] [SPAMMIER] resolve queries> Query Filter: C:\Program Files\codeql\qlpacks\codeql\java-queries\1.11.5\Advisory\Java Objects\AvoidCloneableInterface.ql failed the constraint of precision (was medium).
[2026-07-14 14:44:10] [SPAMMIER] resolve queries> Query Filter: C:\Program Files\codeql\qlpacks\codeql\java-queries\1.11.5\Advisory\Java Objects\AvoidCloneMethodAccess.ql failed the constraint of precision (was medium).
[2026-07-14 14:44:10] [SPAMMIER] resolve queries> Query Filter: C:\Program Files\codeql\qlpacks\codeql\java-queries\1.11.5\Advisory\Java Objects\AvoidCloneOverride.ql failed the constraint of precision (was medium).
[2026-07-14 14:44:10] [SPAMMIER] resolve queries> Query Filter: C:\Program Files\codeql\qlpacks\codeql\java-queries\1.11.5\Advisory\Java Objects\AvoidFinalizeOverride.ql failed the constraint of precision (was medium).
[2026-07-14 14:44:10] [SPAMMIER] resolve queries> Query Filter: C:\Program Files\codeql\qlpacks\codeql\java-queries\1.11.5\Advisory\Naming\NamingConventionsConstants.ql failed the constraint of precision (was medium).
[2026-07-14 14:44:10] [SPAMMIER] resolve queries> Query Filter: C:\Program Files\codeql\qlpacks\codeql\java-queries\1.11.5\Advisory\Naming\NamingConventionsMethods.ql failed the constraint of precision (was medium).
[2026-07-14 14:44:10] [SPAMMIER] resolve queries> Query Filter: C:\Program Files\codeql\qlpacks\codeql\java-queries\1.11.5\Advisory\Naming\NamingConventionsPackages.ql failed the constraint of precision (was medium).
[2026-07-14 14:44:10] [SPAMMIER] resolve queries> Query Filter: C:\Program Files\codeql\qlpacks\codeql\java-queries\1.11.5\Advisory\Naming\NamingConventionsRefTypes.ql failed the constraint of precision (was medium).
[2026-07-14 14:44:10] [SPAMMIER] resolve queries> Query Filter: C:\Program Files\codeql\qlpacks\codeql\java-queries\1.11.5\Advisory\Naming\NamingConventionsVariables.ql failed the constraint of precision (was medium).
[2026-07-14 14:44:10] [SPAMMIER] resolve queries> Query Filter: C:\Program Files\codeql\qlpacks\codeql\java-queries\1.11.5\Advisory\Statements\MissingDefaultInSwitch.ql failed the constraint of precision (was medium).
[2026-07-14 14:44:10] [SPAMMIER] resolve queries> Query Filter: C:\Program Files\codeql\qlpacks\codeql\java-queries\1.11.5\Advisory\Statements\OneStatementPerLine.ql failed the constraint of precision (was medium).
[2026-07-14 14:44:10] [SPAMMIER] resolve queries> Query Filter: C:\Program Files\codeql\qlpacks\codeql\java-queries\1.11.5\Advisory\Statements\TerminateIfElseIfWithElse.ql failed the constraint of precision (was medium).
[2026-07-14 14:44:10] [SPAMMIER] resolve queries> Query Filter: C:\Program Files\codeql\qlpacks\codeql\java-queries\1.11.5\Advisory\Types\GenericsConstructor.ql failed the constraint of precision (was medium).
[2026-07-14 14:44:10] [SPAMMIER] resolve queries> Query Filter: C:\Program Files\codeql\qlpacks\codeql\java-queries\1.11.5\Advisory\Types\GenericsReturnType.ql failed the constraint of precision (was medium).
[2026-07-14 14:44:10] [SPAMMIER] resolve queries> Query Filter: C:\Program Files\codeql\qlpacks\codeql\java-queries\1.11.5\Advisory\Types\GenericsVariable.ql failed the constraint of precision (was medium).
[2026-07-14 14:44:10] [SPAMMIER] resolve queries> Query Filter: C:\Program Files\codeql\qlpacks\codeql\java-queries\1.11.5\AlertSuppression.ql failed the constraint of kind (was alert-suppression).
[2026-07-14 14:44:10] [SPAMMIER] resolve queries> Query Filter: C:\Program Files\codeql\qlpacks\codeql\java-queries\1.11.5\AlertSuppressionAnnotations.ql failed the constraint of kind (was alert-suppression).
[2026-07-14 14:44:10] [SPAMMIER] resolve queries> Query Filter: C:\Program Files\codeql\qlpacks\codeql\java-queries\1.11.5\Architecture\Dependencies\MutualDependency.ql failed the constraint of precision (was low).
[2026-07-14 14:44:10] [SPAMMIER] resolve queries> Query Filter: C:\Program Files\codeql\qlpacks\codeql\java-queries\1.11.5\Architecture\Dependencies\UnusedMavenDependencyBinary.ql failed the constraint of precision (was low).
[2026-07-14 14:44:10] [SPAMMIER] resolve queries> Query Filter: C:\Program Files\codeql\qlpacks\codeql\java-queries\1.11.5\Architecture\Dependencies\UnusedMavenDependencySource.ql failed the constraint of precision (was low).
[2026-07-14 14:44:10] [SPAMMIER] resolve queries> Query Filter: C:\Program Files\codeql\qlpacks\codeql\java-queries\1.11.5\Architecture\Refactoring Opportunities\DeeplyNestedClass.ql failed the constraint of precision (was low).
[2026-07-14 14:44:10] [SPAMMIER] resolve queries> Query Filter: C:\Program Files\codeql\qlpacks\codeql\java-queries\1.11.5\Architecture\Refactoring Opportunities\FeatureEnvy.ql failed the constraint of precision (was low).
[2026-07-14 14:44:10] [SPAMMIER] resolve queries> Query Filter: C:\Program Files\codeql\qlpacks\codeql\java-queries\1.11.5\Architecture\Refactoring Opportunities\HubClasses.ql failed the constraint of precision (was low).
[2026-07-14 14:44:10] [SPAMMIER] resolve queries> Query Filter: C:\Program Files\codeql\qlpacks\codeql\java-queries\1.11.5\Architecture\Refactoring Opportunities\InappropriateIntimacy.ql failed the constraint of precision (was low).
[2026-07-14 14:44:10] [SPAMMIER] resolve queries> Query Filter: C:\Program Files\codeql\qlpacks\codeql\java-queries\1.11.5\Compatibility\JDK9\JdkInternalAccess.ql failed 'tags contain` constraint [quality, maintainability, readability]
[2026-07-14 14:44:10] [SPAMMIER] resolve queries> Query Filter: C:\Program Files\codeql\qlpacks\codeql\java-queries\1.11.5\Compatibility\JDK9\UnderscoreIdentifier.ql failed 'tags contain` constraint [quality, maintainability, readability]
[2026-07-14 14:44:10] [SPAMMIER] resolve queries> Query Filter: C:\Program Files\codeql\qlpacks\codeql\java-queries\1.11.5\Complexity\BlockWithTooManyStatements.ql failed the constraint of precision (was low).
[2026-07-14 14:44:10] [SPAMMIER] resolve queries> Query Filter: C:\Program Files\codeql\qlpacks\codeql\java-queries\1.11.5\Complexity\ComplexCondition.ql failed the constraint of precision (was low).
[2026-07-14 14:44:10] [SPAMMIER] resolve queries> Query Filter: C:\Program Files\codeql\qlpacks\codeql\java-queries\1.11.5\DeadCode\DeadClass.ql failed the constraint of precision (was medium).
[2026-07-14 14:44:10] [SPAMMIER] resolve queries> Query Filter: C:\Program Files\codeql\qlpacks\codeql\java-queries\1.11.5\DeadCode\DeadEnumConstant.ql failed the constraint of precision (was medium).
[2026-07-14 14:44:10] [SPAMMIER] resolve queries> Query Filter: C:\Program Files\codeql\qlpacks\codeql\java-queries\1.11.5\DeadCode\DeadField.ql failed the constraint of precision (was medium).
[2026-07-14 14:44:10] [SPAMMIER] resolve queries> Query Filter: C:\Program Files\codeql\qlpacks\codeql\java-queries\1.11.5\DeadCode\DeadMethod.ql failed the constraint of precision (was medium).
[2026-07-14 14:44:10] [SPAMMIER] resolve queries> Query Filter: C:\Program Files\codeql\qlpacks\codeql\java-queries\1.11.5\DeadCode\FLinesOfDeadCode.ql failed the constraint of kind (was treemap).
[2026-07-14 14:44:10] [SPAMMIER] resolve queries> Query Filter: C:\Program Files\codeql\qlpacks\codeql\java-queries\1.11.5\DeadCode\UselessParameter.ql failed 'tags contain` constraint [quality, maintainability, useless-code, external/cwe/cwe-561]
[2026-07-14 14:44:10] [SPAMMIER] resolve queries> Query Filter: C:\Program Files\codeql\qlpacks\codeql\java-queries\1.11.5\definitions.ql failed the constraint of kind (was definitions).
[2026-07-14 14:44:10] [SPAMMIER] resolve queries> Query Filter: C:\Program Files\codeql\qlpacks\codeql\java-queries\1.11.5\Diagnostics\ExtractionErrors.ql failed the constraint of kind (was diagnostic).
[2026-07-14 14:44:10] [SPAMMIER] resolve queries> Query Filter: C:\Program Files\codeql\qlpacks\codeql\java-queries\1.11.5\Diagnostics\ExtractionWarnings.ql failed the constraint of kind (was diagnostic).
[2026-07-14 14:44:10] [SPAMMIER] resolve queries> Query Filter: C:\Program Files\codeql\qlpacks\codeql\java-queries\1.11.5\Diagnostics\SuccessfullyExtractedFiles.ql failed the constraint of kind (was diagnostic).
[2026-07-14 14:44:10] [SPAMMIER] resolve queries> Query Filter: C:\Program Files\codeql\qlpacks\codeql\java-queries\1.11.5\experimental\quantum\Examples\BadMacOrderDecryptThenMac.ql failed the constraint of precision (not present).
[2026-07-14 14:44:10] [SPAMMIER] resolve queries> Query Filter: C:\Program Files\codeql\qlpacks\codeql\java-queries\1.11.5\experimental\quantum\Examples\BadMacOrderDecryptToMac.ql failed the constraint of precision (not present).
[2026-07-14 14:44:10] [SPAMMIER] resolve queries> Query Filter: C:\Program Files\codeql\qlpacks\codeql\java-queries\1.11.5\experimental\quantum\Examples\BadMacOrderMacOnEncryptPlaintext.ql failed the constraint of precision (not present).
[2026-07-14 14:44:10] [SPAMMIER] resolve queries> Query Filter: C:\Program Files\codeql\qlpacks\codeql\java-queries\1.11.5\experimental\quantum\Examples\BrokenCrypto.ql failed the constraint of precision (not present).
[2026-07-14 14:44:10] [SPAMMIER] resolve queries> Query Filter: C:\Program Files\codeql\qlpacks\codeql\java-queries\1.11.5\experimental\quantum\Examples\InsecureIVorNonceSource.ql failed the constraint of precision (not present).
[2026-07-14 14:44:10] [SPAMMIER] resolve queries> Query Filter: C:\Program Files\codeql\qlpacks\codeql\java-queries\1.11.5\experimental\quantum\Examples\NonAESGCMCipher.ql failed the constraint of precision (not present).
[2026-07-14 14:44:10] [SPAMMIER] resolve queries> Query Filter: C:\Program Files\codeql\qlpacks\codeql\java-queries\1.11.5\experimental\quantum\Examples\ReusedNonce.ql failed the constraint of precision (not present).
[2026-07-14 14:44:10] [SPAMMIER] resolve queries> Query Filter: C:\Program Files\codeql\qlpacks\codeql\java-queries\1.11.5\experimental\quantum\Examples\TestAESGCMNonce.ql failed the constraint of kind (not present).
[2026-07-14 14:44:10] [SPAMMIER] resolve queries> Query Filter: C:\Program Files\codeql\qlpacks\codeql\java-queries\1.11.5\experimental\quantum\Examples\TestCipher.ql failed the constraint of kind (not present).
[2026-07-14 14:44:10] [SPAMMIER] resolve queries> Query Filter: C:\Program Files\codeql\qlpacks\codeql\java-queries\1.11.5\experimental\quantum\Examples\TestHash.ql failed the constraint of kind (not present).
[2026-07-14 14:44:10] [SPAMMIER] resolve queries> Query Filter: C:\Program Files\codeql\qlpacks\codeql\java-queries\1.11.5\experimental\quantum\Examples\UnknownHash.ql failed the constraint of precision (not present).
[2026-07-14 14:44:10] [SPAMMIER] resolve queries> Query Filter: C:\Program Files\codeql\qlpacks\codeql\java-queries\1.11.5\experimental\quantum\Examples\UnknownIVorNonceSource.ql failed the constraint of precision (not present).
[2026-07-14 14:44:10] [SPAMMIER] resolve queries> Query Filter: C:\Program Files\codeql\qlpacks\codeql\java-queries\1.11.5\experimental\quantum\Examples\UnknownKDFIterationCount.ql failed the constraint of precision (not present).
[2026-07-14 14:44:10] [SPAMMIER] resolve queries> Query Filter: C:\Program Files\codeql\qlpacks\codeql\java-queries\1.11.5\experimental\quantum\Examples\WeakAsymmetricKeyGenSize.ql failed the constraint of precision (not present).
[2026-07-14 14:44:10] [SPAMMIER] resolve queries> Query Filter: C:\Program Files\codeql\qlpacks\codeql\java-queries\1.11.5\experimental\quantum\Examples\WeakBlockModes.ql failed the constraint of precision (not present).
[2026-07-14 14:44:10] [SPAMMIER] resolve queries> Query Filter: C:\Program Files\codeql\qlpacks\codeql\java-queries\1.11.5\experimental\quantum\Examples\WeakHash.ql failed the constraint of precision (not present).
[2026-07-14 14:44:10] [SPAMMIER] resolve queries> Query Filter: C:\Program Files\codeql\qlpacks\codeql\java-queries\1.11.5\experimental\quantum\Examples\WeakKDFIterationCount.ql failed the constraint of precision (not present).
[2026-07-14 14:44:10] [SPAMMIER] resolve queries> Query Filter: C:\Program Files\codeql\qlpacks\codeql\java-queries\1.11.5\experimental\quantum\Examples\WeakKDFKeySize.ql failed the constraint of precision (not present).
[2026-07-14 14:44:10] [SPAMMIER] resolve queries> Query Filter: C:\Program Files\codeql\qlpacks\codeql\java-queries\1.11.5\experimental\quantum\Examples\WeakSymmetricCipher.ql failed the constraint of precision (not present).
[2026-07-14 14:44:10] [SPAMMIER] resolve queries> Query Filter: C:\Program Files\codeql\qlpacks\codeql\java-queries\1.11.5\experimental\quantum\InventorySlices\KnownAsymmetricAlgorithm.ql failed the constraint of kind (was table).
[2026-07-14 14:44:10] [SPAMMIER] resolve queries> Query Filter: C:\Program Files\codeql\qlpacks\codeql\java-queries\1.11.5\experimental\quantum\InventorySlices\KnownAsymmetricCipherAlgorithm.ql failed the constraint of kind (was table).
[2026-07-14 14:44:10] [SPAMMIER] resolve queries> Query Filter: C:\Program Files\codeql\qlpacks\codeql\java-queries\1.11.5\experimental\quantum\InventorySlices\KnownAsymmetricOperationAlgorithm.ql failed the constraint of kind (was table).
[2026-07-14 14:44:10] [SPAMMIER] resolve queries> Query Filter: C:\Program Files\codeql\qlpacks\codeql\java-queries\1.11.5\experimental\quantum\InventorySlices\KnownCipherAlgorithm.ql failed the constraint of kind (was table).
[2026-07-14 14:44:10] [SPAMMIER] resolve queries> Query Filter: C:\Program Files\codeql\qlpacks\codeql\java-queries\1.11.5\experimental\quantum\InventorySlices\KnownEllipticCurveAlgorithm.ql failed the constraint of kind (was table).
[2026-07-14 14:44:10] [SPAMMIER] resolve queries> Query Filter: C:\Program Files\codeql\qlpacks\codeql\java-queries\1.11.5\experimental\quantum\InventorySlices\KnownHashingAlgorithm.ql failed the constraint of kind (was table).
[2026-07-14 14:44:10] [SPAMMIER] resolve queries> Query Filter: C:\Program Files\codeql\qlpacks\codeql\java-queries\1.11.5\experimental\quantum\InventorySlices\KnownHashingOperation.ql failed the constraint of kind (was table).
[2026-07-14 14:44:10] [SPAMMIER] resolve queries> Query Filter: C:\Program Files\codeql\qlpacks\codeql\java-queries\1.11.5\experimental\quantum\InventorySlices\KnownHashingOperationAlgorithm.ql failed the constraint of kind (was table).
[2026-07-14 14:44:10] [SPAMMIER] resolve queries> Query Filter: C:\Program Files\codeql\qlpacks\codeql\java-queries\1.11.5\experimental\quantum\InventorySlices\KnownKeyDerivationAlgorithm.ql failed the constraint of kind (was table).
[2026-07-14 14:44:10] [SPAMMIER] resolve queries> Query Filter: C:\Program Files\codeql\qlpacks\codeql\java-queries\1.11.5\experimental\quantum\InventorySlices\KnownKeyDerivationOperation.ql failed the constraint of kind (was table).
[2026-07-14 14:44:10] [SPAMMIER] resolve queries> Query Filter: C:\Program Files\codeql\qlpacks\codeql\java-queries\1.11.5\experimental\quantum\InventorySlices\KnownKeyDerivationOperationAlgorithm.ql failed the constraint of kind (was table).
[2026-07-14 14:44:10] [SPAMMIER] resolve queries> Query Filter: C:\Program Files\codeql\qlpacks\codeql\java-queries\1.11.5\experimental\quantum\InventorySlices\KnownSymmetricCipherAlgorithm.ql failed the constraint of kind (was table).
[2026-07-14 14:44:10] [SPAMMIER] resolve queries> Query Filter: C:\Program Files\codeql\qlpacks\codeql\java-queries\1.11.5\experimental\quantum\InventorySlices\LikelyCryptoAPIFunction.ql failed the constraint of precision (not present).
[2026-07-14 14:44:10] [SPAMMIER] resolve queries> Query Filter: C:\Program Files\codeql\qlpacks\codeql\java-queries\1.11.5\experimental\quantum\InventorySlices\UnknownOperationAlgorithm.ql failed the constraint of precision (not present).
[2026-07-14 14:44:10] [SPAMMIER] resolve queries> Query Filter: C:\Program Files\codeql\qlpacks\codeql\java-queries\1.11.5\experimental\quantum\PrintCBOMGraph.ql failed the constraint of kind (was graph).
[2026-07-14 14:44:10] [SPAMMY] resolve queries> Query Filter: Including C:\Program Files\codeql\qlpacks\codeql\java-queries\1.11.5\experimental\Security\CWE\CWE-020\Log4jJndiInjection.ql.
[2026-07-14 14:44:10] [SPAMMIER] resolve queries> Query Filter: C:\Program Files\codeql\qlpacks\codeql\java-queries\1.11.5\experimental\Security\CWE\CWE-036\OpenStream.ql failed the constraint of precision (was medium).
[2026-07-14 14:44:10] [SPAMMY] resolve queries> Query Filter: Including C:\Program Files\codeql\qlpacks\codeql\java-queries\1.11.5\experimental\Security\CWE\CWE-073\FilePathInjection.ql.
[2026-07-14 14:44:10] [SPAMMY] resolve queries> Query Filter: Including C:\Program Files\codeql\qlpacks\codeql\java-queries\1.11.5\experimental\Security\CWE\CWE-078\CommandInjectionRuntimeExec.ql.
[2026-07-14 14:44:10] [SPAMMY] resolve queries> Query Filter: Including C:\Program Files\codeql\qlpacks\codeql\java-queries\1.11.5\experimental\Security\CWE\CWE-078\CommandInjectionRuntimeExecLocal.ql.
[2026-07-14 14:44:10] [SPAMMY] resolve queries> Query Filter: Including C:\Program Files\codeql\qlpacks\codeql\java-queries\1.11.5\experimental\Security\CWE\CWE-078\ExecTainted.ql.
[2026-07-14 14:44:10] [SPAMMY] resolve queries> Query Filter: Including C:\Program Files\codeql\qlpacks\codeql\java-queries\1.11.5\experimental\Security\CWE\CWE-089\MyBatisAnnotationSqlInjection.ql.
[2026-07-14 14:44:10] [SPAMMY] resolve queries> Query Filter: Including C:\Program Files\codeql\qlpacks\codeql\java-queries\1.11.5\experimental\Security\CWE\CWE-089\MyBatisMapperXmlSqlInjection.ql.
[2026-07-14 14:44:10] [SPAMMY] resolve queries> Query Filter: Including C:\Program Files\codeql\qlpacks\codeql\java-queries\1.11.5\experimental\Security\CWE\CWE-094\BeanShellInjection.ql.
[2026-07-14 14:44:10] [SPAMMY] resolve queries> Query Filter: Including C:\Program Files\codeql\qlpacks\codeql\java-queries\1.11.5\experimental\Security\CWE\CWE-094\InsecureDexLoading.ql.
[2026-07-14 14:44:10] [SPAMMY] resolve queries> Query Filter: Including C:\Program Files\codeql\qlpacks\codeql\java-queries\1.11.5\experimental\Security\CWE\CWE-094\JakartaExpressionInjection.ql.
[2026-07-14 14:44:10] [SPAMMY] resolve queries> Query Filter: Including C:\Program Files\codeql\qlpacks\codeql\java-queries\1.11.5\experimental\Security\CWE\CWE-094\JShellInjection.ql.
[2026-07-14 14:44:10] [SPAMMY] resolve queries> Query Filter: Including C:\Program Files\codeql\qlpacks\codeql\java-queries\1.11.5\experimental\Security\CWE\CWE-094\JythonInjection.ql.
[2026-07-14 14:44:10] [SPAMMY] resolve queries> Query Filter: Including C:\Program Files\codeql\qlpacks\codeql\java-queries\1.11.5\experimental\Security\CWE\CWE-094\ScriptInjection.ql.
[2026-07-14 14:44:10] [SPAMMY] resolve queries> Query Filter: Including C:\Program Files\codeql\qlpacks\codeql\java-queries\1.11.5\experimental\Security\CWE\CWE-094\SpringImplicitViewManipulation.ql.
[2026-07-14 14:44:10] [SPAMMY] resolve queries> Query Filter: Including C:\Program Files\codeql\qlpacks\codeql\java-queries\1.11.5\experimental\Security\CWE\CWE-094\SpringViewManipulation.ql.
[2026-07-14 14:44:10] [SPAMMIER] resolve queries> Query Filter: C:\Program Files\codeql\qlpacks\codeql\java-queries\1.11.5\experimental\Security\CWE\CWE-1004\InsecureTomcatConfig.ql failed the constraint of precision (was medium).
[2026-07-14 14:44:10] [SPAMMIER] resolve queries> Query Filter: C:\Program Files\codeql\qlpacks\codeql\java-queries\1.11.5\experimental\Security\CWE\CWE-200\InsecureWebResourceResponse.ql failed the constraint of precision (not present).
[2026-07-14 14:44:10] [SPAMMIER] resolve queries> Query Filter: C:\Program Files\codeql\qlpacks\codeql\java-queries\1.11.5\experimental\Security\CWE\CWE-200\SensitiveAndroidFileLeak.ql failed the constraint of precision (not present).
[2026-07-14 14:44:10] [SPAMMIER] resolve queries> Query Filter: C:\Program Files\codeql\qlpacks\codeql\java-queries\1.11.5\experimental\Security\CWE\CWE-208\PossibleTimingAttackAgainstSignature.ql failed the constraint of precision (was medium).
[2026-07-14 14:44:10] [SPAMMY] resolve queries> Query Filter: Including C:\Program Files\codeql\qlpacks\codeql\java-queries\1.11.5\experimental\Security\CWE\CWE-208\TimingAttackAgainstHeader.ql.
[2026-07-14 14:44:10] [SPAMMY] resolve queries> Query Filter: Including C:\Program Files\codeql\qlpacks\codeql\java-queries\1.11.5\experimental\Security\CWE\CWE-208\TimingAttackAgainstSignature.ql.
[2026-07-14 14:44:10] [SPAMMIER] resolve queries> Query Filter: C:\Program Files\codeql\qlpacks\codeql\java-queries\1.11.5\experimental\Security\CWE\CWE-295\JxBrowserWithoutCertValidation.ql failed the constraint of precision (was medium).
[2026-07-14 14:44:10] [SPAMMY] resolve queries> Query Filter: Including C:\Program Files\codeql\qlpacks\codeql\java-queries\1.11.5\experimental\Security\CWE\CWE-297\IgnoredHostnameVerification.ql.
[2026-07-14 14:44:10] [SPAMMIER] resolve queries> Query Filter: C:\Program Files\codeql\qlpacks\codeql\java-queries\1.11.5\experimental\Security\CWE\CWE-297\InsecureLdapEndpoint.ql failed the constraint of precision (was medium).
[2026-07-14 14:44:10] [SPAMMY] resolve queries> Query Filter: Including C:\Program Files\codeql\qlpacks\codeql\java-queries\1.11.5\experimental\Security\CWE\CWE-299\DisabledRevocationChecking.ql.
[2026-07-14 14:44:10] [SPAMMY] resolve queries> Query Filter: Including C:\Program Files\codeql\qlpacks\codeql\java-queries\1.11.5\experimental\Security\CWE\CWE-327\Azure\UnsafeUsageOfClientSideEncryptionVersion.ql.
[2026-07-14 14:44:10] [SPAMMY] resolve queries> Query Filter: Including C:\Program Files\codeql\qlpacks\codeql\java-queries\1.11.5\experimental\Security\CWE\CWE-327\UnsafeTlsVersion.ql.
[2026-07-14 14:44:10] [SPAMMY] resolve queries> Query Filter: Including C:\Program Files\codeql\qlpacks\codeql\java-queries\1.11.5\experimental\Security\CWE\CWE-346\UnvalidatedCors.ql.
[2026-07-14 14:44:10] [SPAMMY] resolve queries> Query Filter: Including C:\Program Files\codeql\qlpacks\codeql\java-queries\1.11.5\experimental\Security\CWE\CWE-347\Auth0NoVerifier.ql.
[2026-07-14 14:44:10] [SPAMMY] resolve queries> Query Filter: Including C:\Program Files\codeql\qlpacks\codeql\java-queries\1.11.5\experimental\Security\CWE\CWE-348\ClientSuppliedIpUsedInSecurityCheck.ql.
[2026-07-14 14:44:10] [SPAMMY] resolve queries> Query Filter: Including C:\Program Files\codeql\qlpacks\codeql\java-queries\1.11.5\experimental\Security\CWE\CWE-352\JsonpInjection.ql.
[2026-07-14 14:44:10] [SPAMMIER] resolve queries> Query Filter: C:\Program Files\codeql\qlpacks\codeql\java-queries\1.11.5\experimental\Security\CWE\CWE-400\LocalThreadResourceAbuse.ql failed the constraint of precision (not present).
[2026-07-14 14:44:10] [SPAMMIER] resolve queries> Query Filter: C:\Program Files\codeql\qlpacks\codeql\java-queries\1.11.5\experimental\Security\CWE\CWE-400\ThreadResourceAbuse.ql failed the constraint of precision (not present).
[2026-07-14 14:44:10] [SPAMMY] resolve queries> Query Filter: Including C:\Program Files\codeql\qlpacks\codeql\java-queries\1.11.5\experimental\Security\CWE\CWE-470\LoadClassNoSignatureCheck.ql.
[2026-07-14 14:44:10] [SPAMMY] resolve queries> Query Filter: Including C:\Program Files\codeql\qlpacks\codeql\java-queries\1.11.5\experimental\Security\CWE\CWE-470\UnsafeReflection.ql.
[2026-07-14 14:44:10] [SPAMMY] resolve queries> Query Filter: Including C:\Program Files\codeql\qlpacks\codeql\java-queries\1.11.5\experimental\Security\CWE\CWE-489\devMode.ql.
[2026-07-14 14:44:10] [SPAMMIER] resolve queries> Query Filter: C:\Program Files\codeql\qlpacks\codeql\java-queries\1.11.5\experimental\Security\CWE\CWE-489\EJBMain.ql failed the constraint of precision (was medium).
[2026-07-14 14:44:10] [SPAMMIER] resolve queries> Query Filter: C:\Program Files\codeql\qlpacks\codeql\java-queries\1.11.5\experimental\Security\CWE\CWE-489\WebComponentMain.ql failed the constraint of precision (was medium).
[2026-07-14 14:44:10] [SPAMMY] resolve queries> Query Filter: Including C:\Program Files\codeql\qlpacks\codeql\java-queries\1.11.5\experimental\Security\CWE\CWE-502\UnsafeDeserializationRmi.ql.
[2026-07-14 14:44:10] [SPAMMY] resolve queries> Query Filter: Including C:\Program Files\codeql\qlpacks\codeql\java-queries\1.11.5\experimental\Security\CWE\CWE-502\UnsafeSpringExporterInConfigurationClass.ql.
[2026-07-14 14:44:10] [SPAMMY] resolve queries> Query Filter: Including C:\Program Files\codeql\qlpacks\codeql\java-queries\1.11.5\experimental\Security\CWE\CWE-502\UnsafeSpringExporterInXMLConfiguration.ql.
[2026-07-14 14:44:10] [SPAMMY] resolve queries> Query Filter: Including C:\Program Files\codeql\qlpacks\codeql\java-queries\1.11.5\experimental\Security\CWE\CWE-522-DecompressionBombs\DecompressionBomb.ql.
[2026-07-14 14:44:10] [SPAMMIER] resolve queries> Query Filter: C:\Program Files\codeql\qlpacks\codeql\java-queries\1.11.5\experimental\Security\CWE\CWE-548\InsecureDirectoryConfig.ql failed the constraint of precision (was medium).
[2026-07-14 14:44:10] [SPAMMY] resolve queries> Query Filter: Including C:\Program Files\codeql\qlpacks\codeql\java-queries\1.11.5\experimental\Security\CWE\CWE-555\CredentialsInPropertiesFile.ql.
[2026-07-14 14:44:10] [SPAMMIER] resolve queries> Query Filter: C:\Program Files\codeql\qlpacks\codeql\java-queries\1.11.5\experimental\Security\CWE\CWE-555\PasswordInConfigurationFile.ql failed the constraint of precision (was medium).
[2026-07-14 14:44:10] [SPAMMIER] resolve queries> Query Filter: C:\Program Files\codeql\qlpacks\codeql\java-queries\1.11.5\experimental\Security\CWE\CWE-598\SensitiveGetQuery.ql failed the constraint of precision (was medium).
[2026-07-14 14:44:10] [SPAMMIER] resolve queries> Query Filter: C:\Program Files\codeql\qlpacks\codeql\java-queries\1.11.5\experimental\Security\CWE\CWE-600\UncaughtServletException.ql failed the constraint of precision (was medium).
[2026-07-14 14:44:10] [SPAMMY] resolve queries> Query Filter: Including C:\Program Files\codeql\qlpacks\codeql\java-queries\1.11.5\experimental\Security\CWE\CWE-601\SpringUrlRedirect.ql.
[2026-07-14 14:44:10] [SPAMMY] resolve queries> Query Filter: Including C:\Program Files\codeql\qlpacks\codeql\java-queries\1.11.5\experimental\Security\CWE\CWE-625\PermissiveDotRegex.ql.
[2026-07-14 14:44:10] [SPAMMY] resolve queries> Query Filter: Including C:\Program Files\codeql\qlpacks\codeql\java-queries\1.11.5\experimental\Security\CWE\CWE-652\XQueryInjection.ql.
[2026-07-14 14:44:10] [SPAMMY] resolve queries> Query Filter: Including C:\Program Files\codeql\qlpacks\codeql\java-queries\1.11.5\experimental\Security\CWE\CWE-665\InsecureRmiJmxEnvironmentConfiguration.ql.
[2026-07-14 14:44:10] [SPAMMIER] resolve queries> Query Filter: C:\Program Files\codeql\qlpacks\codeql\java-queries\1.11.5\experimental\Security\CWE\CWE-755\NFEAndroidDoS.ql failed the constraint of precision (was medium).
[2026-07-14 14:44:10] [SPAMMIER] resolve queries> Query Filter: C:\Program Files\codeql\qlpacks\codeql\java-queries\1.11.5\experimental\Security\CWE\CWE-759\HashWithoutSalt.ql failed the constraint of precision (was low).
[2026-07-14 14:44:10] [SPAMMIER] resolve queries> Query Filter: C:\Program Files\codeql\qlpacks\codeql\java-queries\1.11.5\experimental\Security\CWE\CWE-939\IncorrectURLVerification.ql failed the constraint of precision (was medium).
[2026-07-14 14:44:10] [SPAMMIER] resolve queries> Query Filter: C:\Program Files\codeql\qlpacks\codeql\java-queries\1.11.5\external\DuplicateAnonymous.ql failed 'tags contain` constraint [testability, maintainability, useless-code, duplicate-code, statistical, non-attributable]
[2026-07-14 14:44:10] [SPAMMIER] resolve queries> Query Filter: C:\Program Files\codeql\qlpacks\codeql\java-queries\1.11.5\external\DuplicateBlock.ql failed the constraint of precision (was low).
[2026-07-14 14:44:10] [SPAMMIER] resolve queries> Query Filter: C:\Program Files\codeql\qlpacks\codeql\java-queries\1.11.5\external\DuplicateMethod.ql failed 'tags contain` constraint [testability, maintainability, useless-code, duplicate-code, statistical, non-attributable]
[2026-07-14 14:44:10] [SPAMMIER] resolve queries> Query Filter: C:\Program Files\codeql\qlpacks\codeql\java-queries\1.11.5\external\MostlyDuplicateClass.ql failed 'tags contain` constraint [testability, maintainability, useless-code, duplicate-code, statistical, non-attributable]
[2026-07-14 14:44:10] [SPAMMIER] resolve queries> Query Filter: C:\Program Files\codeql\qlpacks\codeql\java-queries\1.11.5\external\MostlyDuplicateFile.ql failed 'tags contain` constraint [testability, maintainability, useless-code, duplicate-code, statistical, non-attributable]
[2026-07-14 14:44:10] [SPAMMIER] resolve queries> Query Filter: C:\Program Files\codeql\qlpacks\codeql\java-queries\1.11.5\external\MostlyDuplicateMethod.ql failed 'tags contain` constraint [testability, maintainability, useless-code, duplicate-code, statistical, non-attributable]
[2026-07-14 14:44:10] [SPAMMIER] resolve queries> Query Filter: C:\Program Files\codeql\qlpacks\codeql\java-queries\1.11.5\external\MostlySimilarFile.ql failed 'tags contain` constraint [testability, maintainability, useless-code, duplicate-code, statistical, non-attributable]
[2026-07-14 14:44:10] [SPAMMIER] resolve queries> Query Filter: C:\Program Files\codeql\qlpacks\codeql\java-queries\1.11.5\filters\ClassifyFiles.ql failed the constraint of kind (was file-classifier).
[2026-07-14 14:44:10] [SPAMMIER] resolve queries> Query Filter: C:\Program Files\codeql\qlpacks\codeql\java-queries\1.11.5\Frameworks\JavaEE\EJB\EjbContainerInterference.ql failed the constraint of precision (was low).
[2026-07-14 14:44:10] [SPAMMIER] resolve queries> Query Filter: C:\Program Files\codeql\qlpacks\codeql\java-queries\1.11.5\Frameworks\JavaEE\EJB\EjbFileIO.ql failed the constraint of precision (was low).
[2026-07-14 14:44:10] [SPAMMIER] resolve queries> Query Filter: C:\Program Files\codeql\qlpacks\codeql\java-queries\1.11.5\Frameworks\JavaEE\EJB\EjbGraphics.ql failed the constraint of precision (was low).
[2026-07-14 14:44:10] [SPAMMIER] resolve queries> Query Filter: C:\Program Files\codeql\qlpacks\codeql\java-queries\1.11.5\Frameworks\JavaEE\EJB\EjbNative.ql failed the constraint of precision (was low).
[2026-07-14 14:44:10] [SPAMMIER] resolve queries> Query Filter: C:\Program Files\codeql\qlpacks\codeql\java-queries\1.11.5\Frameworks\JavaEE\EJB\EjbReflection.ql failed the constraint of precision (was low).
[2026-07-14 14:44:10] [SPAMMIER] resolve queries> Query Filter: C:\Program Files\codeql\qlpacks\codeql\java-queries\1.11.5\Frameworks\JavaEE\EJB\EjbSecurityConfiguration.ql failed the constraint of precision (was low).
[2026-07-14 14:44:10] [SPAMMIER] resolve queries> Query Filter: C:\Program Files\codeql\qlpacks\codeql\java-queries\1.11.5\Frameworks\JavaEE\EJB\EjbSerialization.ql failed the constraint of precision (was low).
[2026-07-14 14:44:10] [SPAMMIER] resolve queries> Query Filter: C:\Program Files\codeql\qlpacks\codeql\java-queries\1.11.5\Frameworks\JavaEE\EJB\EjbSetSocketOrUrlFactory.ql failed the constraint of precision (was low).
[2026-07-14 14:44:10] [SPAMMIER] resolve queries> Query Filter: C:\Program Files\codeql\qlpacks\codeql\java-queries\1.11.5\Frameworks\JavaEE\EJB\EjbSocketAsServer.ql failed the constraint of precision (was low).
[2026-07-14 14:44:10] [SPAMMIER] resolve queries> Query Filter: C:\Program Files\codeql\qlpacks\codeql\java-queries\1.11.5\Frameworks\JavaEE\EJB\EjbStaticFieldNonFinal.ql failed the constraint of precision (was low).
[2026-07-14 14:44:10] [SPAMMIER] resolve queries> Query Filter: C:\Program Files\codeql\qlpacks\codeql\java-queries\1.11.5\Frameworks\JavaEE\EJB\EjbSynchronization.ql failed the constraint of precision (was low).
[2026-07-14 14:44:10] [SPAMMIER] resolve queries> Query Filter: C:\Program Files\codeql\qlpacks\codeql\java-queries\1.11.5\Frameworks\JavaEE\EJB\EjbThis.ql failed the constraint of precision (was low).
[2026-07-14 14:44:10] [SPAMMIER] resolve queries> Query Filter: C:\Program Files\codeql\qlpacks\codeql\java-queries\1.11.5\Frameworks\JavaEE\EJB\EjbThreads.ql failed the constraint of precision (was low).
[2026-07-14 14:44:10] [SPAMMIER] resolve queries> Query Filter: C:\Program Files\codeql\qlpacks\codeql\java-queries\1.11.5\Frameworks\Spring\Architecture\Refactoring Opportunities\MissingParentBean.ql failed the constraint of precision (was low).
[2026-07-14 14:44:10] [SPAMMIER] resolve queries> Query Filter: C:\Program Files\codeql\qlpacks\codeql\java-queries\1.11.5\Frameworks\Spring\Architecture\Refactoring Opportunities\TooManyBeans.ql failed the constraint of precision (was low).
[2026-07-14 14:44:10] [SPAMMIER] resolve queries> Query Filter: C:\Program Files\codeql\qlpacks\codeql\java-queries\1.11.5\Frameworks\Spring\Architecture\Refactoring Opportunities\UnusedBean.ql failed the constraint of precision (was low).
[2026-07-14 14:44:10] [SPAMMIER] resolve queries> Query Filter: C:\Program Files\codeql\qlpacks\codeql\java-queries\1.11.5\Frameworks\Spring\Architecture\Refactoring Opportunities\UselessPropertyOverride.ql failed the constraint of precision (was low).
[2026-07-14 14:44:10] [SPAMMIER] resolve queries> Query Filter: C:\Program Files\codeql\qlpacks\codeql\java-queries\1.11.5\Frameworks\Spring\Violations of Best Practice\AvoidAutowiring.ql failed the constraint of precision (was low).
[2026-07-14 14:44:10] [SPAMMIER] resolve queries> Query Filter: C:\Program Files\codeql\qlpacks\codeql\java-queries\1.11.5\Frameworks\Spring\Violations of Best Practice\DontUseConstructorArgIndex.ql failed the constraint of precision (was low).
[2026-07-14 14:44:10] [SPAMMIER] resolve queries> Query Filter: C:\Program Files\codeql\qlpacks\codeql\java-queries\1.11.5\Frameworks\Spring\Violations of Best Practice\ImportsFirst.ql failed the constraint of precision (was low).
[2026-07-14 14:44:10] [SPAMMIER] resolve queries> Query Filter: C:\Program Files\codeql\qlpacks\codeql\java-queries\1.11.5\Frameworks\Spring\Violations of Best Practice\NoBeanDescription.ql failed the constraint of precision (was low).
[2026-07-14 14:44:10] [SPAMMIER] resolve queries> Query Filter: C:\Program Files\codeql\qlpacks\codeql\java-queries\1.11.5\Frameworks\Spring\Violations of Best Practice\ParentShouldNotUseAbstractClass.ql failed the constraint of precision (was low).
[2026-07-14 14:44:10] [SPAMMIER] resolve queries> Query Filter: C:\Program Files\codeql\qlpacks\codeql\java-queries\1.11.5\Frameworks\Spring\Violations of Best Practice\UseIdInsteadOfName.ql failed the constraint of precision (was low).
[2026-07-14 14:44:10] [SPAMMIER] resolve queries> Query Filter: C:\Program Files\codeql\qlpacks\codeql\java-queries\1.11.5\Frameworks\Spring\Violations of Best Practice\UseLocalRef.ql failed the constraint of precision (was low).
[2026-07-14 14:44:10] [SPAMMIER] resolve queries> Query Filter: C:\Program Files\codeql\qlpacks\codeql\java-queries\1.11.5\Frameworks\Spring\Violations of Best Practice\UseSetterInjection.ql failed the constraint of precision (was low).
[2026-07-14 14:44:10] [SPAMMIER] resolve queries> Query Filter: C:\Program Files\codeql\qlpacks\codeql\java-queries\1.11.5\Frameworks\Spring\Violations of Best Practice\UseShortcutForms.ql failed the constraint of precision (was low).
[2026-07-14 14:44:10] [SPAMMIER] resolve queries> Query Filter: C:\Program Files\codeql\qlpacks\codeql\java-queries\1.11.5\Frameworks\Spring\XML Configuration Errors\MissingSetters.ql failed the constraint of precision (was low).
[2026-07-14 14:44:10] [SPAMMIER] resolve queries> Query Filter: C:\Program Files\codeql\qlpacks\codeql\java-queries\1.11.5\Language Abuse\CastThisToTypeParameter.ql failed the constraint of precision (was low).
[2026-07-14 14:44:10] [SPAMMIER] resolve queries> Query Filter: C:\Program Files\codeql\qlpacks\codeql\java-queries\1.11.5\Language Abuse\ChainedInstanceof.ql failed 'tags contain` constraint [maintainability, complexity, language-features]
[2026-07-14 14:44:10] [SPAMMIER] resolve queries> Query Filter: C:\Program Files\codeql\qlpacks\codeql\java-queries\1.11.5\Language Abuse\DubiousDowncastOfThis.ql failed the constraint of precision (was low).
[2026-07-14 14:44:10] [SPAMMIER] resolve queries> Query Filter: C:\Program Files\codeql\qlpacks\codeql\java-queries\1.11.5\Language Abuse\DubiousTypeTestOfThis.ql failed the constraint of precision (was low).
[2026-07-14 14:44:10] [SPAMMIER] resolve queries> Query Filter: C:\Program Files\codeql\qlpacks\codeql\java-queries\1.11.5\Language Abuse\EmptyMethod.ql failed the constraint of precision (was medium).
[2026-07-14 14:44:10] [SPAMMIER] resolve queries> Query Filter: C:\Program Files\codeql\qlpacks\codeql\java-queries\1.11.5\Language Abuse\EnumIdentifier.ql failed the constraint of precision (was low).
[2026-07-14 14:44:10] [SPAMMIER] resolve queries> Query Filter: C:\Program Files\codeql\qlpacks\codeql\java-queries\1.11.5\Language Abuse\ImplementsAnnotation.ql failed the constraint of precision (was low).
[2026-07-14 14:44:10] [SPAMMIER] resolve queries> Query Filter: C:\Program Files\codeql\qlpacks\codeql\java-queries\1.11.5\Language Abuse\IterableIterator.ql failed 'tags contain` constraint [quality, reliability, correctness]
[2026-07-14 14:44:10] [SPAMMIER] resolve queries> Query Filter: C:\Program Files\codeql\qlpacks\codeql\java-queries\1.11.5\Language Abuse\LabelInSwitch.ql failed 'tags contain` constraint [quality, maintainability, readability]
[2026-07-14 14:44:10] [SPAMMIER] resolve queries> Query Filter: C:\Program Files\codeql\qlpacks\codeql\java-queries\1.11.5\Language Abuse\MissedTernaryOpportunity.ql failed the constraint of precision (was low).
[2026-07-14 14:44:10] [SPAMMIER] resolve queries> Query Filter: C:\Program Files\codeql\qlpacks\codeql\java-queries\1.11.5\Language Abuse\OverridePackagePrivate.ql failed the constraint of precision (was medium).
[2026-07-14 14:44:10] [SPAMMIER] resolve queries> Query Filter: C:\Program Files\codeql\qlpacks\codeql\java-queries\1.11.5\Language Abuse\TypeVarExtendsFinalType.ql failed the constraint of precision (was medium).
[2026-07-14 14:44:10] [SPAMMIER] resolve queries> Query Filter: C:\Program Files\codeql\qlpacks\codeql\java-queries\1.11.5\Language Abuse\TypeVariableHidesType.ql failed the constraint of precision (was medium).
[2026-07-14 14:44:10] [SPAMMIER] resolve queries> Query Filter: C:\Program Files\codeql\qlpacks\codeql\java-queries\1.11.5\Language Abuse\UselessNullCheck.ql failed 'tags contain` constraint [quality, maintainability, useless-code, external/cwe/cwe-561]
[2026-07-14 14:44:10] [SPAMMIER] resolve queries> Query Filter: C:\Program Files\codeql\qlpacks\codeql\java-queries\1.11.5\Language Abuse\UselessTypeTest.ql failed 'tags contain` constraint [quality, maintainability, useless-code, language-features, external/cwe/cwe-561]
[2026-07-14 14:44:10] [SPAMMIER] resolve queries> Query Filter: C:\Program Files\codeql\qlpacks\codeql\java-queries\1.11.5\Language Abuse\UselessUpcast.ql failed the constraint of precision (was low).
[2026-07-14 14:44:10] [SPAMMIER] resolve queries> Query Filter: C:\Program Files\codeql\qlpacks\codeql\java-queries\1.11.5\Language Abuse\WrappedIterator.ql failed 'tags contain` constraint [quality, reliability, correctness]
[2026-07-14 14:44:10] [SPAMMIER] resolve queries> Query Filter: C:\Program Files\codeql\qlpacks\codeql\java-queries\1.11.5\Likely Bugs\Arithmetic\BadAbsOfRandom.ql failed the constraint of precision (was medium).
[2026-07-14 14:44:10] [SPAMMIER] resolve queries> Query Filter: C:\Program Files\codeql\qlpacks\codeql\java-queries\1.11.5\Likely Bugs\Arithmetic\BadCheckOdd.ql failed the constraint of precision (was low).
[2026-07-14 14:44:10] [SPAMMIER] resolve queries> Query Filter: C:\Program Files\codeql\qlpacks\codeql\java-queries\1.11.5\Likely Bugs\Arithmetic\CondExprTypes.ql failed the constraint of precision (was low).
[2026-07-14 14:44:10] [SPAMMIER] resolve queries> Query Filter: C:\Program Files\codeql\qlpacks\codeql\java-queries\1.11.5\Likely Bugs\Arithmetic\ConstantExpAppearsNonConstant.ql failed 'tags contain` constraint [quality, reliability, correctness]
[2026-07-14 14:44:10] [SPAMMY] resolve queries> Query Filter: Including C:\Program Files\codeql\qlpacks\codeql\java-queries\1.11.5\Likely Bugs\Arithmetic\InformationLoss.ql.
[2026-07-14 14:44:10] [SPAMMIER] resolve queries> Query Filter: C:\Program Files\codeql\qlpacks\codeql\java-queries\1.11.5\Likely Bugs\Arithmetic\IntMultToLong.ql failed 'tags contain` constraint [quality, reliability, correctness, types, external/cwe/cwe-190, external/cwe/cwe-192, external/cwe/cwe-197, external/cwe/cwe-681]
[2026-07-14 14:44:10] [SPAMMIER] resolve queries> Query Filter: C:\Program Files\codeql\qlpacks\codeql\java-queries\1.11.5\Likely Bugs\Arithmetic\LShiftLargerThanTypeWidth.ql failed 'tags contain` constraint [quality, reliability, correctness]
[2026-07-14 14:44:10] [SPAMMIER] resolve queries> Query Filter: C:\Program Files\codeql\qlpacks\codeql\java-queries\1.11.5\Likely Bugs\Arithmetic\MultiplyRemainder.ql failed the constraint of precision (was medium).
[2026-07-14 14:44:10] [SPAMMIER] resolve queries> Query Filter: C:\Program Files\codeql\qlpacks\codeql\java-queries\1.11.5\Likely Bugs\Arithmetic\OctalLiteral.ql failed the constraint of precision (was low).
[2026-07-14 14:44:10] [SPAMMIER] resolve queries> Query Filter: C:\Program Files\codeql\qlpacks\codeql\java-queries\1.11.5\Likely Bugs\Arithmetic\RandomUsedOnce.ql failed the constraint of precision (was medium).
[2026-07-14 14:44:10] [SPAMMIER] resolve queries> Query Filter: C:\Program Files\codeql\qlpacks\codeql\java-queries\1.11.5\Likely Bugs\Arithmetic\WhitespaceContradictsPrecedence.ql failed 'tags contain` constraint [quality, reliability, correctness, external/cwe/cwe-783]
[2026-07-14 14:44:10] [SPAMMIER] resolve queries> Query Filter: C:\Program Files\codeql\qlpacks\codeql\java-queries\1.11.5\Likely Bugs\Cloning\MissingCallToSuperClone.ql failed the constraint of precision (was medium).
[2026-07-14 14:44:10] [SPAMMIER] resolve queries> Query Filter: C:\Program Files\codeql\qlpacks\codeql\java-queries\1.11.5\Likely Bugs\Cloning\MissingMethodClone.ql failed the constraint of precision (was medium).
[2026-07-14 14:44:10] [SPAMMIER] resolve queries> Query Filter: C:\Program Files\codeql\qlpacks\codeql\java-queries\1.11.5\Likely Bugs\Collections\ArrayIndexOutOfBounds.ql failed 'tags contain` constraint [quality, reliability, correctness, exceptions, external/cwe/cwe-193]
[2026-07-14 14:44:10] [SPAMMIER] resolve queries> Query Filter: C:\Program Files\codeql\qlpacks\codeql\java-queries\1.11.5\Likely Bugs\Collections\ContainsTypeMismatch.ql failed 'tags contain` constraint [quality, reliability, correctness, logic]
[2026-07-14 14:44:10] [SPAMMIER] resolve queries> Query Filter: C:\Program Files\codeql\qlpacks\codeql\java-queries\1.11.5\Likely Bugs\Collections\IteratorRemoveMayFail.ql failed the constraint of precision (was medium).
[2026-07-14 14:44:10] [SPAMMIER] resolve queries> Query Filter: C:\Program Files\codeql\qlpacks\codeql\java-queries\1.11.5\Likely Bugs\Collections\ReadOnlyContainer.ql failed 'tags contain` constraint [quality, reliability, correctness, external/cwe/cwe-561]
[2026-07-14 14:44:10] [SPAMMIER] resolve queries> Query Filter: C:\Program Files\codeql\qlpacks\codeql\java-queries\1.11.5\Likely Bugs\Collections\RemoveTypeMismatch.ql failed 'tags contain` constraint [quality, reliability, correctness, logic]
[2026-07-14 14:44:10] [SPAMMIER] resolve queries> Query Filter: C:\Program Files\codeql\qlpacks\codeql\java-queries\1.11.5\Likely Bugs\Collections\WriteOnlyContainer.ql failed 'tags contain` constraint [quality, maintainability, useless-code, external/cwe/cwe-561]
[2026-07-14 14:44:10] [SPAMMIER] resolve queries> Query Filter: C:\Program Files\codeql\qlpacks\codeql\java-queries\1.11.5\Likely Bugs\Comparison\BitwiseSignCheck.ql failed the constraint of precision (was low).
[2026-07-14 14:44:10] [SPAMMIER] resolve queries> Query Filter: C:\Program Files\codeql\qlpacks\codeql\java-queries\1.11.5\Likely Bugs\Comparison\CompareIdenticalValues.ql failed 'tags contain` constraint [quality, reliability, correctness, logic]
[2026-07-14 14:44:10] [SPAMMIER] resolve queries> Query Filter: C:\Program Files\codeql\qlpacks\codeql\java-queries\1.11.5\Likely Bugs\Comparison\CovariantCompareTo.ql failed the constraint of precision (was medium).
[2026-07-14 14:44:10] [SPAMMIER] resolve queries> Query Filter: C:\Program Files\codeql\qlpacks\codeql\java-queries\1.11.5\Likely Bugs\Comparison\CovariantEquals.ql failed the constraint of precision (was medium).
[2026-07-14 14:44:10] [SPAMMIER] resolve queries> Query Filter: C:\Program Files\codeql\qlpacks\codeql\java-queries\1.11.5\Likely Bugs\Comparison\DefineEqualsWhenAddingFields.ql failed the constraint of precision (was low).
[2026-07-14 14:44:10] [SPAMMIER] resolve queries> Query Filter: C:\Program Files\codeql\qlpacks\codeql\java-queries\1.11.5\Likely Bugs\Comparison\EqualsArray.ql failed 'tags contain` constraint [quality, reliability, correctness]
[2026-07-14 14:44:10] [SPAMMIER] resolve queries> Query Filter: C:\Program Files\codeql\qlpacks\codeql\java-queries\1.11.5\Likely Bugs\Comparison\EqualsUsesInstanceOf.ql failed the constraint of precision (was low).
[2026-07-14 14:44:10] [SPAMMIER] resolve queries> Query Filter: C:\Program Files\codeql\qlpacks\codeql\java-queries\1.11.5\Likely Bugs\Comparison\HashedButNoHash.ql failed 'tags contain` constraint [quality, reliability, correctness]
[2026-07-14 14:44:10] [SPAMMIER] resolve queries> Query Filter: C:\Program Files\codeql\qlpacks\codeql\java-queries\1.11.5\Likely Bugs\Comparison\IncomparableEquals.ql failed 'tags contain` constraint [quality, reliability, correctness, external/cwe/cwe-571]
[2026-07-14 14:44:10] [SPAMMIER] resolve queries> Query Filter: C:\Program Files\codeql\qlpacks\codeql\java-queries\1.11.5\Likely Bugs\Comparison\InconsistentCompareTo.ql failed the constraint of precision (was medium).
[2026-07-14 14:44:10] [SPAMMIER] resolve queries> Query Filter: C:\Program Files\codeql\qlpacks\codeql\java-queries\1.11.5\Likely Bugs\Comparison\InconsistentEqualsHashCode.ql failed 'tags contain` constraint [quality, reliability, correctness, external/cwe/cwe-581]
[2026-07-14 14:44:10] [SPAMMIER] resolve queries> Query Filter: C:\Program Files\codeql\qlpacks\codeql\java-queries\1.11.5\Likely Bugs\Comparison\MissingInstanceofInEquals.ql failed 'tags contain` constraint [quality, reliability, correctness]
[2026-07-14 14:44:10] [SPAMMIER] resolve queries> Query Filter: C:\Program Files\codeql\qlpacks\codeql\java-queries\1.11.5\Likely Bugs\Comparison\NoAssignInBooleanExprs.ql failed the constraint of precision (was low).
[2026-07-14 14:44:10] [SPAMMIER] resolve queries> Query Filter: C:\Program Files\codeql\qlpacks\codeql\java-queries\1.11.5\Likely Bugs\Comparison\NoComparisonOnFloats.ql failed the constraint of precision (was low).
[2026-07-14 14:44:10] [SPAMMIER] resolve queries> Query Filter: C:\Program Files\codeql\qlpacks\codeql\java-queries\1.11.5\Likely Bugs\Comparison\ObjectComparison.ql failed the constraint of precision (was low).
[2026-07-14 14:44:10] [SPAMMIER] resolve queries> Query Filter: C:\Program Files\codeql\qlpacks\codeql\java-queries\1.11.5\Likely Bugs\Comparison\RefEqBoxed.ql failed 'tags contain` constraint [quality, reliability, correctness, external/cwe/cwe-595]
[2026-07-14 14:44:10] [SPAMMIER] resolve queries> Query Filter: C:\Program Files\codeql\qlpacks\codeql\java-queries\1.11.5\Likely Bugs\Comparison\StringComparison.ql failed the constraint of precision (was medium).
[2026-07-14 14:44:10] [SPAMMIER] resolve queries> Query Filter: C:\Program Files\codeql\qlpacks\codeql\java-queries\1.11.5\Likely Bugs\Comparison\UselessComparisonTest.ql failed 'tags contain` constraint [quality, reliability, correctness, logic, external/cwe/cwe-570, external/cwe/cwe-571]
[2026-07-14 14:44:10] [SPAMMIER] resolve queries> Query Filter: C:\Program Files\codeql\qlpacks\codeql\java-queries\1.11.5\Likely Bugs\Comparison\WrongNanComparison.ql failed 'tags contain` constraint [quality, reliability, correctness]
[2026-07-14 14:44:10] [SPAMMIER] resolve queries> Query Filter: C:\Program Files\codeql\qlpacks\codeql\java-queries\1.11.5\Likely Bugs\Concurrency\BusyWait.ql failed the constraint of precision (was low).
[2026-07-14 14:44:10] [SPAMMIER] resolve queries> Query Filter: C:\Program Files\codeql\qlpacks\codeql\java-queries\1.11.5\Likely Bugs\Concurrency\CallsToConditionWait.ql failed the constraint of precision (was medium).
[2026-07-14 14:44:10] [SPAMMIER] resolve queries> Query Filter: C:\Program Files\codeql\qlpacks\codeql\java-queries\1.11.5\Likely Bugs\Concurrency\CallsToRunnableRun.ql failed 'tags contain` constraint [quality, reliability, concurrency, external/cwe/cwe-572]
[2026-07-14 14:44:10] [SPAMMIER] resolve queries> Query Filter: C:\Program Files\codeql\qlpacks\codeql\java-queries\1.11.5\Likely Bugs\Concurrency\DateFormatThreadUnsafe.ql failed the constraint of precision (was medium).
[2026-07-14 14:44:10] [SPAMMIER] resolve queries> Query Filter: C:\Program Files\codeql\qlpacks\codeql\java-queries\1.11.5\Likely Bugs\Concurrency\DoubleCheckedLocking.ql failed 'tags contain` constraint [quality, reliability, concurrency, external/cwe/cwe-609]
[2026-07-14 14:44:10] [SPAMMIER] resolve queries> Query Filter: C:\Program Files\codeql\qlpacks\codeql\java-queries\1.11.5\Likely Bugs\Concurrency\DoubleCheckedLockingWithInitRace.ql failed 'tags contain` constraint [quality, reliability, concurrency, external/cwe/cwe-609]
[2026-07-14 14:44:10] [SPAMMIER] resolve queries> Query Filter: C:\Program Files\codeql\qlpacks\codeql\java-queries\1.11.5\Likely Bugs\Concurrency\EmptyRunMethodInThread.ql failed the constraint of precision (was low).
[2026-07-14 14:44:10] [SPAMMIER] resolve queries> Query Filter: C:\Program Files\codeql\qlpacks\codeql\java-queries\1.11.5\Likely Bugs\Concurrency\Escaping.ql failed 'tags contain` constraint [quality, reliability, concurrency]
[2026-07-14 14:44:10] [SPAMMIER] resolve queries> Query Filter: C:\Program Files\codeql\qlpacks\codeql\java-queries\1.11.5\Likely Bugs\Concurrency\FutileSynchOnField.ql failed the constraint of precision (was medium).
[2026-07-14 14:44:10] [SPAMMIER] resolve queries> Query Filter: C:\Program Files\codeql\qlpacks\codeql\java-queries\1.11.5\Likely Bugs\Concurrency\InconsistentAccess.ql failed the constraint of precision (was low).
[2026-07-14 14:44:10] [SPAMMIER] resolve queries> Query Filter: C:\Program Files\codeql\qlpacks\codeql\java-queries\1.11.5\Likely Bugs\Concurrency\LazyInitStaticField.ql failed the constraint of precision (was low).
[2026-07-14 14:44:10] [SPAMMIER] resolve queries> Query Filter: C:\Program Files\codeql\qlpacks\codeql\java-queries\1.11.5\Likely Bugs\Concurrency\NonSynchronizedOverride.ql failed 'tags contain` constraint [quality, reliability, concurrency, language-features, external/cwe/cwe-820]
[2026-07-14 14:44:10] [SPAMMIER] resolve queries> Query Filter: C:\Program Files\codeql\qlpacks\codeql\java-queries\1.11.5\Likely Bugs\Concurrency\NotifyNotNotifyAll.ql failed the constraint of precision (was medium).
[2026-07-14 14:44:10] [SPAMMIER] resolve queries> Query Filter: C:\Program Files\codeql\qlpacks\codeql\java-queries\1.11.5\Likely Bugs\Concurrency\NotifyWithoutSynch.ql failed the constraint of precision (was low).
[2026-07-14 14:44:10] [SPAMMIER] resolve queries> Query Filter: C:\Program Files\codeql\qlpacks\codeql\java-queries\1.11.5\Likely Bugs\Concurrency\PriorityCalls.ql failed the constraint of precision (was low).
[2026-07-14 14:44:10] [SPAMMIER] resolve queries> Query Filter: C:\Program Files\codeql\qlpacks\codeql\java-queries\1.11.5\Likely Bugs\Concurrency\SafePublication.ql failed 'tags contain` constraint [quality, reliability, concurrency]
[2026-07-14 14:44:10] [SPAMMIER] resolve queries> Query Filter: C:\Program Files\codeql\qlpacks\codeql\java-queries\1.11.5\Likely Bugs\Concurrency\ScheduledThreadPoolExecutorZeroThread.ql failed 'tags contain` constraint [quality, reliability, correctness, concurrency]
[2026-07-14 14:44:10] [SPAMMIER] resolve queries> Query Filter: C:\Program Files\codeql\qlpacks\codeql\java-queries\1.11.5\Likely Bugs\Concurrency\SleepWithLock.ql failed the constraint of precision (was medium).
[2026-07-14 14:44:10] [SPAMMIER] resolve queries> Query Filter: C:\Program Files\codeql\qlpacks\codeql\java-queries\1.11.5\Likely Bugs\Concurrency\StartInConstructor.ql failed the constraint of precision (was medium).
[2026-07-14 14:44:10] [SPAMMIER] resolve queries> Query Filter: C:\Program Files\codeql\qlpacks\codeql\java-queries\1.11.5\Likely Bugs\Concurrency\SynchOnBoxedType.ql failed 'tags contain` constraint [quality, reliability, concurrency, language-features, external/cwe/cwe-662]
[2026-07-14 14:44:10] [SPAMMIER] resolve queries> Query Filter: C:\Program Files\codeql\qlpacks\codeql\java-queries\1.11.5\Likely Bugs\Concurrency\SynchSetUnsynchGet.ql failed 'tags contain` constraint [quality, reliability, concurrency, language-features, external/cwe/cwe-413, external/cwe/cwe-662]
[2026-07-14 14:44:10] [SPAMMIER] resolve queries> Query Filter: C:\Program Files\codeql\qlpacks\codeql\java-queries\1.11.5\Likely Bugs\Concurrency\SynchWriteObject.ql failed the constraint of precision (was medium).
[2026-07-14 14:44:10] [SPAMMIER] resolve queries> Query Filter: C:\Program Files\codeql\qlpacks\codeql\java-queries\1.11.5\Likely Bugs\Concurrency\ThreadSafe.ql failed 'tags contain` constraint [quality, reliability, concurrency]
[2026-07-14 14:44:10] [SPAMMIER] resolve queries> Query Filter: C:\Program Files\codeql\qlpacks\codeql\java-queries\1.11.5\Likely Bugs\Concurrency\UnreleasedLock.ql failed the constraint of precision (was medium).
[2026-07-14 14:44:10] [SPAMMIER] resolve queries> Query Filter: C:\Program Files\codeql\qlpacks\codeql\java-queries\1.11.5\Likely Bugs\Concurrency\WaitOutsideLoop.ql failed the constraint of precision (was low).
[2026-07-14 14:44:10] [SPAMMIER] resolve queries> Query Filter: C:\Program Files\codeql\qlpacks\codeql\java-queries\1.11.5\Likely Bugs\Concurrency\WaitWithTwoLocks.ql failed the constraint of precision (was low).
[2026-07-14 14:44:10] [SPAMMIER] resolve queries> Query Filter: C:\Program Files\codeql\qlpacks\codeql\java-queries\1.11.5\Likely Bugs\Concurrency\YieldCalls.ql failed the constraint of precision (was low).
[2026-07-14 14:44:10] [SPAMMIER] resolve queries> Query Filter: C:\Program Files\codeql\qlpacks\codeql\java-queries\1.11.5\Likely Bugs\Finalization\NullifiedSuperFinalize.ql failed the constraint of precision (was medium).
[2026-07-14 14:44:10] [SPAMMIER] resolve queries> Query Filter: C:\Program Files\codeql\qlpacks\codeql\java-queries\1.11.5\Likely Bugs\Frameworks\JUnit\BadSuiteMethod.ql failed the constraint of precision (was medium).
[2026-07-14 14:44:10] [SPAMMIER] resolve queries> Query Filter: C:\Program Files\codeql\qlpacks\codeql\java-queries\1.11.5\Likely Bugs\Frameworks\JUnit\JUnit5MissingNestedAnnotation.ql failed 'tags contain` constraint [quality, reliability, correctness, testability, frameworks/junit]
[2026-07-14 14:44:10] [SPAMMIER] resolve queries> Query Filter: C:\Program Files\codeql\qlpacks\codeql\java-queries\1.11.5\Likely Bugs\Frameworks\JUnit\TearDownNoSuper.ql failed the constraint of precision (was low).
[2026-07-14 14:44:10] [SPAMMIER] resolve queries> Query Filter: C:\Program Files\codeql\qlpacks\codeql\java-queries\1.11.5\Likely Bugs\Frameworks\JUnit\TestCaseNoTests.ql failed the constraint of precision (was low).
[2026-07-14 14:44:10] [SPAMMIER] resolve queries> Query Filter: C:\Program Files\codeql\qlpacks\codeql\java-queries\1.11.5\Likely Bugs\Frameworks\Swing\BadlyOverriddenAdapter.ql failed the constraint of precision (was medium).
[2026-07-14 14:44:10] [SPAMMIER] resolve queries> Query Filter: C:\Program Files\codeql\qlpacks\codeql\java-queries\1.11.5\Likely Bugs\Frameworks\Swing\ThreadSafety.ql failed the constraint of precision (was low).
[2026-07-14 14:44:10] [SPAMMIER] resolve queries> Query Filter: C:\Program Files\codeql\qlpacks\codeql\java-queries\1.11.5\Likely Bugs\I18N\MissingLocaleArgument.ql failed the constraint of precision (was low).
[2026-07-14 14:44:10] [SPAMMIER] resolve queries> Query Filter: C:\Program Files\codeql\qlpacks\codeql\java-queries\1.11.5\Likely Bugs\Inheritance\NoNonFinalInConstructor.ql failed 'tags contain` constraint [quality, reliability, correctness, logic]
[2026-07-14 14:44:10] [SPAMMIER] resolve queries> Query Filter: C:\Program Files\codeql\qlpacks\codeql\java-queries\1.11.5\Likely Bugs\Likely Typos\ConstructorTypo.ql failed the constraint of precision (was low).
[2026-07-14 14:44:10] [SPAMMIER] resolve queries> Query Filter: C:\Program Files\codeql\qlpacks\codeql\java-queries\1.11.5\Likely Bugs\Likely Typos\ContainerSizeCmpZero.ql failed 'tags contain` constraint [quality, reliability, correctness, logic]
[2026-07-14 14:44:10] [SPAMMIER] resolve queries> Query Filter: C:\Program Files\codeql\qlpacks\codeql\java-queries\1.11.5\Likely Bugs\Likely Typos\ContradictoryTypeChecks.ql failed 'tags contain` constraint [quality, reliability, correctness, logic]
[2026-07-14 14:44:10] [SPAMMIER] resolve queries> Query Filter: C:\Program Files\codeql\qlpacks\codeql\java-queries\1.11.5\Likely Bugs\Likely Typos\DangerousNonCircuitLogic.ql failed the constraint of precision (was medium).
[2026-07-14 14:44:10] [SPAMMIER] resolve queries> Query Filter: C:\Program Files\codeql\qlpacks\codeql\java-queries\1.11.5\Likely Bugs\Likely Typos\EqualsTypo.ql failed the constraint of precision (was medium).
[2026-07-14 14:44:10] [SPAMMIER] resolve queries> Query Filter: C:\Program Files\codeql\qlpacks\codeql\java-queries\1.11.5\Likely Bugs\Likely Typos\HashCodeTypo.ql failed the constraint of precision (was medium).
[2026-07-14 14:44:10] [SPAMMIER] resolve queries> Query Filter: C:\Program Files\codeql\qlpacks\codeql\java-queries\1.11.5\Likely Bugs\Likely Typos\MissingFormatArg.ql failed 'tags contain` constraint [quality, reliability, correctness, external/cwe/cwe-685]
[2026-07-14 14:44:10] [SPAMMIER] resolve queries> Query Filter: C:\Program Files\codeql\qlpacks\codeql\java-queries\1.11.5\Likely Bugs\Likely Typos\MissingSpaceTypo.ql failed 'tags contain` constraint [quality, maintainability, readability]
[2026-07-14 14:44:10] [SPAMMIER] resolve queries> Query Filter: C:\Program Files\codeql\qlpacks\codeql\java-queries\1.11.5\Likely Bugs\Likely Typos\NestedLoopsSameVariable.ql failed the constraint of precision (was low).
[2026-07-14 14:44:10] [SPAMMIER] resolve queries> Query Filter: C:\Program Files\codeql\qlpacks\codeql\java-queries\1.11.5\Likely Bugs\Likely Typos\SelfAssignment.ql failed 'tags contain` constraint [quality, reliability, correctness, logic]
[2026-07-14 14:44:10] [SPAMMIER] resolve queries> Query Filter: C:\Program Files\codeql\qlpacks\codeql\java-queries\1.11.5\Likely Bugs\Likely Typos\StringBufferCharInit.ql failed 'tags contain` constraint [quality, reliability, correctness]
[2026-07-14 14:44:10] [SPAMMIER] resolve queries> Query Filter: C:\Program Files\codeql\qlpacks\codeql\java-queries\1.11.5\Likely Bugs\Likely Typos\SuspiciousDateFormat.ql failed 'tags contain` constraint [quality, reliability, correctness]
[2026-07-14 14:44:10] [SPAMMIER] resolve queries> Query Filter: C:\Program Files\codeql\qlpacks\codeql\java-queries\1.11.5\Likely Bugs\Likely Typos\ToStringTypo.ql failed the constraint of precision (was medium).
[2026-07-14 14:44:10] [SPAMMIER] resolve queries> Query Filter: C:\Program Files\codeql\qlpacks\codeql\java-queries\1.11.5\Likely Bugs\Likely Typos\UnusedFormatArg.ql failed 'tags contain` constraint [quality, maintainability, useless-code, external/cwe/cwe-685]
[2026-07-14 14:44:10] [SPAMMIER] resolve queries> Query Filter: C:\Program Files\codeql\qlpacks\codeql\java-queries\1.11.5\Likely Bugs\Nullness\NullAlways.ql failed 'tags contain` constraint [quality, reliability, correctness, exceptions, external/cwe/cwe-476]
[2026-07-14 14:44:10] [SPAMMIER] resolve queries> Query Filter: C:\Program Files\codeql\qlpacks\codeql\java-queries\1.11.5\Likely Bugs\Nullness\NullExprDeref.ql failed 'tags contain` constraint [quality, reliability, correctness, exceptions, external/cwe/cwe-476]
[2026-07-14 14:44:10] [SPAMMIER] resolve queries> Query Filter: C:\Program Files\codeql\qlpacks\codeql\java-queries\1.11.5\Likely Bugs\Nullness\NullMaybe.ql failed 'tags contain` constraint [quality, reliability, correctness, exceptions, external/cwe/cwe-476, non-local]
[2026-07-14 14:44:10] [SPAMMIER] resolve queries> Query Filter: C:\Program Files\codeql\qlpacks\codeql\java-queries\1.11.5\Likely Bugs\Reflection\AnnotationPresentCheck.ql failed the constraint of precision (was medium).
[2026-07-14 14:44:10] [SPAMMIER] resolve queries> Query Filter: C:\Program Files\codeql\qlpacks\codeql\java-queries\1.11.5\Likely Bugs\Resource Leaks\CloseReader.ql failed 'tags contain` constraint [quality, reliability, performance, efficiency, resources, external/cwe/cwe-404, external/cwe/cwe-772]
[2026-07-14 14:44:10] [SPAMMIER] resolve queries> Query Filter: C:\Program Files\codeql\qlpacks\codeql\java-queries\1.11.5\Likely Bugs\Resource Leaks\CloseSql.ql failed 'tags contain` constraint [quality, reliability, performance, resources, external/cwe/cwe-404, external/cwe/cwe-772]
[2026-07-14 14:44:10] [SPAMMIER] resolve queries> Query Filter: C:\Program Files\codeql\qlpacks\codeql\java-queries\1.11.5\Likely Bugs\Resource Leaks\CloseWriter.ql failed 'tags contain` constraint [quality, reliability, performance, efficiency, resources, external/cwe/cwe-404, external/cwe/cwe-772]
[2026-07-14 14:44:10] [SPAMMIER] resolve queries> Query Filter: C:\Program Files\codeql\qlpacks\codeql\java-queries\1.11.5\Likely Bugs\Serialization\IncorrectSerializableMethods.ql failed the constraint of precision (was medium).
[2026-07-14 14:44:10] [SPAMMIER] resolve queries> Query Filter: C:\Program Files\codeql\qlpacks\codeql\java-queries\1.11.5\Likely Bugs\Serialization\IncorrectSerialVersionUID.ql failed the constraint of precision (was medium).
[2026-07-14 14:44:10] [SPAMMIER] resolve queries> Query Filter: C:\Program Files\codeql\qlpacks\codeql\java-queries\1.11.5\Likely Bugs\Serialization\MissingVoidConstructorOnExternalizable.ql failed the constraint of precision (was medium).
[2026-07-14 14:44:10] [SPAMMIER] resolve queries> Query Filter: C:\Program Files\codeql\qlpacks\codeql\java-queries\1.11.5\Likely Bugs\Serialization\MissingVoidConstructorsOnSerializable.ql failed the constraint of precision (was medium).
[2026-07-14 14:44:10] [SPAMMIER] resolve queries> Query Filter: C:\Program Files\codeql\qlpacks\codeql\java-queries\1.11.5\Likely Bugs\Serialization\NonSerializableComparator.ql failed the constraint of precision (was low).
[2026-07-14 14:44:10] [SPAMMIER] resolve queries> Query Filter: C:\Program Files\codeql\qlpacks\codeql\java-queries\1.11.5\Likely Bugs\Serialization\NonSerializableField.ql failed the constraint of precision (was low).
[2026-07-14 14:44:10] [SPAMMIER] resolve queries> Query Filter: C:\Program Files\codeql\qlpacks\codeql\java-queries\1.11.5\Likely Bugs\Serialization\NonSerializableInnerClass.ql failed the constraint of precision (was medium).
[2026-07-14 14:44:10] [SPAMMIER] resolve queries> Query Filter: C:\Program Files\codeql\qlpacks\codeql\java-queries\1.11.5\Likely Bugs\Serialization\ReadResolveObject.ql failed the constraint of precision (was medium).
[2026-07-14 14:44:10] [SPAMMIER] resolve queries> Query Filter: C:\Program Files\codeql\qlpacks\codeql\java-queries\1.11.5\Likely Bugs\Serialization\TransientNotSerializable.ql failed the constraint of precision (was low).
[2026-07-14 14:44:10] [SPAMMIER] resolve queries> Query Filter: C:\Program Files\codeql\qlpacks\codeql\java-queries\1.11.5\Likely Bugs\Statements\ContinueInFalseLoop.ql failed 'tags contain` constraint [quality, reliability, correctness]
[2026-07-14 14:44:10] [SPAMMIER] resolve queries> Query Filter: C:\Program Files\codeql\qlpacks\codeql\java-queries\1.11.5\Likely Bugs\Statements\EmptyBlock.ql failed the constraint of precision (was low).
[2026-07-14 14:44:10] [SPAMMIER] resolve queries> Query Filter: C:\Program Files\codeql\qlpacks\codeql\java-queries\1.11.5\Likely Bugs\Statements\EmptySynchronizedBlock.ql failed the constraint of precision (was low).
[2026-07-14 14:44:10] [SPAMMIER] resolve queries> Query Filter: C:\Program Files\codeql\qlpacks\codeql\java-queries\1.11.5\Likely Bugs\Statements\ImpossibleCast.ql failed the constraint of precision (was low).
[2026-07-14 14:44:10] [SPAMMIER] resolve queries> Query Filter: C:\Program Files\codeql\qlpacks\codeql\java-queries\1.11.5\Likely Bugs\Statements\InconsistentCallOnResult.ql failed the constraint of precision (was low).
[2026-07-14 14:44:10] [SPAMMIER] resolve queries> Query Filter: C:\Program Files\codeql\qlpacks\codeql\java-queries\1.11.5\Likely Bugs\Statements\MissingEnumInSwitch.ql failed the constraint of precision (was medium).
[2026-07-14 14:44:10] [SPAMMIER] resolve queries> Query Filter: C:\Program Files\codeql\qlpacks\codeql\java-queries\1.11.5\Likely Bugs\Statements\PartiallyMaskedCatch.ql failed 'tags contain` constraint [quality, reliability, correctness, exceptions, external/cwe/cwe-561]
[2026-07-14 14:44:10] [SPAMMIER] resolve queries> Query Filter: C:\Program Files\codeql\qlpacks\codeql\java-queries\1.11.5\Likely Bugs\Statements\ReturnValueIgnored.ql failed the constraint of precision (was low).
[2026-07-14 14:44:10] [SPAMMIER] resolve queries> Query Filter: C:\Program Files\codeql\qlpacks\codeql\java-queries\1.11.5\Likely Bugs\Statements\StaticFieldWrittenByInstance.ql failed the constraint of precision (was low).
[2026-07-14 14:44:10] [SPAMMIER] resolve queries> Query Filter: C:\Program Files\codeql\qlpacks\codeql\java-queries\1.11.5\Likely Bugs\Statements\UseBraces.ql failed 'tags contain` constraint [quality, maintainability, readability, correctness, logic]
[2026-07-14 14:44:10] [SPAMMIER] resolve queries> Query Filter: C:\Program Files\codeql\qlpacks\codeql\java-queries\1.11.5\Likely Bugs\Termination\ConstantLoopCondition.ql failed 'tags contain` constraint [quality, reliability, correctness, external/cwe/cwe-835]
[2026-07-14 14:44:10] [SPAMMIER] resolve queries> Query Filter: C:\Program Files\codeql\qlpacks\codeql\java-queries\1.11.5\Likely Bugs\Termination\SpinOnField.ql failed the constraint of precision (was medium).
[2026-07-14 14:44:10] [SPAMMIER] resolve queries> Query Filter: C:\Program Files\codeql\qlpacks\codeql\java-queries\1.11.5\meta\frameworks\Coverage.ql failed the constraint of kind (was table).
[2026-07-14 14:44:10] [SPAMMIER] resolve queries> Query Filter: C:\Program Files\codeql\qlpacks\codeql\java-queries\1.11.5\Metrics\Authors\AuthorsPerFile.ql failed the constraint of kind (was treemap).
[2026-07-14 14:44:10] [SPAMMIER] resolve queries> Query Filter: C:\Program Files\codeql\qlpacks\codeql\java-queries\1.11.5\Metrics\Callables\CCyclomaticComplexity.ql failed the constraint of kind (was treemap).
[2026-07-14 14:44:10] [SPAMMIER] resolve queries> Query Filter: C:\Program Files\codeql\qlpacks\codeql\java-queries\1.11.5\Metrics\Callables\CLinesOfCode.ql failed the constraint of kind (was treemap).
[2026-07-14 14:44:10] [SPAMMIER] resolve queries> Query Filter: C:\Program Files\codeql\qlpacks\codeql\java-queries\1.11.5\Metrics\Callables\CLinesOfComment.ql failed the constraint of kind (was treemap).
[2026-07-14 14:44:10] [SPAMMIER] resolve queries> Query Filter: C:\Program Files\codeql\qlpacks\codeql\java-queries\1.11.5\Metrics\Callables\CNumberOfCalls.ql failed the constraint of kind (was treemap).
[2026-07-14 14:44:10] [SPAMMIER] resolve queries> Query Filter: C:\Program Files\codeql\qlpacks\codeql\java-queries\1.11.5\Metrics\Callables\CNumberOfParameters.ql failed the constraint of kind (was treemap).
[2026-07-14 14:44:10] [SPAMMIER] resolve queries> Query Filter: C:\Program Files\codeql\qlpacks\codeql\java-queries\1.11.5\Metrics\Callables\CNumberOfStatements.ql failed the constraint of kind (was treemap).
[2026-07-14 14:44:10] [SPAMMIER] resolve queries> Query Filter: C:\Program Files\codeql\qlpacks\codeql\java-queries\1.11.5\Metrics\Callables\StatementNestingDepth.ql failed the constraint of kind (was treemap).
[2026-07-14 14:44:10] [SPAMMIER] resolve queries> Query Filter: C:\Program Files\codeql\qlpacks\codeql\java-queries\1.11.5\Metrics\Dependencies\ExternalDependencies.ql failed the constraint of kind (was treemap).
[2026-07-14 14:44:10] [SPAMMIER] resolve queries> Query Filter: C:\Program Files\codeql\qlpacks\codeql\java-queries\1.11.5\Metrics\Dependencies\ExternalDependenciesSourceLinks.ql failed the constraint of kind (was source-link).
[2026-07-14 14:44:10] [SPAMMIER] resolve queries> Query Filter: C:\Program Files\codeql\qlpacks\codeql\java-queries\1.11.5\Metrics\Files\FAfferentCoupling.ql failed the constraint of kind (was treemap).
[2026-07-14 14:44:10] [SPAMMIER] resolve queries> Query Filter: C:\Program Files\codeql\qlpacks\codeql\java-queries\1.11.5\Metrics\Files\FCommentRatio.ql failed the constraint of kind (was treemap).
[2026-07-14 14:44:10] [SPAMMIER] resolve queries> Query Filter: C:\Program Files\codeql\qlpacks\codeql\java-queries\1.11.5\Metrics\Files\FCyclomaticComplexity.ql failed the constraint of kind (was treemap).
[2026-07-14 14:44:10] [SPAMMIER] resolve queries> Query Filter: C:\Program Files\codeql\qlpacks\codeql\java-queries\1.11.5\Metrics\Files\FEfferentCoupling.ql failed the constraint of kind (was treemap).
[2026-07-14 14:44:10] [SPAMMIER] resolve queries> Query Filter: C:\Program Files\codeql\qlpacks\codeql\java-queries\1.11.5\Metrics\Files\FLines.ql failed the constraint of kind (was treemap).
[2026-07-14 14:44:10] [SPAMMIER] resolve queries> Query Filter: C:\Program Files\codeql\qlpacks\codeql\java-queries\1.11.5\Metrics\Files\FLinesOfCode.ql failed the constraint of kind (was treemap).
[2026-07-14 14:44:10] [SPAMMIER] resolve queries> Query Filter: C:\Program Files\codeql\qlpacks\codeql\java-queries\1.11.5\Metrics\Files\FLinesOfComment.ql failed the constraint of kind (was treemap).
[2026-07-14 14:44:10] [SPAMMIER] resolve queries> Query Filter: C:\Program Files\codeql\qlpacks\codeql\java-queries\1.11.5\Metrics\Files\FLinesOfCommentedCode.ql failed the constraint of kind (was treemap).
[2026-07-14 14:44:10] [SPAMMIER] resolve queries> Query Filter: C:\Program Files\codeql\qlpacks\codeql\java-queries\1.11.5\Metrics\Files\FLinesOfDuplicatedCode.ql failed the constraint of kind (was treemap).
[2026-07-14 14:44:10] [SPAMMIER] resolve queries> Query Filter: C:\Program Files\codeql\qlpacks\codeql\java-queries\1.11.5\Metrics\Files\FLinesOfSimilarCode.ql failed the constraint of kind (was treemap).
[2026-07-14 14:44:10] [SPAMMIER] resolve queries> Query Filter: C:\Program Files\codeql\qlpacks\codeql\java-queries\1.11.5\Metrics\Files\FNumberOfClasses.ql failed the constraint of kind (was treemap).
[2026-07-14 14:44:10] [SPAMMIER] resolve queries> Query Filter: C:\Program Files\codeql\qlpacks\codeql\java-queries\1.11.5\Metrics\Files\FNumberOfInterfaces.ql failed the constraint of kind (was treemap).
[2026-07-14 14:44:10] [SPAMMIER] resolve queries> Query Filter: C:\Program Files\codeql\qlpacks\codeql\java-queries\1.11.5\Metrics\Files\FNumberOfTests.ql failed the constraint of kind (was treemap).
[2026-07-14 14:44:10] [SPAMMIER] resolve queries> Query Filter: C:\Program Files\codeql\qlpacks\codeql\java-queries\1.11.5\Metrics\Files\FSelfContainedness.ql failed the constraint of kind (was treemap).
[2026-07-14 14:44:10] [SPAMMIER] resolve queries> Query Filter: C:\Program Files\codeql\qlpacks\codeql\java-queries\1.11.5\Metrics\RefTypes\TAfferentCoupling.ql failed the constraint of kind (was treemap).
[2026-07-14 14:44:10] [SPAMMIER] resolve queries> Query Filter: C:\Program Files\codeql\qlpacks\codeql\java-queries\1.11.5\Metrics\RefTypes\TEfferentCoupling.ql failed the constraint of kind (was treemap).
[2026-07-14 14:44:10] [SPAMMIER] resolve queries> Query Filter: C:\Program Files\codeql\qlpacks\codeql\java-queries\1.11.5\Metrics\RefTypes\TEfferentSourceCoupling.ql failed the constraint of kind (was treemap).
[2026-07-14 14:44:10] [SPAMMIER] resolve queries> Query Filter: C:\Program Files\codeql\qlpacks\codeql\java-queries\1.11.5\Metrics\RefTypes\TInheritanceDepth.ql failed the constraint of kind (was treemap).
[2026-07-14 14:44:10] [SPAMMIER] resolve queries> Query Filter: C:\Program Files\codeql\qlpacks\codeql\java-queries\1.11.5\Metrics\RefTypes\TLackOfCohesionCK.ql failed the constraint of kind (was treemap).
[2026-07-14 14:44:10] [SPAMMIER] resolve queries> Query Filter: C:\Program Files\codeql\qlpacks\codeql\java-queries\1.11.5\Metrics\RefTypes\TLackOfCohesionHS.ql failed the constraint of kind (was treemap).
[2026-07-14 14:44:10] [SPAMMIER] resolve queries> Query Filter: C:\Program Files\codeql\qlpacks\codeql\java-queries\1.11.5\Metrics\RefTypes\TLinesOfCode.ql failed the constraint of kind (was treemap).
[2026-07-14 14:44:10] [SPAMMIER] resolve queries> Query Filter: C:\Program Files\codeql\qlpacks\codeql\java-queries\1.11.5\Metrics\RefTypes\TLinesOfComment.ql failed the constraint of kind (was treemap).
[2026-07-14 14:44:10] [SPAMMIER] resolve queries> Query Filter: C:\Program Files\codeql\qlpacks\codeql\java-queries\1.11.5\Metrics\RefTypes\TNumberOfCallables.ql failed the constraint of kind (was treemap).
[2026-07-14 14:44:10] [SPAMMIER] resolve queries> Query Filter: C:\Program Files\codeql\qlpacks\codeql\java-queries\1.11.5\Metrics\RefTypes\TNumberOfFields.ql failed the constraint of kind (was treemap).
[2026-07-14 14:44:10] [SPAMMIER] resolve queries> Query Filter: C:\Program Files\codeql\qlpacks\codeql\java-queries\1.11.5\Metrics\RefTypes\TNumberOfStatements.ql failed the constraint of kind (was treemap).
[2026-07-14 14:44:10] [SPAMMIER] resolve queries> Query Filter: C:\Program Files\codeql\qlpacks\codeql\java-queries\1.11.5\Metrics\RefTypes\TPercentageOfComments.ql failed the constraint of kind (was treemap).
[2026-07-14 14:44:10] [SPAMMIER] resolve queries> Query Filter: C:\Program Files\codeql\qlpacks\codeql\java-queries\1.11.5\Metrics\RefTypes\TPercentageOfComplexCode.ql failed the constraint of kind (was treemap).
[2026-07-14 14:44:10] [SPAMMIER] resolve queries> Query Filter: C:\Program Files\codeql\qlpacks\codeql\java-queries\1.11.5\Metrics\RefTypes\TResponse.ql failed the constraint of kind (was treemap).
[2026-07-14 14:44:10] [SPAMMIER] resolve queries> Query Filter: C:\Program Files\codeql\qlpacks\codeql\java-queries\1.11.5\Metrics\RefTypes\TSelfContainedness.ql failed the constraint of kind (was treemap).
[2026-07-14 14:44:10] [SPAMMIER] resolve queries> Query Filter: C:\Program Files\codeql\qlpacks\codeql\java-queries\1.11.5\Metrics\RefTypes\TSizeOfAPI.ql failed the constraint of kind (was treemap).
[2026-07-14 14:44:10] [SPAMMIER] resolve queries> Query Filter: C:\Program Files\codeql\qlpacks\codeql\java-queries\1.11.5\Metrics\RefTypes\TSpecialisationIndex.ql failed the constraint of kind (was treemap).
[2026-07-14 14:44:10] [SPAMMIER] resolve queries> Query Filter: C:\Program Files\codeql\qlpacks\codeql\java-queries\1.11.5\Metrics\Summaries\FrameworkCoverage.ql failed the constraint of kind (was metric).
[2026-07-14 14:44:10] [SPAMMIER] resolve queries> Query Filter: C:\Program Files\codeql\qlpacks\codeql\java-queries\1.11.5\Metrics\Summaries\GeneratedVsManualCoverage.ql failed the constraint of kind (was table).
[2026-07-14 14:44:10] [SPAMMIER] resolve queries> Query Filter: C:\Program Files\codeql\qlpacks\codeql\java-queries\1.11.5\Metrics\Summaries\LinesOfCode.ql failed the constraint of kind (was metric).
[2026-07-14 14:44:10] [SPAMMIER] resolve queries> Query Filter: C:\Program Files\codeql\qlpacks\codeql\java-queries\1.11.5\Metrics\Summaries\LinesOfCodeJava.ql failed the constraint of kind (was metric).
[2026-07-14 14:44:10] [SPAMMIER] resolve queries> Query Filter: C:\Program Files\codeql\qlpacks\codeql\java-queries\1.11.5\Metrics\Summaries\LinesOfCodeKotlin.ql failed the constraint of kind (was metric).
[2026-07-14 14:44:10] [SPAMMIER] resolve queries> Query Filter: C:\Program Files\codeql\qlpacks\codeql\java-queries\1.11.5\Performance\ConcatenationInLoops.ql failed the constraint of precision (was low).
[2026-07-14 14:44:10] [SPAMMIER] resolve queries> Query Filter: C:\Program Files\codeql\qlpacks\codeql\java-queries\1.11.5\Performance\InefficientEmptyStringTest.ql failed 'tags contain` constraint [quality, maintainability, readability]
[2026-07-14 14:44:10] [SPAMMIER] resolve queries> Query Filter: C:\Program Files\codeql\qlpacks\codeql\java-queries\1.11.5\Performance\InefficientKeySetIterator.ql failed 'tags contain` constraint [quality, reliability, performance]
[2026-07-14 14:44:10] [SPAMMIER] resolve queries> Query Filter: C:\Program Files\codeql\qlpacks\codeql\java-queries\1.11.5\Performance\InefficientOutputStream.ql failed 'tags contain` constraint [quality, reliability, performance, efficiency]
[2026-07-14 14:44:10] [SPAMMIER] resolve queries> Query Filter: C:\Program Files\codeql\qlpacks\codeql\java-queries\1.11.5\Performance\InefficientPrimConstructor.ql failed 'tags contain` constraint [quality, reliability, performance, efficiency]
[2026-07-14 14:44:10] [SPAMMIER] resolve queries> Query Filter: C:\Program Files\codeql\qlpacks\codeql\java-queries\1.11.5\Performance\InnerClassCouldBeStatic.ql failed 'tags contain` constraint [quality, maintainability, readability]
[2026-07-14 14:44:10] [SPAMMIER] resolve queries> Query Filter: C:\Program Files\codeql\qlpacks\codeql\java-queries\1.11.5\Performance\NewStringString.ql failed 'tags contain` constraint [quality, maintainability, readability]
[2026-07-14 14:44:10] [SPAMMIER] resolve queries> Query Filter: C:\Program Files\codeql\qlpacks\codeql\java-queries\1.11.5\Performance\StringReplaceAllWithNonRegex.ql failed 'tags contain` constraint [quality, reliability, performance, external/cwe/cwe-1176]
[2026-07-14 14:44:10] [SPAMMIER] resolve queries> Query Filter: C:\Program Files\codeql\qlpacks\codeql\java-queries\1.11.5\Security\CWE\CWE-020\ExternalAPIsUsedWithUntrustedData.ql failed the constraint of kind (was table).
[2026-07-14 14:44:10] [SPAMMY] resolve queries> Query Filter: Including C:\Program Files\codeql\qlpacks\codeql\java-queries\1.11.5\Security\CWE\CWE-020\OverlyLargeRange.ql.
[2026-07-14 14:44:10] [SPAMMIER] resolve queries> Query Filter: C:\Program Files\codeql\qlpacks\codeql\java-queries\1.11.5\Security\CWE\CWE-020\UntrustedDataToExternalAPI.ql failed the constraint of precision (was low).
[2026-07-14 14:44:10] [SPAMMY] resolve queries> Query Filter: Including C:\Program Files\codeql\qlpacks\codeql\java-queries\1.11.5\Security\CWE\CWE-022\TaintedPath.ql.
[2026-07-14 14:44:10] [SPAMMY] resolve queries> Query Filter: Including C:\Program Files\codeql\qlpacks\codeql\java-queries\1.11.5\Security\CWE\CWE-022\ZipSlip.ql.
[2026-07-14 14:44:10] [SPAMMIER] resolve queries> Query Filter: C:\Program Files\codeql\qlpacks\codeql\java-queries\1.11.5\Security\CWE\CWE-023\PartialPathTraversal.ql failed the constraint of precision (was medium).
[2026-07-14 14:44:10] [SPAMMY] resolve queries> Query Filter: Including C:\Program Files\codeql\qlpacks\codeql\java-queries\1.11.5\Security\CWE\CWE-023\PartialPathTraversalFromRemote.ql.
[2026-07-14 14:44:10] [SPAMMY] resolve queries> Query Filter: Including C:\Program Files\codeql\qlpacks\codeql\java-queries\1.11.5\Security\CWE\CWE-074\JndiInjection.ql.
[2026-07-14 14:44:10] [SPAMMY] resolve queries> Query Filter: Including C:\Program Files\codeql\qlpacks\codeql\java-queries\1.11.5\Security\CWE\CWE-074\XsltInjection.ql.
[2026-07-14 14:44:10] [SPAMMIER] resolve queries> Query Filter: C:\Program Files\codeql\qlpacks\codeql\java-queries\1.11.5\Security\CWE\CWE-078\ExecRelative.ql failed the constraint of precision (was medium).
[2026-07-14 14:44:10] [SPAMMY] resolve queries> Query Filter: Including C:\Program Files\codeql\qlpacks\codeql\java-queries\1.11.5\Security\CWE\CWE-078\ExecTainted.ql.
[2026-07-14 14:44:10] [SPAMMIER] resolve queries> Query Filter: C:\Program Files\codeql\qlpacks\codeql\java-queries\1.11.5\Security\CWE\CWE-078\ExecTaintedEnvironment.ql failed the constraint of precision (was medium).
[2026-07-14 14:44:10] [SPAMMIER] resolve queries> Query Filter: C:\Program Files\codeql\qlpacks\codeql\java-queries\1.11.5\Security\CWE\CWE-078\ExecUnescaped.ql failed the constraint of precision (was medium).
[2026-07-14 14:44:10] [SPAMMIER] resolve queries> Query Filter: C:\Program Files\codeql\qlpacks\codeql\java-queries\1.11.5\Security\CWE\CWE-079\AndroidWebViewAddJavascriptInterface.ql failed the constraint of precision (was medium).
[2026-07-14 14:44:10] [SPAMMIER] resolve queries> Query Filter: C:\Program Files\codeql\qlpacks\codeql\java-queries\1.11.5\Security\CWE\CWE-079\AndroidWebViewSettingsEnabledJavaScript.ql failed the constraint of precision (was medium).
[2026-07-14 14:44:10] [SPAMMY] resolve queries> Query Filter: Including C:\Program Files\codeql\qlpacks\codeql\java-queries\1.11.5\Security\CWE\CWE-079\XSS.ql.
[2026-07-14 14:44:10] [SPAMMIER] resolve queries> Query Filter: C:\Program Files\codeql\qlpacks\codeql\java-queries\1.11.5\Security\CWE\CWE-089\SqlConcatenated.ql failed the constraint of precision (was medium).
[2026-07-14 14:44:10] [SPAMMY] resolve queries> Query Filter: Including C:\Program Files\codeql\qlpacks\codeql\java-queries\1.11.5\Security\CWE\CWE-089\SqlTainted.ql.
[2026-07-14 14:44:10] [SPAMMY] resolve queries> Query Filter: Including C:\Program Files\codeql\qlpacks\codeql\java-queries\1.11.5\Security\CWE\CWE-090\LdapInjection.ql.
[2026-07-14 14:44:10] [SPAMMIER] resolve queries> Query Filter: C:\Program Files\codeql\qlpacks\codeql\java-queries\1.11.5\Security\CWE\CWE-094\ArbitraryApkInstallation.ql failed the constraint of precision (was medium).
[2026-07-14 14:44:10] [SPAMMY] resolve queries> Query Filter: Including C:\Program Files\codeql\qlpacks\codeql\java-queries\1.11.5\Security\CWE\CWE-094\GroovyInjection.ql.
[2026-07-14 14:44:10] [SPAMMY] resolve queries> Query Filter: Including C:\Program Files\codeql\qlpacks\codeql\java-queries\1.11.5\Security\CWE\CWE-094\InsecureBeanValidation.ql.
[2026-07-14 14:44:10] [SPAMMY] resolve queries> Query Filter: Including C:\Program Files\codeql\qlpacks\codeql\java-queries\1.11.5\Security\CWE\CWE-094\JexlInjection.ql.
[2026-07-14 14:44:10] [SPAMMY] resolve queries> Query Filter: Including C:\Program Files\codeql\qlpacks\codeql\java-queries\1.11.5\Security\CWE\CWE-094\MvelInjection.ql.
[2026-07-14 14:44:10] [SPAMMY] resolve queries> Query Filter: Including C:\Program Files\codeql\qlpacks\codeql\java-queries\1.11.5\Security\CWE\CWE-094\SpelInjection.ql.
[2026-07-14 14:44:10] [SPAMMY] resolve queries> Query Filter: Including C:\Program Files\codeql\qlpacks\codeql\java-queries\1.11.5\Security\CWE\CWE-094\TemplateInjection.ql.
[2026-07-14 14:44:10] [SPAMMY] resolve queries> Query Filter: Including C:\Program Files\codeql\qlpacks\codeql\java-queries\1.11.5\Security\CWE\CWE-1004\SensitiveCookieNotHttpOnly.ql.
[2026-07-14 14:44:10] [SPAMMY] resolve queries> Query Filter: Including C:\Program Files\codeql\qlpacks\codeql\java-queries\1.11.5\Security\CWE\CWE-1104\MavenPomDependsOnBintray.ql.
[2026-07-14 14:44:10] [SPAMMY] resolve queries> Query Filter: Including C:\Program Files\codeql\qlpacks\codeql\java-queries\1.11.5\Security\CWE\CWE-113\NettyResponseSplitting.ql.
[2026-07-14 14:44:10] [SPAMMY] resolve queries> Query Filter: Including C:\Program Files\codeql\qlpacks\codeql\java-queries\1.11.5\Security\CWE\CWE-113\ResponseSplitting.ql.
[2026-07-14 14:44:10] [SPAMMIER] resolve queries> Query Filter: C:\Program Files\codeql\qlpacks\codeql\java-queries\1.11.5\Security\CWE\CWE-117\LogInjection.ql failed the constraint of precision (was medium).
[2026-07-14 14:44:10] [SPAMMY] resolve queries> Query Filter: Including C:\Program Files\codeql\qlpacks\codeql\java-queries\1.11.5\Security\CWE\CWE-1204\StaticInitializationVector.ql.
[2026-07-14 14:44:10] [SPAMMIER] resolve queries> Query Filter: C:\Program Files\codeql\qlpacks\codeql\java-queries\1.11.5\Security\CWE\CWE-129\ImproperValidationOfArrayConstruction.ql failed the constraint of precision (was medium).
[2026-07-14 14:44:10] [SPAMMIER] resolve queries> Query Filter: C:\Program Files\codeql\qlpacks\codeql\java-queries\1.11.5\Security\CWE\CWE-129\ImproperValidationOfArrayConstructionCodeSpecified.ql failed the constraint of precision (was medium).
[2026-07-14 14:44:10] [SPAMMIER] resolve queries> Query Filter: C:\Program Files\codeql\qlpacks\codeql\java-queries\1.11.5\Security\CWE\CWE-129\ImproperValidationOfArrayIndex.ql failed the constraint of precision (was medium).
[2026-07-14 14:44:10] [SPAMMIER] resolve queries> Query Filter: C:\Program Files\codeql\qlpacks\codeql\java-queries\1.11.5\Security\CWE\CWE-129\ImproperValidationOfArrayIndexCodeSpecified.ql failed the constraint of precision (was medium).
[2026-07-14 14:44:10] [SPAMMY] resolve queries> Query Filter: Including C:\Program Files\codeql\qlpacks\codeql\java-queries\1.11.5\Security\CWE\CWE-134\ExternallyControlledFormatString.ql.
[2026-07-14 14:44:10] [SPAMMIER] resolve queries> Query Filter: C:\Program Files\codeql\qlpacks\codeql\java-queries\1.11.5\Security\CWE\CWE-190\ArithmeticTainted.ql failed the constraint of precision (was medium).
[2026-07-14 14:44:10] [SPAMMIER] resolve queries> Query Filter: C:\Program Files\codeql\qlpacks\codeql\java-queries\1.11.5\Security\CWE\CWE-190\ArithmeticUncontrolled.ql failed the constraint of precision (was medium).
[2026-07-14 14:44:10] [SPAMMIER] resolve queries> Query Filter: C:\Program Files\codeql\qlpacks\codeql\java-queries\1.11.5\Security\CWE\CWE-190\ArithmeticWithExtremeValues.ql failed the constraint of precision (was medium).
[2026-07-14 14:44:10] [SPAMMIER] resolve queries> Query Filter: C:\Program Files\codeql\qlpacks\codeql\java-queries\1.11.5\Security\CWE\CWE-190\ComparisonWithWiderType.ql failed the constraint of precision (was medium).
[2026-07-14 14:44:10] [SPAMMIER] resolve queries> Query Filter: C:\Program Files\codeql\qlpacks\codeql\java-queries\1.11.5\Security\CWE\CWE-200\AndroidSensitiveNotifications.ql failed the constraint of precision (was medium).
[2026-07-14 14:44:10] [SPAMMIER] resolve queries> Query Filter: C:\Program Files\codeql\qlpacks\codeql\java-queries\1.11.5\Security\CWE\CWE-200\AndroidSensitiveTextField.ql failed the constraint of precision (was medium).
[2026-07-14 14:44:10] [SPAMMIER] resolve queries> Query Filter: C:\Program Files\codeql\qlpacks\codeql\java-queries\1.11.5\Security\CWE\CWE-200\AndroidWebViewSettingsAllowsContentAccess.ql failed the constraint of precision (was medium).
[2026-07-14 14:44:10] [SPAMMIER] resolve queries> Query Filter: C:\Program Files\codeql\qlpacks\codeql\java-queries\1.11.5\Security\CWE\CWE-200\AndroidWebViewSettingsFileAccess.ql failed the constraint of precision (was medium).
[2026-07-14 14:44:10] [SPAMMY] resolve queries> Query Filter: Including C:\Program Files\codeql\qlpacks\codeql\java-queries\1.11.5\Security\CWE\CWE-200\SpringBootActuators.ql.
[2026-07-14 14:44:10] [SPAMMY] resolve queries> Query Filter: Including C:\Program Files\codeql\qlpacks\codeql\java-queries\1.11.5\Security\CWE\CWE-200\SpringBootActuatorsConfig\SpringBootActuatorsConfig.ql.
[2026-07-14 14:44:10] [SPAMMIER] resolve queries> Query Filter: C:\Program Files\codeql\qlpacks\codeql\java-queries\1.11.5\Security\CWE\CWE-200\TempDirLocalInformationDisclosure.ql failed the constraint of precision (was medium).
[2026-07-14 14:44:10] [SPAMMY] resolve queries> Query Filter: Including C:\Program Files\codeql\qlpacks\codeql\java-queries\1.11.5\Security\CWE\CWE-209\SensitiveDataExposureThroughErrorMessage.ql.
[2026-07-14 14:44:10] [SPAMMY] resolve queries> Query Filter: Including C:\Program Files\codeql\qlpacks\codeql\java-queries\1.11.5\Security\CWE\CWE-209\StackTraceExposure.ql.
[2026-07-14 14:44:10] [SPAMMY] resolve queries> Query Filter: Including C:\Program Files\codeql\qlpacks\codeql\java-queries\1.11.5\Security\CWE\CWE-266\IntentUriPermissionManipulation.ql.
[2026-07-14 14:44:10] [SPAMMIER] resolve queries> Query Filter: C:\Program Files\codeql\qlpacks\codeql\java-queries\1.11.5\Security\CWE\CWE-273\UnsafeCertTrust.ql failed the constraint of precision (was medium).
[2026-07-14 14:44:10] [SPAMMIER] resolve queries> Query Filter: C:\Program Files\codeql\qlpacks\codeql\java-queries\1.11.5\Security\CWE\CWE-287\AndroidInsecureKeys.ql failed the constraint of precision (was medium).
[2026-07-14 14:44:10] [SPAMMY] resolve queries> Query Filter: Including C:\Program Files\codeql\qlpacks\codeql\java-queries\1.11.5\Security\CWE\CWE-287\AndroidInsecureLocalAuthentication.ql.
[2026-07-14 14:44:10] [SPAMMIER] resolve queries> Query Filter: C:\Program Files\codeql\qlpacks\codeql\java-queries\1.11.5\Security\CWE\CWE-295\AndroidMissingCertificatePinning.ql failed the constraint of precision (was medium).
[2026-07-14 14:44:10] [SPAMMY] resolve queries> Query Filter: Including C:\Program Files\codeql\qlpacks\codeql\java-queries\1.11.5\Security\CWE\CWE-295\ImproperWebViewCertificateValidation.ql.
[2026-07-14 14:44:10] [SPAMMY] resolve queries> Query Filter: Including C:\Program Files\codeql\qlpacks\codeql\java-queries\1.11.5\Security\CWE\CWE-295\InsecureTrustManager.ql.
[2026-07-14 14:44:10] [SPAMMIER] resolve queries> Query Filter: C:\Program Files\codeql\qlpacks\codeql\java-queries\1.11.5\Security\CWE\CWE-297\InsecureJavaMail.ql failed the constraint of precision (was medium).
[2026-07-14 14:44:10] [SPAMMY] resolve queries> Query Filter: Including C:\Program Files\codeql\qlpacks\codeql\java-queries\1.11.5\Security\CWE\CWE-297\UnsafeHostnameVerification.ql.
[2026-07-14 14:44:10] [SPAMMY] resolve queries> Query Filter: Including C:\Program Files\codeql\qlpacks\codeql\java-queries\1.11.5\Security\CWE\CWE-312\AllowBackupAttributeEnabled.ql.
[2026-07-14 14:44:10] [SPAMMIER] resolve queries> Query Filter: C:\Program Files\codeql\qlpacks\codeql\java-queries\1.11.5\Security\CWE\CWE-312\CleartextStorageAndroidDatabase.ql failed the constraint of precision (was medium).
[2026-07-14 14:44:10] [SPAMMIER] resolve queries> Query Filter: C:\Program Files\codeql\qlpacks\codeql\java-queries\1.11.5\Security\CWE\CWE-312\CleartextStorageAndroidFilesystem.ql failed the constraint of precision (was medium).
[2026-07-14 14:44:10] [SPAMMIER] resolve queries> Query Filter: C:\Program Files\codeql\qlpacks\codeql\java-queries\1.11.5\Security\CWE\CWE-312\CleartextStorageClass.ql failed the constraint of precision (was medium).
[2026-07-14 14:44:10] [SPAMMY] resolve queries> Query Filter: Including C:\Program Files\codeql\qlpacks\codeql\java-queries\1.11.5\Security\CWE\CWE-312\CleartextStorageCookie.ql.
[2026-07-14 14:44:10] [SPAMMIER] resolve queries> Query Filter: C:\Program Files\codeql\qlpacks\codeql\java-queries\1.11.5\Security\CWE\CWE-312\CleartextStorageProperties.ql failed the constraint of precision (was medium).
[2026-07-14 14:44:10] [SPAMMIER] resolve queries> Query Filter: C:\Program Files\codeql\qlpacks\codeql\java-queries\1.11.5\Security\CWE\CWE-312\CleartextStorageSharedPrefs.ql failed the constraint of precision (was medium).
[2026-07-14 14:44:10] [SPAMMIER] resolve queries> Query Filter: C:\Program Files\codeql\qlpacks\codeql\java-queries\1.11.5\Security\CWE\CWE-319\HttpsUrls.ql failed the constraint of precision (was medium).
[2026-07-14 14:44:10] [SPAMMIER] resolve queries> Query Filter: C:\Program Files\codeql\qlpacks\codeql\java-queries\1.11.5\Security\CWE\CWE-319\UseSSL.ql failed the constraint of precision (was medium).
[2026-07-14 14:44:10] [SPAMMIER] resolve queries> Query Filter: C:\Program Files\codeql\qlpacks\codeql\java-queries\1.11.5\Security\CWE\CWE-319\UseSSLSocketFactories.ql failed the constraint of precision (was medium).
[2026-07-14 14:44:10] [SPAMMY] resolve queries> Query Filter: Including C:\Program Files\codeql\qlpacks\codeql\java-queries\1.11.5\Security\CWE\CWE-326\InsufficientKeySize.ql.
[2026-07-14 14:44:10] [SPAMMY] resolve queries> Query Filter: Including C:\Program Files\codeql\qlpacks\codeql\java-queries\1.11.5\Security\CWE\CWE-327\BrokenCryptoAlgorithm.ql.
[2026-07-14 14:44:10] [SPAMMIER] resolve queries> Query Filter: C:\Program Files\codeql\qlpacks\codeql\java-queries\1.11.5\Security\CWE\CWE-327\MaybeBrokenCryptoAlgorithm.ql failed the constraint of precision (was medium).
[2026-07-14 14:44:10] [SPAMMY] resolve queries> Query Filter: Including C:\Program Files\codeql\qlpacks\codeql\java-queries\1.11.5\Security\CWE\CWE-330\InsecureRandomness.ql.
[2026-07-14 14:44:10] [SPAMMY] resolve queries> Query Filter: Including C:\Program Files\codeql\qlpacks\codeql\java-queries\1.11.5\Security\CWE\CWE-335\PredictableSeed.ql.
[2026-07-14 14:44:10] [SPAMMY] resolve queries> Query Filter: Including C:\Program Files\codeql\qlpacks\codeql\java-queries\1.11.5\Security\CWE\CWE-338\JHipsterGeneratedPRNG.ql.
[2026-07-14 14:44:10] [SPAMMY] resolve queries> Query Filter: Including C:\Program Files\codeql\qlpacks\codeql\java-queries\1.11.5\Security\CWE\CWE-347\MissingJWTSignatureCheck.ql.
[2026-07-14 14:44:10] [SPAMMIER] resolve queries> Query Filter: C:\Program Files\codeql\qlpacks\codeql\java-queries\1.11.5\Security\CWE\CWE-352\CsrfUnprotectedRequestType.ql failed the constraint of precision (was medium).
[2026-07-14 14:44:10] [SPAMMY] resolve queries> Query Filter: Including C:\Program Files\codeql\qlpacks\codeql\java-queries\1.11.5\Security\CWE\CWE-352\SpringCSRFProtection.ql.
[2026-07-14 14:44:10] [SPAMMIER] resolve queries> Query Filter: C:\Program Files\codeql\qlpacks\codeql\java-queries\1.11.5\Security\CWE\CWE-367\TOCTOURace.ql failed the constraint of precision (was medium).
[2026-07-14 14:44:10] [SPAMMIER] resolve queries> Query Filter: C:\Program Files\codeql\qlpacks\codeql\java-queries\1.11.5\Security\CWE\CWE-421\SocketAuthRace.ql failed the constraint of precision (was medium).
[2026-07-14 14:44:10] [SPAMMY] resolve queries> Query Filter: Including C:\Program Files\codeql\qlpacks\codeql\java-queries\1.11.5\Security\CWE\CWE-441\UnsafeContentUriResolution.ql.
[2026-07-14 14:44:10] [SPAMMY] resolve queries> Query Filter: Including C:\Program Files\codeql\qlpacks\codeql\java-queries\1.11.5\Security\CWE\CWE-470\FragmentInjection.ql.
[2026-07-14 14:44:10] [SPAMMY] resolve queries> Query Filter: Including C:\Program Files\codeql\qlpacks\codeql\java-queries\1.11.5\Security\CWE\CWE-470\FragmentInjectionInPreferenceActivity.ql.
[2026-07-14 14:44:10] [SPAMMY] resolve queries> Query Filter: Including C:\Program Files\codeql\qlpacks\codeql\java-queries\1.11.5\Security\CWE\CWE-489\DebuggableAttributeEnabled.ql.
[2026-07-14 14:44:10] [SPAMMY] resolve queries> Query Filter: Including C:\Program Files\codeql\qlpacks\codeql\java-queries\1.11.5\Security\CWE\CWE-489\WebviewDebuggingEnabled.ql.
[2026-07-14 14:44:10] [SPAMMIER] resolve queries> Query Filter: C:\Program Files\codeql\qlpacks\codeql\java-queries\1.11.5\Security\CWE\CWE-501\TrustBoundaryViolation.ql failed the constraint of precision (was medium).
[2026-07-14 14:44:10] [SPAMMY] resolve queries> Query Filter: Including C:\Program Files\codeql\qlpacks\codeql\java-queries\1.11.5\Security\CWE\CWE-502\UnsafeDeserialization.ql.
[2026-07-14 14:44:10] [SPAMMIER] resolve queries> Query Filter: C:\Program Files\codeql\qlpacks\codeql\java-queries\1.11.5\Security\CWE\CWE-522\InsecureBasicAuth.ql failed the constraint of precision (was medium).
[2026-07-14 14:44:10] [SPAMMY] resolve queries> Query Filter: Including C:\Program Files\codeql\qlpacks\codeql\java-queries\1.11.5\Security\CWE\CWE-522\InsecureLdapAuth.ql.
[2026-07-14 14:44:10] [SPAMMIER] resolve queries> Query Filter: C:\Program Files\codeql\qlpacks\codeql\java-queries\1.11.5\Security\CWE\CWE-524\SensitiveKeyboardCache.ql failed the constraint of precision (was medium).
[2026-07-14 14:44:10] [SPAMMIER] resolve queries> Query Filter: C:\Program Files\codeql\qlpacks\codeql\java-queries\1.11.5\Security\CWE\CWE-532\SensitiveInfoLog.ql failed the constraint of precision (was medium).
[2026-07-14 14:44:10] [SPAMMY] resolve queries> Query Filter: Including C:\Program Files\codeql\qlpacks\codeql\java-queries\1.11.5\Security\CWE\CWE-552\UrlForward.ql.
[2026-07-14 14:44:10] [SPAMMY] resolve queries> Query Filter: Including C:\Program Files\codeql\qlpacks\codeql\java-queries\1.11.5\Security\CWE\CWE-601\UrlRedirect.ql.
[2026-07-14 14:44:10] [SPAMMY] resolve queries> Query Filter: Including C:\Program Files\codeql\qlpacks\codeql\java-queries\1.11.5\Security\CWE\CWE-611\XXE.ql.
[2026-07-14 14:44:10] [SPAMMY] resolve queries> Query Filter: Including C:\Program Files\codeql\qlpacks\codeql\java-queries\1.11.5\Security\CWE\CWE-614\InsecureCookie.ql.
[2026-07-14 14:44:10] [SPAMMY] resolve queries> Query Filter: Including C:\Program Files\codeql\qlpacks\codeql\java-queries\1.11.5\Security\CWE\CWE-643\XPathInjection.ql.
[2026-07-14 14:44:10] [SPAMMIER] resolve queries> Query Filter: C:\Program Files\codeql\qlpacks\codeql\java-queries\1.11.5\Security\CWE\CWE-676\PotentiallyDangerousFunction.ql failed the constraint of precision (was medium).
[2026-07-14 14:44:10] [SPAMMY] resolve queries> Query Filter: Including C:\Program Files\codeql\qlpacks\codeql\java-queries\1.11.5\Security\CWE\CWE-681\NumericCastTainted.ql.
[2026-07-14 14:44:10] [SPAMMY] resolve queries> Query Filter: Including C:\Program Files\codeql\qlpacks\codeql\java-queries\1.11.5\Security\CWE\CWE-730\PolynomialReDoS.ql.
[2026-07-14 14:44:10] [SPAMMY] resolve queries> Query Filter: Including C:\Program Files\codeql\qlpacks\codeql\java-queries\1.11.5\Security\CWE\CWE-730\ReDoS.ql.
[2026-07-14 14:44:10] [SPAMMY] resolve queries> Query Filter: Including C:\Program Files\codeql\qlpacks\codeql\java-queries\1.11.5\Security\CWE\CWE-730\RegexInjection.ql.
[2026-07-14 14:44:10] [SPAMMY] resolve queries> Query Filter: Including C:\Program Files\codeql\qlpacks\codeql\java-queries\1.11.5\Security\CWE\CWE-732\ReadingFromWorldWritableFile.ql.
[2026-07-14 14:44:10] [SPAMMIER] resolve queries> Query Filter: C:\Program Files\codeql\qlpacks\codeql\java-queries\1.11.5\Security\CWE\CWE-749\UnsafeAndroidAccess.ql failed the constraint of precision (was medium).
[2026-07-14 14:44:10] [SPAMMY] resolve queries> Query Filter: Including C:\Program Files\codeql\qlpacks\codeql\java-queries\1.11.5\Security\CWE\CWE-780\RsaWithoutOaep.ql.
[2026-07-14 14:44:10] [SPAMMIER] resolve queries> Query Filter: C:\Program Files\codeql\qlpacks\codeql\java-queries\1.11.5\Security\CWE\CWE-798\HardcodedCredentialsApiCall.ql failed the constraint of precision (was low).
[2026-07-14 14:44:10] [SPAMMIER] resolve queries> Query Filter: C:\Program Files\codeql\qlpacks\codeql\java-queries\1.11.5\Security\CWE\CWE-798\HardcodedCredentialsComparison.ql failed the constraint of precision (was low).
[2026-07-14 14:44:10] [SPAMMIER] resolve queries> Query Filter: C:\Program Files\codeql\qlpacks\codeql\java-queries\1.11.5\Security\CWE\CWE-798\HardcodedCredentialsSourceCall.ql failed the constraint of precision (was low).
[2026-07-14 14:44:10] [SPAMMIER] resolve queries> Query Filter: C:\Program Files\codeql\qlpacks\codeql\java-queries\1.11.5\Security\CWE\CWE-798\HardcodedPasswordField.ql failed the constraint of precision (was low).
[2026-07-14 14:44:10] [SPAMMIER] resolve queries> Query Filter: C:\Program Files\codeql\qlpacks\codeql\java-queries\1.11.5\Security\CWE\CWE-807\ConditionalBypass.ql failed the constraint of precision (was medium).
[2026-07-14 14:44:10] [SPAMMY] resolve queries> Query Filter: Including C:\Program Files\codeql\qlpacks\codeql\java-queries\1.11.5\Security\CWE\CWE-807\TaintedPermissionsCheck.ql.
[2026-07-14 14:44:10] [SPAMMY] resolve queries> Query Filter: Including C:\Program Files\codeql\qlpacks\codeql\java-queries\1.11.5\Security\CWE\CWE-829\InsecureDependencyResolution.ql.
[2026-07-14 14:44:10] [SPAMMIER] resolve queries> Query Filter: C:\Program Files\codeql\qlpacks\codeql\java-queries\1.11.5\Security\CWE\CWE-833\LockOrderInconsistency.ql failed the constraint of precision (was medium).
[2026-07-14 14:44:10] [SPAMMIER] resolve queries> Query Filter: C:\Program Files\codeql\qlpacks\codeql\java-queries\1.11.5\Security\CWE\CWE-835\InfiniteLoop.ql failed the constraint of precision (was medium).
[2026-07-14 14:44:10] [SPAMMY] resolve queries> Query Filter: Including C:\Program Files\codeql\qlpacks\codeql\java-queries\1.11.5\Security\CWE\CWE-917\OgnlInjection.ql.
[2026-07-14 14:44:10] [SPAMMY] resolve queries> Query Filter: Including C:\Program Files\codeql\qlpacks\codeql\java-queries\1.11.5\Security\CWE\CWE-918\RequestForgery.ql.
[2026-07-14 14:44:10] [SPAMMY] resolve queries> Query Filter: Including C:\Program Files\codeql\qlpacks\codeql\java-queries\1.11.5\Security\CWE\CWE-925\ImproperIntentVerification.ql.
[2026-07-14 14:44:10] [SPAMMIER] resolve queries> Query Filter: C:\Program Files\codeql\qlpacks\codeql\java-queries\1.11.5\Security\CWE\CWE-926\ContentProviderIncompletePermissions.ql failed the constraint of precision (was medium).
[2026-07-14 14:44:10] [SPAMMY] resolve queries> Query Filter: Including C:\Program Files\codeql\qlpacks\codeql\java-queries\1.11.5\Security\CWE\CWE-926\ImplicitlyExportedAndroidComponent.ql.
[2026-07-14 14:44:10] [SPAMMY] resolve queries> Query Filter: Including C:\Program Files\codeql\qlpacks\codeql\java-queries\1.11.5\Security\CWE\CWE-927\ImplicitPendingIntents.ql.
[2026-07-14 14:44:10] [SPAMMIER] resolve queries> Query Filter: C:\Program Files\codeql\qlpacks\codeql\java-queries\1.11.5\Security\CWE\CWE-927\SensitiveCommunication.ql failed the constraint of precision (was medium).
[2026-07-14 14:44:10] [SPAMMIER] resolve queries> Query Filter: C:\Program Files\codeql\qlpacks\codeql\java-queries\1.11.5\Security\CWE\CWE-927\SensitiveResultReceiver.ql failed the constraint of precision (was medium).
[2026-07-14 14:44:10] [SPAMMY] resolve queries> Query Filter: Including C:\Program Files\codeql\qlpacks\codeql\java-queries\1.11.5\Security\CWE\CWE-940\AndroidIntentRedirection.ql.
[2026-07-14 14:44:10] [SPAMMIER] resolve queries> Query Filter: C:\Program Files\codeql\qlpacks\codeql\java-queries\1.11.5\Telemetry\DatabaseQualityDiagnostics.ql failed the constraint of kind (was diagnostic).
[2026-07-14 14:44:10] [SPAMMIER] resolve queries> Query Filter: C:\Program Files\codeql\qlpacks\codeql\java-queries\1.11.5\Telemetry\ExternalLibraryUsage.ql failed the constraint of kind (was metric).
[2026-07-14 14:44:10] [SPAMMIER] resolve queries> Query Filter: C:\Program Files\codeql\qlpacks\codeql\java-queries\1.11.5\Telemetry\ExtractorInformation.ql failed the constraint of kind (was metric).
[2026-07-14 14:44:10] [SPAMMIER] resolve queries> Query Filter: C:\Program Files\codeql\qlpacks\codeql\java-queries\1.11.5\Telemetry\SupportedExternalApis.ql failed the constraint of kind (was metric).
[2026-07-14 14:44:10] [SPAMMIER] resolve queries> Query Filter: C:\Program Files\codeql\qlpacks\codeql\java-queries\1.11.5\Telemetry\SupportedExternalSinks.ql failed the constraint of kind (was metric).
[2026-07-14 14:44:10] [SPAMMIER] resolve queries> Query Filter: C:\Program Files\codeql\qlpacks\codeql\java-queries\1.11.5\Telemetry\SupportedExternalSources.ql failed the constraint of kind (was metric).
[2026-07-14 14:44:10] [SPAMMIER] resolve queries> Query Filter: C:\Program Files\codeql\qlpacks\codeql\java-queries\1.11.5\Telemetry\SupportedExternalTaint.ql failed the constraint of kind (was metric).
[2026-07-14 14:44:10] [SPAMMIER] resolve queries> Query Filter: C:\Program Files\codeql\qlpacks\codeql\java-queries\1.11.5\Telemetry\UnsupportedExternalAPIs.ql failed the constraint of kind (was metric).
[2026-07-14 14:44:10] [SPAMMIER] resolve queries> Query Filter: C:\Program Files\codeql\qlpacks\codeql\java-queries\1.11.5\utils\modelconverter\ExtractNeutrals.ql failed the constraint of kind (not present).
[2026-07-14 14:44:10] [SPAMMIER] resolve queries> Query Filter: C:\Program Files\codeql\qlpacks\codeql\java-queries\1.11.5\utils\modelconverter\ExtractSinks.ql failed the constraint of kind (not present).
[2026-07-14 14:44:10] [SPAMMIER] resolve queries> Query Filter: C:\Program Files\codeql\qlpacks\codeql\java-queries\1.11.5\utils\modelconverter\ExtractSources.ql failed the constraint of kind (not present).
[2026-07-14 14:44:10] [SPAMMIER] resolve queries> Query Filter: C:\Program Files\codeql\qlpacks\codeql\java-queries\1.11.5\utils\modelconverter\ExtractSummaries.ql failed the constraint of kind (not present).
[2026-07-14 14:44:10] [SPAMMIER] resolve queries> Query Filter: C:\Program Files\codeql\qlpacks\codeql\java-queries\1.11.5\utils\modeleditor\ApplicationModeEndpoints.ql failed the constraint of kind (was table).
[2026-07-14 14:44:10] [SPAMMIER] resolve queries> Query Filter: C:\Program Files\codeql\qlpacks\codeql\java-queries\1.11.5\utils\modeleditor\FrameworkModeEndpoints.ql failed the constraint of kind (was table).
[2026-07-14 14:44:10] [SPAMMIER] resolve queries> Query Filter: C:\Program Files\codeql\qlpacks\codeql\java-queries\1.11.5\utils\modelgenerator\CaptureContentSummaryModels.ql failed the constraint of kind (was diagnostic).
[2026-07-14 14:44:10] [SPAMMIER] resolve queries> Query Filter: C:\Program Files\codeql\qlpacks\codeql\java-queries\1.11.5\utils\modelgenerator\CaptureNeutralModels.ql failed the constraint of kind (was diagnostic).
[2026-07-14 14:44:10] [SPAMMIER] resolve queries> Query Filter: C:\Program Files\codeql\qlpacks\codeql\java-queries\1.11.5\utils\modelgenerator\CaptureSinkModels.ql failed the constraint of kind (was diagnostic).
[2026-07-14 14:44:10] [SPAMMIER] resolve queries> Query Filter: C:\Program Files\codeql\qlpacks\codeql\java-queries\1.11.5\utils\modelgenerator\CaptureSourceModels.ql failed the constraint of kind (was diagnostic).
[2026-07-14 14:44:10] [SPAMMIER] resolve queries> Query Filter: C:\Program Files\codeql\qlpacks\codeql\java-queries\1.11.5\utils\modelgenerator\CaptureSummaryModels.ql failed the constraint of kind (was diagnostic).
[2026-07-14 14:44:10] [SPAMMIER] resolve queries> Query Filter: C:\Program Files\codeql\qlpacks\codeql\java-queries\1.11.5\utils\modelgenerator\CaptureTypeBasedSummaryModels.ql failed the constraint of kind (was diagnostic).
[2026-07-14 14:44:10] [SPAMMIER] resolve queries> Query Filter: C:\Program Files\codeql\qlpacks\codeql\java-queries\1.11.5\utils\modelgenerator\debug\CaptureSummaryModelsPartialPath.ql failed the constraint of precision (was low).
[2026-07-14 14:44:10] [SPAMMIER] resolve queries> Query Filter: C:\Program Files\codeql\qlpacks\codeql\java-queries\1.11.5\utils\modelgenerator\debug\CaptureSummaryModelsPath.ql failed the constraint of precision (was low).
[2026-07-14 14:44:10] [SPAMMIER] resolve queries> Query Filter: C:\Program Files\codeql\qlpacks\codeql\java-queries\1.11.5\utils\stub-generator\MinimalStubsFromSource.ql failed the constraint of kind (not present).
[2026-07-14 14:44:10] [SPAMMIER] resolve queries> Query Filter: C:\Program Files\codeql\qlpacks\codeql\java-queries\1.11.5\Violations of Best Practice\Boolean Logic\SimplifyBoolExpr.ql failed the constraint of precision (was low).
[2026-07-14 14:44:10] [SPAMMIER] resolve queries> Query Filter: C:\Program Files\codeql\qlpacks\codeql\java-queries\1.11.5\Violations of Best Practice\Boxed Types\BoxedVariable.ql failed 'tags contain` constraint [quality, maintainability, readability, types]
[2026-07-14 14:44:10] [SPAMMIER] resolve queries> Query Filter: C:\Program Files\codeql\qlpacks\codeql\java-queries\1.11.5\Violations of Best Practice\Comments\CommentedCode.ql failed the constraint of precision (was low).
[2026-07-14 14:44:10] [SPAMMIER] resolve queries> Query Filter: C:\Program Files\codeql\qlpacks\codeql\java-queries\1.11.5\Violations of Best Practice\Comments\TodoComments.ql failed the constraint of precision (was low).
[2026-07-14 14:44:10] [SPAMMIER] resolve queries> Query Filter: C:\Program Files\codeql\qlpacks\codeql\java-queries\1.11.5\Violations of Best Practice\Dead Code\AssignmentInReturn.ql failed the constraint of precision (was low).
[2026-07-14 14:44:10] [SPAMMIER] resolve queries> Query Filter: C:\Program Files\codeql\qlpacks\codeql\java-queries\1.11.5\Violations of Best Practice\Dead Code\CreatesEmptyZip.ql failed the constraint of precision (was medium).
[2026-07-14 14:44:10] [SPAMMIER] resolve queries> Query Filter: C:\Program Files\codeql\qlpacks\codeql\java-queries\1.11.5\Violations of Best Practice\Dead Code\DeadRefTypes.ql failed 'tags contain` constraint [quality, maintainability, useless-code, external/cwe/cwe-561]
[2026-07-14 14:44:10] [SPAMMIER] resolve queries> Query Filter: C:\Program Files\codeql\qlpacks\codeql\java-queries\1.11.5\Violations of Best Practice\Dead Code\DeadStoreOfLocal.ql failed the constraint of precision (was low).
[2026-07-14 14:44:10] [SPAMMIER] resolve queries> Query Filter: C:\Program Files\codeql\qlpacks\codeql\java-queries\1.11.5\Violations of Best Practice\Dead Code\DeadStoreOfLocalUnread.ql failed the constraint of precision (was low).
[2026-07-14 14:44:10] [SPAMMIER] resolve queries> Query Filter: C:\Program Files\codeql\qlpacks\codeql\java-queries\1.11.5\Violations of Best Practice\Dead Code\EmptyFinalize.ql failed the constraint of precision (was low).
[2026-07-14 14:44:10] [SPAMMIER] resolve queries> Query Filter: C:\Program Files\codeql\qlpacks\codeql\java-queries\1.11.5\Violations of Best Practice\Dead Code\FinalizerNullsFields.ql failed the constraint of precision (was low).
[2026-07-14 14:44:10] [SPAMMIER] resolve queries> Query Filter: C:\Program Files\codeql\qlpacks\codeql\java-queries\1.11.5\Violations of Best Practice\Dead Code\InterfaceCannotBeImplemented.ql failed 'tags contain` constraint [quality, maintainability, useless-code]
[2026-07-14 14:44:10] [SPAMMIER] resolve queries> Query Filter: C:\Program Files\codeql\qlpacks\codeql\java-queries\1.11.5\Violations of Best Practice\Dead Code\LocalInitialisedButNotUsed.ql failed the constraint of precision (was low).
[2026-07-14 14:44:10] [SPAMMIER] resolve queries> Query Filter: C:\Program Files\codeql\qlpacks\codeql\java-queries\1.11.5\Violations of Best Practice\Dead Code\LocalNotRead.ql failed the constraint of precision (was low).
[2026-07-14 14:44:10] [SPAMMIER] resolve queries> Query Filter: C:\Program Files\codeql\qlpacks\codeql\java-queries\1.11.5\Violations of Best Practice\Dead Code\NonAssignedFields.ql failed the constraint of precision (was low).
[2026-07-14 14:44:10] [SPAMMIER] resolve queries> Query Filter: C:\Program Files\codeql\qlpacks\codeql\java-queries\1.11.5\Violations of Best Practice\Dead Code\PointlessForwardingMethod.ql failed the constraint of precision (was low).
[2026-07-14 14:44:10] [SPAMMIER] resolve queries> Query Filter: C:\Program Files\codeql\qlpacks\codeql\java-queries\1.11.5\Violations of Best Practice\Dead Code\UnreadLocal.ql failed 'tags contain` constraint [quality, maintainability, useless-code, external/cwe/cwe-561]
[2026-07-14 14:44:10] [SPAMMIER] resolve queries> Query Filter: C:\Program Files\codeql\qlpacks\codeql\java-queries\1.11.5\Violations of Best Practice\Dead Code\UnusedField.ql failed the constraint of precision (was low).
[2026-07-14 14:44:10] [SPAMMIER] resolve queries> Query Filter: C:\Program Files\codeql\qlpacks\codeql\java-queries\1.11.5\Violations of Best Practice\Dead Code\UnusedLabel.ql failed 'tags contain` constraint [quality, maintainability, useless-code, external/cwe/cwe-561]
[2026-07-14 14:44:10] [SPAMMIER] resolve queries> Query Filter: C:\Program Files\codeql\qlpacks\codeql\java-queries\1.11.5\Violations of Best Practice\Dead Code\UnusedLocal.ql failed the constraint of precision (was low).
[2026-07-14 14:44:10] [SPAMMIER] resolve queries> Query Filter: C:\Program Files\codeql\qlpacks\codeql\java-queries\1.11.5\Violations of Best Practice\Declarations\BreakInSwitchCase.ql failed the constraint of precision (was low).
[2026-07-14 14:44:10] [SPAMMIER] resolve queries> Query Filter: C:\Program Files\codeql\qlpacks\codeql\java-queries\1.11.5\Violations of Best Practice\Declarations\MakeImportsExplicit.ql failed the constraint of precision (was low).
[2026-07-14 14:44:10] [SPAMMIER] resolve queries> Query Filter: C:\Program Files\codeql\qlpacks\codeql\java-queries\1.11.5\Violations of Best Practice\Declarations\NoConstantsOnly.ql failed 'tags contain` constraint [quality, maintainability, readability, modularity]
[2026-07-14 14:44:10] [SPAMMIER] resolve queries> Query Filter: C:\Program Files\codeql\qlpacks\codeql\java-queries\1.11.5\Violations of Best Practice\Exception Handling\DroppedExceptions.ql failed the constraint of precision (was low).
[2026-07-14 14:44:10] [SPAMMIER] resolve queries> Query Filter: C:\Program Files\codeql\qlpacks\codeql\java-queries\1.11.5\Violations of Best Practice\Exception Handling\ExceptionCatch.ql failed the constraint of precision (was low).
[2026-07-14 14:44:10] [SPAMMIER] resolve queries> Query Filter: C:\Program Files\codeql\qlpacks\codeql\java-queries\1.11.5\Violations of Best Practice\Exception Handling\IgnoreExceptionalReturn.ql failed 'tags contain` constraint [quality, reliability, error-handling, external/cwe/cwe-391]
[2026-07-14 14:44:10] [SPAMMIER] resolve queries> Query Filter: C:\Program Files\codeql\qlpacks\codeql\java-queries\1.11.5\Violations of Best Practice\Exception Handling\NumberFormatException.ql failed 'tags contain` constraint [quality, reliability, error-handling, external/cwe/cwe-248]
[2026-07-14 14:44:10] [SPAMMIER] resolve queries> Query Filter: C:\Program Files\codeql\qlpacks\codeql\java-queries\1.11.5\Violations of Best Practice\Implementation Hiding\AbstractToConcreteCollection.ql failed 'tags contain` constraint [quality, maintainability, complexity, modularity, external/cwe/cwe-485]
[2026-07-14 14:44:10] [SPAMMIER] resolve queries> Query Filter: C:\Program Files\codeql\qlpacks\codeql\java-queries\1.11.5\Violations of Best Practice\Implementation Hiding\ExposeRepresentation.ql failed 'tags contain` constraint [quality, reliability, correctness, modularity, external/cwe/cwe-485]
[2026-07-14 14:44:10] [SPAMMIER] resolve queries> Query Filter: C:\Program Files\codeql\qlpacks\codeql\java-queries\1.11.5\Violations of Best Practice\Implementation Hiding\GetClassGetResource.ql failed the constraint of precision (was medium).
[2026-07-14 14:44:10] [SPAMMIER] resolve queries> Query Filter: C:\Program Files\codeql\qlpacks\codeql\java-queries\1.11.5\Violations of Best Practice\Implementation Hiding\StaticArray.ql failed the constraint of precision (was low).
[2026-07-14 14:44:10] [SPAMMIER] resolve queries> Query Filter: C:\Program Files\codeql\qlpacks\codeql\java-queries\1.11.5\Violations of Best Practice\Implementation Hiding\VisibleForTestingAbuse.ql failed 'tags contain` constraint [quality, maintainability, readability]
[2026-07-14 14:44:10] [SPAMMIER] resolve queries> Query Filter: C:\Program Files\codeql\qlpacks\codeql\java-queries\1.11.5\Violations of Best Practice\legacy\AutoBoxing.ql failed the constraint of precision (was low).
[2026-07-14 14:44:10] [SPAMMIER] resolve queries> Query Filter: C:\Program Files\codeql\qlpacks\codeql\java-queries\1.11.5\Violations of Best Practice\legacy\FinallyMayNotComplete.ql failed the constraint of precision (was low).
[2026-07-14 14:44:10] [SPAMMIER] resolve queries> Query Filter: C:\Program Files\codeql\qlpacks\codeql\java-queries\1.11.5\Violations of Best Practice\legacy\InexactVarArg.ql failed the constraint of precision (was low).
[2026-07-14 14:44:10] [SPAMMIER] resolve queries> Query Filter: C:\Program Files\codeql\qlpacks\codeql\java-queries\1.11.5\Violations of Best Practice\legacy\ParameterAssignment.ql failed the constraint of precision (was low).
[2026-07-14 14:44:10] [SPAMMIER] resolve queries> Query Filter: C:\Program Files\codeql\qlpacks\codeql\java-queries\1.11.5\Violations of Best Practice\legacy\UnnecessaryCast.ql failed the constraint of precision (was low).
[2026-07-14 14:44:10] [SPAMMIER] resolve queries> Query Filter: C:\Program Files\codeql\qlpacks\codeql\java-queries\1.11.5\Violations of Best Practice\legacy\UnnecessaryImport.ql failed the constraint of precision (was low).
[2026-07-14 14:44:10] [SPAMMIER] resolve queries> Query Filter: C:\Program Files\codeql\qlpacks\codeql\java-queries\1.11.5\Violations of Best Practice\Magic Constants\MagicConstantsNumbers.ql failed the constraint of precision (was low).
[2026-07-14 14:44:10] [SPAMMIER] resolve queries> Query Filter: C:\Program Files\codeql\qlpacks\codeql\java-queries\1.11.5\Violations of Best Practice\Magic Constants\MagicConstantsString.ql failed the constraint of precision (was low).
[2026-07-14 14:44:10] [SPAMMIER] resolve queries> Query Filter: C:\Program Files\codeql\qlpacks\codeql\java-queries\1.11.5\Violations of Best Practice\Magic Constants\MagicNumbersUseConstant.ql failed the constraint of precision (was low).
[2026-07-14 14:44:10] [SPAMMIER] resolve queries> Query Filter: C:\Program Files\codeql\qlpacks\codeql\java-queries\1.11.5\Violations of Best Practice\Magic Constants\MagicStringsUseConstant.ql failed the constraint of precision (was low).
[2026-07-14 14:44:10] [SPAMMIER] resolve queries> Query Filter: C:\Program Files\codeql\qlpacks\codeql\java-queries\1.11.5\Violations of Best Practice\Naming Conventions\AmbiguousOuterSuper.ql failed 'tags contain` constraint [quality, maintainability, readability]
[2026-07-14 14:44:10] [SPAMMIER] resolve queries> Query Filter: C:\Program Files\codeql\qlpacks\codeql\java-queries\1.11.5\Violations of Best Practice\Naming Conventions\ConfusingMethodNames.ql failed 'tags contain` constraint [quality, maintainability, readability, naming]
[2026-07-14 14:44:10] [SPAMMIER] resolve queries> Query Filter: C:\Program Files\codeql\qlpacks\codeql\java-queries\1.11.5\Violations of Best Practice\Naming Conventions\ConfusingOverloading.ql failed 'tags contain` constraint [quality, maintainability, readability, naming]
[2026-07-14 14:44:10] [SPAMMIER] resolve queries> Query Filter: C:\Program Files\codeql\qlpacks\codeql\java-queries\1.11.5\Violations of Best Practice\Naming Conventions\ConfusingOverridesNames.ql failed the constraint of precision (was low).
[2026-07-14 14:44:10] [SPAMMIER] resolve queries> Query Filter: C:\Program Files\codeql\qlpacks\codeql\java-queries\1.11.5\Violations of Best Practice\Naming Conventions\FieldMasksSuperField.ql failed the constraint of precision (was medium).
[2026-07-14 14:44:10] [SPAMMIER] resolve queries> Query Filter: C:\Program Files\codeql\qlpacks\codeql\java-queries\1.11.5\Violations of Best Practice\Naming Conventions\LocalShadowsField.ql failed the constraint of precision (was low).
[2026-07-14 14:44:10] [SPAMMIER] resolve queries> Query Filter: C:\Program Files\codeql\qlpacks\codeql\java-queries\1.11.5\Violations of Best Practice\Naming Conventions\LocalShadowsFieldConfusing.ql failed 'tags contain` constraint [quality, maintainability, readability]
[2026-07-14 14:44:10] [SPAMMIER] resolve queries> Query Filter: C:\Program Files\codeql\qlpacks\codeql\java-queries\1.11.5\Violations of Best Practice\Naming Conventions\SameNameAsSuper.ql failed 'tags contain` constraint [quality, maintainability, readability, naming]
[2026-07-14 14:44:10] [SPAMMIER] resolve queries> Query Filter: C:\Program Files\codeql\qlpacks\codeql\java-queries\1.11.5\Violations of Best Practice\Records\IgnoredSerializationMembersOfRecordClass.ql failed 'tags contain` constraint [quality, reliability, correctness]
[2026-07-14 14:44:10] [SPAMMIER] resolve queries> Query Filter: C:\Program Files\codeql\qlpacks\codeql\java-queries\1.11.5\Violations of Best Practice\SpecialCharactersInLiterals\NonExplicitControlAndWhitespaceCharsInLiterals.ql failed 'tags contain` constraint [quality, correctness, maintainability, readability]
[2026-07-14 14:44:10] [SPAMMIER] resolve queries> Query Filter: C:\Program Files\codeql\qlpacks\codeql\java-queries\1.11.5\Violations of Best Practice\Testing\ExcessivePublicMethodMocking.ql failed 'tags contain` constraint [quality, maintainability, readability]
[2026-07-14 14:44:10] [SPAMMIER] resolve queries> Query Filter: C:\Program Files\codeql\qlpacks\codeql\java-queries\1.11.5\Violations of Best Practice\Undesirable Calls\CallsToRunFinalizersOnExit.ql failed the constraint of precision (was medium).
[2026-07-14 14:44:10] [SPAMMIER] resolve queries> Query Filter: C:\Program Files\codeql\qlpacks\codeql\java-queries\1.11.5\Violations of Best Practice\Undesirable Calls\CallsToStringToString.ql failed 'tags contain` constraint [quality, maintainability, useless-code]
[2026-07-14 14:44:10] [SPAMMIER] resolve queries> Query Filter: C:\Program Files\codeql\qlpacks\codeql\java-queries\1.11.5\Violations of Best Practice\Undesirable Calls\CallsToSystemExit.ql failed the constraint of precision (was medium).
[2026-07-14 14:44:10] [SPAMMIER] resolve queries> Query Filter: C:\Program Files\codeql\qlpacks\codeql\java-queries\1.11.5\Violations of Best Practice\Undesirable Calls\DefaultToString.ql failed 'tags contain` constraint [quality, reliability, correctness]
[2026-07-14 14:44:10] [SPAMMIER] resolve queries> Query Filter: C:\Program Files\codeql\qlpacks\codeql\java-queries\1.11.5\Violations of Best Practice\Undesirable Calls\DoNotCallFinalize.ql failed 'tags contain` constraint [quality, reliability, correctness, performance, external/cwe/cwe-586]
[2026-07-14 14:44:10] [SPAMMIER] resolve queries> Query Filter: C:\Program Files\codeql\qlpacks\codeql\java-queries\1.11.5\Violations of Best Practice\Undesirable Calls\GarbageCollection.ql failed the constraint of precision (was low).
[2026-07-14 14:44:10] [SPAMMIER] resolve queries> Query Filter: C:\Program Files\codeql\qlpacks\codeql\java-queries\1.11.5\Violations of Best Practice\Undesirable Calls\NextFromIterator.ql failed the constraint of precision (was medium).
[2026-07-14 14:44:10] [SPAMMIER] resolve queries> Query Filter: C:\Program Files\codeql\qlpacks\codeql\java-queries\1.11.5\Violations of Best Practice\Undesirable Calls\PrintLnArray.ql failed 'tags contain` constraint [quality, reliability, correctness]
[2026-07-14 14:44:10] [SPAMMIER] resolve queries> Resolution instruction: include.
[2026-07-14 14:44:10] [SPAMMY] resolve queries> Query Filter: Including by constraints kind=problem|path-problem; precision=medium; problem.severity=error|warning; tags contain=security.
[2026-07-14 14:44:10] [SPAMMIER] resolve queries> Query Filter: C:\Program Files\codeql\qlpacks\codeql\java-queries\1.11.5\Advisory\Declarations\MissingOverrideAnnotation.ql failed the constraint of precision (was high).
[2026-07-14 14:44:10] [SPAMMIER] resolve queries> Query Filter: C:\Program Files\codeql\qlpacks\codeql\java-queries\1.11.5\Advisory\Declarations\NonFinalImmutableField.ql failed the constraint of problem.severity (was recommendation).
[2026-07-14 14:44:10] [SPAMMIER] resolve queries> Query Filter: C:\Program Files\codeql\qlpacks\codeql\java-queries\1.11.5\Advisory\Declarations\NonPrivateField.ql failed the constraint of problem.severity (was recommendation).
[2026-07-14 14:44:10] [SPAMMIER] resolve queries> Query Filter: C:\Program Files\codeql\qlpacks\codeql\java-queries\1.11.5\Advisory\Deprecated Code\AvoidDeprecatedCallableAccess.ql failed the constraint of precision (was high).
[2026-07-14 14:44:10] [SPAMMIER] resolve queries> Query Filter: C:\Program Files\codeql\qlpacks\codeql\java-queries\1.11.5\Advisory\Documentation\ImpossibleJavadocThrows.ql failed the constraint of precision (was high).
[2026-07-14 14:44:10] [SPAMMIER] resolve queries> Query Filter: C:\Program Files\codeql\qlpacks\codeql\java-queries\1.11.5\Advisory\Documentation\MissingJavadocMethods.ql failed the constraint of problem.severity (was recommendation).
[2026-07-14 14:44:10] [SPAMMIER] resolve queries> Query Filter: C:\Program Files\codeql\qlpacks\codeql\java-queries\1.11.5\Advisory\Documentation\MissingJavadocParameters.ql failed the constraint of problem.severity (was recommendation).
[2026-07-14 14:44:10] [SPAMMIER] resolve queries> Query Filter: C:\Program Files\codeql\qlpacks\codeql\java-queries\1.11.5\Advisory\Documentation\MissingJavadocReturnValues.ql failed the constraint of problem.severity (was recommendation).
[2026-07-14 14:44:10] [SPAMMIER] resolve queries> Query Filter: C:\Program Files\codeql\qlpacks\codeql\java-queries\1.11.5\Advisory\Documentation\MissingJavadocThrows.ql failed the constraint of problem.severity (was recommendation).
[2026-07-14 14:44:10] [SPAMMIER] resolve queries> Query Filter: C:\Program Files\codeql\qlpacks\codeql\java-queries\1.11.5\Advisory\Documentation\MissingJavadocTypes.ql failed the constraint of problem.severity (was recommendation).
[2026-07-14 14:44:10] [SPAMMIER] resolve queries> Query Filter: C:\Program Files\codeql\qlpacks\codeql\java-queries\1.11.5\Advisory\Documentation\SpuriousJavadocParam.ql failed the constraint of precision (was very-high).
[2026-07-14 14:44:10] [SPAMMIER] resolve queries> Query Filter: C:\Program Files\codeql\qlpacks\codeql\java-queries\1.11.5\Advisory\Java Objects\AvoidCloneableInterface.ql failed the constraint of problem.severity (was recommendation).
[2026-07-14 14:44:10] [SPAMMIER] resolve queries> Query Filter: C:\Program Files\codeql\qlpacks\codeql\java-queries\1.11.5\Advisory\Java Objects\AvoidCloneMethodAccess.ql failed the constraint of problem.severity (was recommendation).
[2026-07-14 14:44:10] [SPAMMIER] resolve queries> Query Filter: C:\Program Files\codeql\qlpacks\codeql\java-queries\1.11.5\Advisory\Java Objects\AvoidCloneOverride.ql failed the constraint of problem.severity (was recommendation).
[2026-07-14 14:44:10] [SPAMMIER] resolve queries> Query Filter: C:\Program Files\codeql\qlpacks\codeql\java-queries\1.11.5\Advisory\Java Objects\AvoidFinalizeOverride.ql failed the constraint of problem.severity (was recommendation).
[2026-07-14 14:44:10] [SPAMMIER] resolve queries> Query Filter: C:\Program Files\codeql\qlpacks\codeql\java-queries\1.11.5\Advisory\Naming\NamingConventionsConstants.ql failed the constraint of problem.severity (was recommendation).
[2026-07-14 14:44:10] [SPAMMIER] resolve queries> Query Filter: C:\Program Files\codeql\qlpacks\codeql\java-queries\1.11.5\Advisory\Naming\NamingConventionsMethods.ql failed the constraint of problem.severity (was recommendation).
[2026-07-14 14:44:10] [SPAMMIER] resolve queries> Query Filter: C:\Program Files\codeql\qlpacks\codeql\java-queries\1.11.5\Advisory\Naming\NamingConventionsPackages.ql failed the constraint of problem.severity (was recommendation).
[2026-07-14 14:44:10] [SPAMMIER] resolve queries> Query Filter: C:\Program Files\codeql\qlpacks\codeql\java-queries\1.11.5\Advisory\Naming\NamingConventionsRefTypes.ql failed the constraint of problem.severity (was recommendation).
[2026-07-14 14:44:10] [SPAMMIER] resolve queries> Query Filter: C:\Program Files\codeql\qlpacks\codeql\java-queries\1.11.5\Advisory\Naming\NamingConventionsVariables.ql failed the constraint of problem.severity (was recommendation).
[2026-07-14 14:44:10] [SPAMMIER] resolve queries> Query Filter: C:\Program Files\codeql\qlpacks\codeql\java-queries\1.11.5\Advisory\Statements\MissingDefaultInSwitch.ql failed the constraint of problem.severity (was recommendation).
[2026-07-14 14:44:10] [SPAMMIER] resolve queries> Query Filter: C:\Program Files\codeql\qlpacks\codeql\java-queries\1.11.5\Advisory\Statements\OneStatementPerLine.ql failed the constraint of problem.severity (was recommendation).
[2026-07-14 14:44:10] [SPAMMIER] resolve queries> Query Filter: C:\Program Files\codeql\qlpacks\codeql\java-queries\1.11.5\Advisory\Statements\TerminateIfElseIfWithElse.ql failed the constraint of problem.severity (was recommendation).
[2026-07-14 14:44:10] [SPAMMIER] resolve queries> Query Filter: C:\Program Files\codeql\qlpacks\codeql\java-queries\1.11.5\Advisory\Types\GenericsConstructor.ql failed the constraint of problem.severity (was recommendation).
[2026-07-14 14:44:10] [SPAMMIER] resolve queries> Query Filter: C:\Program Files\codeql\qlpacks\codeql\java-queries\1.11.5\Advisory\Types\GenericsReturnType.ql failed the constraint of problem.severity (was recommendation).
[2026-07-14 14:44:10] [SPAMMIER] resolve queries> Query Filter: C:\Program Files\codeql\qlpacks\codeql\java-queries\1.11.5\Advisory\Types\GenericsVariable.ql failed the constraint of problem.severity (was recommendation).
[2026-07-14 14:44:10] [SPAMMIER] resolve queries> Query Filter: C:\Program Files\codeql\qlpacks\codeql\java-queries\1.11.5\AlertSuppression.ql failed the constraint of kind (was alert-suppression).
[2026-07-14 14:44:10] [SPAMMIER] resolve queries> Query Filter: C:\Program Files\codeql\qlpacks\codeql\java-queries\1.11.5\AlertSuppressionAnnotations.ql failed the constraint of kind (was alert-suppression).
[2026-07-14 14:44:10] [SPAMMIER] resolve queries> Query Filter: C:\Program Files\codeql\qlpacks\codeql\java-queries\1.11.5\Architecture\Dependencies\MutualDependency.ql failed the constraint of precision (was low).
[2026-07-14 14:44:10] [SPAMMIER] resolve queries> Query Filter: C:\Program Files\codeql\qlpacks\codeql\java-queries\1.11.5\Architecture\Dependencies\UnusedMavenDependencyBinary.ql failed the constraint of precision (was low).
[2026-07-14 14:44:10] [SPAMMIER] resolve queries> Query Filter: C:\Program Files\codeql\qlpacks\codeql\java-queries\1.11.5\Architecture\Dependencies\UnusedMavenDependencySource.ql failed the constraint of precision (was low).
[2026-07-14 14:44:10] [SPAMMIER] resolve queries> Query Filter: C:\Program Files\codeql\qlpacks\codeql\java-queries\1.11.5\Architecture\Refactoring Opportunities\DeeplyNestedClass.ql failed the constraint of precision (was low).
[2026-07-14 14:44:10] [SPAMMIER] resolve queries> Query Filter: C:\Program Files\codeql\qlpacks\codeql\java-queries\1.11.5\Architecture\Refactoring Opportunities\FeatureEnvy.ql failed the constraint of precision (was low).
[2026-07-14 14:44:10] [SPAMMIER] resolve queries> Query Filter: C:\Program Files\codeql\qlpacks\codeql\java-queries\1.11.5\Architecture\Refactoring Opportunities\HubClasses.ql failed the constraint of precision (was low).
[2026-07-14 14:44:10] [SPAMMIER] resolve queries> Query Filter: C:\Program Files\codeql\qlpacks\codeql\java-queries\1.11.5\Architecture\Refactoring Opportunities\InappropriateIntimacy.ql failed the constraint of precision (was low).
[2026-07-14 14:44:10] [SPAMMIER] resolve queries> Query Filter: C:\Program Files\codeql\qlpacks\codeql\java-queries\1.11.5\Compatibility\JDK9\JdkInternalAccess.ql failed the constraint of precision (was high).
[2026-07-14 14:44:10] [SPAMMIER] resolve queries> Query Filter: C:\Program Files\codeql\qlpacks\codeql\java-queries\1.11.5\Compatibility\JDK9\UnderscoreIdentifier.ql failed the constraint of precision (was high).
[2026-07-14 14:44:10] [SPAMMIER] resolve queries> Query Filter: C:\Program Files\codeql\qlpacks\codeql\java-queries\1.11.5\Complexity\BlockWithTooManyStatements.ql failed the constraint of precision (was low).
[2026-07-14 14:44:10] [SPAMMIER] resolve queries> Query Filter: C:\Program Files\codeql\qlpacks\codeql\java-queries\1.11.5\Complexity\ComplexCondition.ql failed the constraint of precision (was low).
[2026-07-14 14:44:10] [SPAMMIER] resolve queries> Query Filter: C:\Program Files\codeql\qlpacks\codeql\java-queries\1.11.5\DeadCode\DeadClass.ql failed the constraint of problem.severity (was recommendation).
[2026-07-14 14:44:10] [SPAMMIER] resolve queries> Query Filter: C:\Program Files\codeql\qlpacks\codeql\java-queries\1.11.5\DeadCode\DeadEnumConstant.ql failed the constraint of problem.severity (was recommendation).
[2026-07-14 14:44:10] [SPAMMIER] resolve queries> Query Filter: C:\Program Files\codeql\qlpacks\codeql\java-queries\1.11.5\DeadCode\DeadField.ql failed the constraint of problem.severity (was recommendation).
[2026-07-14 14:44:10] [SPAMMIER] resolve queries> Query Filter: C:\Program Files\codeql\qlpacks\codeql\java-queries\1.11.5\DeadCode\DeadMethod.ql failed the constraint of problem.severity (was recommendation).
[2026-07-14 14:44:10] [SPAMMIER] resolve queries> Query Filter: C:\Program Files\codeql\qlpacks\codeql\java-queries\1.11.5\DeadCode\FLinesOfDeadCode.ql failed the constraint of kind (was treemap).
[2026-07-14 14:44:10] [SPAMMIER] resolve queries> Query Filter: C:\Program Files\codeql\qlpacks\codeql\java-queries\1.11.5\DeadCode\UselessParameter.ql failed the constraint of precision (was high).
[2026-07-14 14:44:10] [SPAMMIER] resolve queries> Query Filter: C:\Program Files\codeql\qlpacks\codeql\java-queries\1.11.5\definitions.ql failed the constraint of kind (was definitions).
[2026-07-14 14:44:10] [SPAMMIER] resolve queries> Query Filter: C:\Program Files\codeql\qlpacks\codeql\java-queries\1.11.5\Diagnostics\ExtractionErrors.ql failed the constraint of kind (was diagnostic).
[2026-07-14 14:44:10] [SPAMMIER] resolve queries> Query Filter: C:\Program Files\codeql\qlpacks\codeql\java-queries\1.11.5\Diagnostics\ExtractionWarnings.ql failed the constraint of kind (was diagnostic).
[2026-07-14 14:44:10] [SPAMMIER] resolve queries> Query Filter: C:\Program Files\codeql\qlpacks\codeql\java-queries\1.11.5\Diagnostics\SuccessfullyExtractedFiles.ql failed the constraint of kind (was diagnostic).
[2026-07-14 14:44:10] [SPAMMIER] resolve queries> Query Filter: C:\Program Files\codeql\qlpacks\codeql\java-queries\1.11.5\experimental\quantum\Examples\BadMacOrderDecryptThenMac.ql failed the constraint of precision (not present).
[2026-07-14 14:44:10] [SPAMMIER] resolve queries> Query Filter: C:\Program Files\codeql\qlpacks\codeql\java-queries\1.11.5\experimental\quantum\Examples\BadMacOrderDecryptToMac.ql failed the constraint of precision (not present).
[2026-07-14 14:44:10] [SPAMMIER] resolve queries> Query Filter: C:\Program Files\codeql\qlpacks\codeql\java-queries\1.11.5\experimental\quantum\Examples\BadMacOrderMacOnEncryptPlaintext.ql failed the constraint of precision (not present).
[2026-07-14 14:44:10] [SPAMMIER] resolve queries> Query Filter: C:\Program Files\codeql\qlpacks\codeql\java-queries\1.11.5\experimental\quantum\Examples\BrokenCrypto.ql failed the constraint of precision (not present).
[2026-07-14 14:44:10] [SPAMMIER] resolve queries> Query Filter: C:\Program Files\codeql\qlpacks\codeql\java-queries\1.11.5\experimental\quantum\Examples\InsecureIVorNonceSource.ql failed the constraint of precision (not present).
[2026-07-14 14:44:10] [SPAMMIER] resolve queries> Query Filter: C:\Program Files\codeql\qlpacks\codeql\java-queries\1.11.5\experimental\quantum\Examples\NonAESGCMCipher.ql failed the constraint of precision (not present).
[2026-07-14 14:44:10] [SPAMMIER] resolve queries> Query Filter: C:\Program Files\codeql\qlpacks\codeql\java-queries\1.11.5\experimental\quantum\Examples\ReusedNonce.ql failed the constraint of precision (not present).
[2026-07-14 14:44:10] [SPAMMIER] resolve queries> Query Filter: C:\Program Files\codeql\qlpacks\codeql\java-queries\1.11.5\experimental\quantum\Examples\TestAESGCMNonce.ql failed the constraint of kind (not present).
[2026-07-14 14:44:10] [SPAMMIER] resolve queries> Query Filter: C:\Program Files\codeql\qlpacks\codeql\java-queries\1.11.5\experimental\quantum\Examples\TestCipher.ql failed the constraint of kind (not present).
[2026-07-14 14:44:10] [SPAMMIER] resolve queries> Query Filter: C:\Program Files\codeql\qlpacks\codeql\java-queries\1.11.5\experimental\quantum\Examples\TestHash.ql failed the constraint of kind (not present).
[2026-07-14 14:44:10] [SPAMMIER] resolve queries> Query Filter: C:\Program Files\codeql\qlpacks\codeql\java-queries\1.11.5\experimental\quantum\Examples\UnknownHash.ql failed the constraint of precision (not present).
[2026-07-14 14:44:10] [SPAMMIER] resolve queries> Query Filter: C:\Program Files\codeql\qlpacks\codeql\java-queries\1.11.5\experimental\quantum\Examples\UnknownIVorNonceSource.ql failed the constraint of precision (not present).
[2026-07-14 14:44:10] [SPAMMIER] resolve queries> Query Filter: C:\Program Files\codeql\qlpacks\codeql\java-queries\1.11.5\experimental\quantum\Examples\UnknownKDFIterationCount.ql failed the constraint of precision (not present).
[2026-07-14 14:44:10] [SPAMMIER] resolve queries> Query Filter: C:\Program Files\codeql\qlpacks\codeql\java-queries\1.11.5\experimental\quantum\Examples\WeakAsymmetricKeyGenSize.ql failed the constraint of precision (not present).
[2026-07-14 14:44:10] [SPAMMIER] resolve queries> Query Filter: C:\Program Files\codeql\qlpacks\codeql\java-queries\1.11.5\experimental\quantum\Examples\WeakBlockModes.ql failed the constraint of precision (not present).
[2026-07-14 14:44:10] [SPAMMIER] resolve queries> Query Filter: C:\Program Files\codeql\qlpacks\codeql\java-queries\1.11.5\experimental\quantum\Examples\WeakHash.ql failed the constraint of precision (not present).
[2026-07-14 14:44:10] [SPAMMIER] resolve queries> Query Filter: C:\Program Files\codeql\qlpacks\codeql\java-queries\1.11.5\experimental\quantum\Examples\WeakKDFIterationCount.ql failed the constraint of precision (not present).
[2026-07-14 14:44:10] [SPAMMIER] resolve queries> Query Filter: C:\Program Files\codeql\qlpacks\codeql\java-queries\1.11.5\experimental\quantum\Examples\WeakKDFKeySize.ql failed the constraint of precision (not present).
[2026-07-14 14:44:10] [SPAMMIER] resolve queries> Query Filter: C:\Program Files\codeql\qlpacks\codeql\java-queries\1.11.5\experimental\quantum\Examples\WeakSymmetricCipher.ql failed the constraint of precision (not present).
[2026-07-14 14:44:10] [SPAMMIER] resolve queries> Query Filter: C:\Program Files\codeql\qlpacks\codeql\java-queries\1.11.5\experimental\quantum\InventorySlices\KnownAsymmetricAlgorithm.ql failed the constraint of kind (was table).
[2026-07-14 14:44:10] [SPAMMIER] resolve queries> Query Filter: C:\Program Files\codeql\qlpacks\codeql\java-queries\1.11.5\experimental\quantum\InventorySlices\KnownAsymmetricCipherAlgorithm.ql failed the constraint of kind (was table).
[2026-07-14 14:44:10] [SPAMMIER] resolve queries> Query Filter: C:\Program Files\codeql\qlpacks\codeql\java-queries\1.11.5\experimental\quantum\InventorySlices\KnownAsymmetricOperationAlgorithm.ql failed the constraint of kind (was table).
[2026-07-14 14:44:10] [SPAMMIER] resolve queries> Query Filter: C:\Program Files\codeql\qlpacks\codeql\java-queries\1.11.5\experimental\quantum\InventorySlices\KnownCipherAlgorithm.ql failed the constraint of kind (was table).
[2026-07-14 14:44:10] [SPAMMIER] resolve queries> Query Filter: C:\Program Files\codeql\qlpacks\codeql\java-queries\1.11.5\experimental\quantum\InventorySlices\KnownEllipticCurveAlgorithm.ql failed the constraint of kind (was table).
[2026-07-14 14:44:10] [SPAMMIER] resolve queries> Query Filter: C:\Program Files\codeql\qlpacks\codeql\java-queries\1.11.5\experimental\quantum\InventorySlices\KnownHashingAlgorithm.ql failed the constraint of kind (was table).
[2026-07-14 14:44:10] [SPAMMIER] resolve queries> Query Filter: C:\Program Files\codeql\qlpacks\codeql\java-queries\1.11.5\experimental\quantum\InventorySlices\KnownHashingOperation.ql failed the constraint of kind (was table).
[2026-07-14 14:44:10] [SPAMMIER] resolve queries> Query Filter: C:\Program Files\codeql\qlpacks\codeql\java-queries\1.11.5\experimental\quantum\InventorySlices\KnownHashingOperationAlgorithm.ql failed the constraint of kind (was table).
[2026-07-14 14:44:10] [SPAMMIER] resolve queries> Query Filter: C:\Program Files\codeql\qlpacks\codeql\java-queries\1.11.5\experimental\quantum\InventorySlices\KnownKeyDerivationAlgorithm.ql failed the constraint of kind (was table).
[2026-07-14 14:44:10] [SPAMMIER] resolve queries> Query Filter: C:\Program Files\codeql\qlpacks\codeql\java-queries\1.11.5\experimental\quantum\InventorySlices\KnownKeyDerivationOperation.ql failed the constraint of kind (was table).
[2026-07-14 14:44:10] [SPAMMIER] resolve queries> Query Filter: C:\Program Files\codeql\qlpacks\codeql\java-queries\1.11.5\experimental\quantum\InventorySlices\KnownKeyDerivationOperationAlgorithm.ql failed the constraint of kind (was table).
[2026-07-14 14:44:10] [SPAMMIER] resolve queries> Query Filter: C:\Program Files\codeql\qlpacks\codeql\java-queries\1.11.5\experimental\quantum\InventorySlices\KnownSymmetricCipherAlgorithm.ql failed the constraint of kind (was table).
[2026-07-14 14:44:10] [SPAMMIER] resolve queries> Query Filter: C:\Program Files\codeql\qlpacks\codeql\java-queries\1.11.5\experimental\quantum\InventorySlices\LikelyCryptoAPIFunction.ql failed the constraint of precision (not present).
[2026-07-14 14:44:10] [SPAMMIER] resolve queries> Query Filter: C:\Program Files\codeql\qlpacks\codeql\java-queries\1.11.5\experimental\quantum\InventorySlices\UnknownOperationAlgorithm.ql failed the constraint of precision (not present).
[2026-07-14 14:44:10] [SPAMMIER] resolve queries> Query Filter: C:\Program Files\codeql\qlpacks\codeql\java-queries\1.11.5\experimental\quantum\PrintCBOMGraph.ql failed the constraint of kind (was graph).
[2026-07-14 14:44:10] [SPAMMY] resolve queries> Query Filter: Including C:\Program Files\codeql\qlpacks\codeql\java-queries\1.11.5\experimental\Security\CWE\CWE-036\OpenStream.ql.
[2026-07-14 14:44:10] [SPAMMY] resolve queries> Query Filter: Including C:\Program Files\codeql\qlpacks\codeql\java-queries\1.11.5\experimental\Security\CWE\CWE-1004\InsecureTomcatConfig.ql.
[2026-07-14 14:44:10] [SPAMMIER] resolve queries> Query Filter: C:\Program Files\codeql\qlpacks\codeql\java-queries\1.11.5\experimental\Security\CWE\CWE-200\InsecureWebResourceResponse.ql failed the constraint of precision (not present).
[2026-07-14 14:44:10] [SPAMMIER] resolve queries> Query Filter: C:\Program Files\codeql\qlpacks\codeql\java-queries\1.11.5\experimental\Security\CWE\CWE-200\SensitiveAndroidFileLeak.ql failed the constraint of precision (not present).
[2026-07-14 14:44:10] [SPAMMY] resolve queries> Query Filter: Including C:\Program Files\codeql\qlpacks\codeql\java-queries\1.11.5\experimental\Security\CWE\CWE-208\PossibleTimingAttackAgainstSignature.ql.
[2026-07-14 14:44:10] [SPAMMY] resolve queries> Query Filter: Including C:\Program Files\codeql\qlpacks\codeql\java-queries\1.11.5\experimental\Security\CWE\CWE-295\JxBrowserWithoutCertValidation.ql.
[2026-07-14 14:44:10] [SPAMMY] resolve queries> Query Filter: Including C:\Program Files\codeql\qlpacks\codeql\java-queries\1.11.5\experimental\Security\CWE\CWE-297\InsecureLdapEndpoint.ql.
[2026-07-14 14:44:10] [SPAMMIER] resolve queries> Query Filter: C:\Program Files\codeql\qlpacks\codeql\java-queries\1.11.5\experimental\Security\CWE\CWE-400\LocalThreadResourceAbuse.ql failed the constraint of precision (not present).
[2026-07-14 14:44:10] [SPAMMIER] resolve queries> Query Filter: C:\Program Files\codeql\qlpacks\codeql\java-queries\1.11.5\experimental\Security\CWE\CWE-400\ThreadResourceAbuse.ql failed the constraint of precision (not present).
[2026-07-14 14:44:10] [SPAMMY] resolve queries> Query Filter: Including C:\Program Files\codeql\qlpacks\codeql\java-queries\1.11.5\experimental\Security\CWE\CWE-489\EJBMain.ql.
[2026-07-14 14:44:10] [SPAMMY] resolve queries> Query Filter: Including C:\Program Files\codeql\qlpacks\codeql\java-queries\1.11.5\experimental\Security\CWE\CWE-489\WebComponentMain.ql.
[2026-07-14 14:44:10] [SPAMMY] resolve queries> Query Filter: Including C:\Program Files\codeql\qlpacks\codeql\java-queries\1.11.5\experimental\Security\CWE\CWE-548\InsecureDirectoryConfig.ql.
[2026-07-14 14:44:10] [SPAMMY] resolve queries> Query Filter: Including C:\Program Files\codeql\qlpacks\codeql\java-queries\1.11.5\experimental\Security\CWE\CWE-555\PasswordInConfigurationFile.ql.
[2026-07-14 14:44:10] [SPAMMY] resolve queries> Query Filter: Including C:\Program Files\codeql\qlpacks\codeql\java-queries\1.11.5\experimental\Security\CWE\CWE-598\SensitiveGetQuery.ql.
[2026-07-14 14:44:10] [SPAMMY] resolve queries> Query Filter: Including C:\Program Files\codeql\qlpacks\codeql\java-queries\1.11.5\experimental\Security\CWE\CWE-600\UncaughtServletException.ql.
[2026-07-14 14:44:10] [SPAMMY] resolve queries> Query Filter: Including C:\Program Files\codeql\qlpacks\codeql\java-queries\1.11.5\experimental\Security\CWE\CWE-755\NFEAndroidDoS.ql.
[2026-07-14 14:44:10] [SPAMMIER] resolve queries> Query Filter: C:\Program Files\codeql\qlpacks\codeql\java-queries\1.11.5\experimental\Security\CWE\CWE-759\HashWithoutSalt.ql failed the constraint of precision (was low).
[2026-07-14 14:44:10] [SPAMMY] resolve queries> Query Filter: Including C:\Program Files\codeql\qlpacks\codeql\java-queries\1.11.5\experimental\Security\CWE\CWE-939\IncorrectURLVerification.ql.
[2026-07-14 14:44:10] [SPAMMIER] resolve queries> Query Filter: C:\Program Files\codeql\qlpacks\codeql\java-queries\1.11.5\external\DuplicateAnonymous.ql failed the constraint of precision (was high).
[2026-07-14 14:44:10] [SPAMMIER] resolve queries> Query Filter: C:\Program Files\codeql\qlpacks\codeql\java-queries\1.11.5\external\DuplicateBlock.ql failed the constraint of precision (was low).
[2026-07-14 14:44:10] [SPAMMIER] resolve queries> Query Filter: C:\Program Files\codeql\qlpacks\codeql\java-queries\1.11.5\external\DuplicateMethod.ql failed the constraint of precision (was high).
[2026-07-14 14:44:10] [SPAMMIER] resolve queries> Query Filter: C:\Program Files\codeql\qlpacks\codeql\java-queries\1.11.5\external\MostlyDuplicateClass.ql failed the constraint of precision (was high).
[2026-07-14 14:44:10] [SPAMMIER] resolve queries> Query Filter: C:\Program Files\codeql\qlpacks\codeql\java-queries\1.11.5\external\MostlyDuplicateFile.ql failed the constraint of precision (was high).
[2026-07-14 14:44:10] [SPAMMIER] resolve queries> Query Filter: C:\Program Files\codeql\qlpacks\codeql\java-queries\1.11.5\external\MostlyDuplicateMethod.ql failed the constraint of precision (was high).
[2026-07-14 14:44:10] [SPAMMIER] resolve queries> Query Filter: C:\Program Files\codeql\qlpacks\codeql\java-queries\1.11.5\external\MostlySimilarFile.ql failed the constraint of precision (was high).
[2026-07-14 14:44:10] [SPAMMIER] resolve queries> Query Filter: C:\Program Files\codeql\qlpacks\codeql\java-queries\1.11.5\filters\ClassifyFiles.ql failed the constraint of kind (was file-classifier).
[2026-07-14 14:44:10] [SPAMMIER] resolve queries> Query Filter: C:\Program Files\codeql\qlpacks\codeql\java-queries\1.11.5\Frameworks\JavaEE\EJB\EjbContainerInterference.ql failed the constraint of precision (was low).
[2026-07-14 14:44:10] [SPAMMIER] resolve queries> Query Filter: C:\Program Files\codeql\qlpacks\codeql\java-queries\1.11.5\Frameworks\JavaEE\EJB\EjbFileIO.ql failed the constraint of precision (was low).
[2026-07-14 14:44:10] [SPAMMIER] resolve queries> Query Filter: C:\Program Files\codeql\qlpacks\codeql\java-queries\1.11.5\Frameworks\JavaEE\EJB\EjbGraphics.ql failed the constraint of precision (was low).
[2026-07-14 14:44:10] [SPAMMIER] resolve queries> Query Filter: C:\Program Files\codeql\qlpacks\codeql\java-queries\1.11.5\Frameworks\JavaEE\EJB\EjbNative.ql failed the constraint of precision (was low).
[2026-07-14 14:44:10] [SPAMMIER] resolve queries> Query Filter: C:\Program Files\codeql\qlpacks\codeql\java-queries\1.11.5\Frameworks\JavaEE\EJB\EjbReflection.ql failed the constraint of precision (was low).
[2026-07-14 14:44:10] [SPAMMIER] resolve queries> Query Filter: C:\Program Files\codeql\qlpacks\codeql\java-queries\1.11.5\Frameworks\JavaEE\EJB\EjbSecurityConfiguration.ql failed the constraint of precision (was low).
[2026-07-14 14:44:10] [SPAMMIER] resolve queries> Query Filter: C:\Program Files\codeql\qlpacks\codeql\java-queries\1.11.5\Frameworks\JavaEE\EJB\EjbSerialization.ql failed the constraint of precision (was low).
[2026-07-14 14:44:10] [SPAMMIER] resolve queries> Query Filter: C:\Program Files\codeql\qlpacks\codeql\java-queries\1.11.5\Frameworks\JavaEE\EJB\EjbSetSocketOrUrlFactory.ql failed the constraint of precision (was low).
[2026-07-14 14:44:10] [SPAMMIER] resolve queries> Query Filter: C:\Program Files\codeql\qlpacks\codeql\java-queries\1.11.5\Frameworks\JavaEE\EJB\EjbSocketAsServer.ql failed the constraint of precision (was low).
[2026-07-14 14:44:10] [SPAMMIER] resolve queries> Query Filter: C:\Program Files\codeql\qlpacks\codeql\java-queries\1.11.5\Frameworks\JavaEE\EJB\EjbStaticFieldNonFinal.ql failed the constraint of precision (was low).
[2026-07-14 14:44:10] [SPAMMIER] resolve queries> Query Filter: C:\Program Files\codeql\qlpacks\codeql\java-queries\1.11.5\Frameworks\JavaEE\EJB\EjbSynchronization.ql failed the constraint of precision (was low).
[2026-07-14 14:44:10] [SPAMMIER] resolve queries> Query Filter: C:\Program Files\codeql\qlpacks\codeql\java-queries\1.11.5\Frameworks\JavaEE\EJB\EjbThis.ql failed the constraint of precision (was low).
[2026-07-14 14:44:10] [SPAMMIER] resolve queries> Query Filter: C:\Program Files\codeql\qlpacks\codeql\java-queries\1.11.5\Frameworks\JavaEE\EJB\EjbThreads.ql failed the constraint of precision (was low).
[2026-07-14 14:44:10] [SPAMMIER] resolve queries> Query Filter: C:\Program Files\codeql\qlpacks\codeql\java-queries\1.11.5\Frameworks\Spring\Architecture\Refactoring Opportunities\MissingParentBean.ql failed the constraint of precision (was low).
[2026-07-14 14:44:10] [SPAMMIER] resolve queries> Query Filter: C:\Program Files\codeql\qlpacks\codeql\java-queries\1.11.5\Frameworks\Spring\Architecture\Refactoring Opportunities\TooManyBeans.ql failed the constraint of precision (was low).
[2026-07-14 14:44:10] [SPAMMIER] resolve queries> Query Filter: C:\Program Files\codeql\qlpacks\codeql\java-queries\1.11.5\Frameworks\Spring\Architecture\Refactoring Opportunities\UnusedBean.ql failed the constraint of precision (was low).
[2026-07-14 14:44:10] [SPAMMIER] resolve queries> Query Filter: C:\Program Files\codeql\qlpacks\codeql\java-queries\1.11.5\Frameworks\Spring\Architecture\Refactoring Opportunities\UselessPropertyOverride.ql failed the constraint of precision (was low).
[2026-07-14 14:44:10] [SPAMMIER] resolve queries> Query Filter: C:\Program Files\codeql\qlpacks\codeql\java-queries\1.11.5\Frameworks\Spring\Violations of Best Practice\AvoidAutowiring.ql failed the constraint of precision (was low).
[2026-07-14 14:44:10] [SPAMMIER] resolve queries> Query Filter: C:\Program Files\codeql\qlpacks\codeql\java-queries\1.11.5\Frameworks\Spring\Violations of Best Practice\DontUseConstructorArgIndex.ql failed the constraint of precision (was low).
[2026-07-14 14:44:10] [SPAMMIER] resolve queries> Query Filter: C:\Program Files\codeql\qlpacks\codeql\java-queries\1.11.5\Frameworks\Spring\Violations of Best Practice\ImportsFirst.ql failed the constraint of precision (was low).
[2026-07-14 14:44:10] [SPAMMIER] resolve queries> Query Filter: C:\Program Files\codeql\qlpacks\codeql\java-queries\1.11.5\Frameworks\Spring\Violations of Best Practice\NoBeanDescription.ql failed the constraint of precision (was low).
[2026-07-14 14:44:10] [SPAMMIER] resolve queries> Query Filter: C:\Program Files\codeql\qlpacks\codeql\java-queries\1.11.5\Frameworks\Spring\Violations of Best Practice\ParentShouldNotUseAbstractClass.ql failed the constraint of precision (was low).
[2026-07-14 14:44:10] [SPAMMIER] resolve queries> Query Filter: C:\Program Files\codeql\qlpacks\codeql\java-queries\1.11.5\Frameworks\Spring\Violations of Best Practice\UseIdInsteadOfName.ql failed the constraint of precision (was low).
[2026-07-14 14:44:10] [SPAMMIER] resolve queries> Query Filter: C:\Program Files\codeql\qlpacks\codeql\java-queries\1.11.5\Frameworks\Spring\Violations of Best Practice\UseLocalRef.ql failed the constraint of precision (was low).
[2026-07-14 14:44:10] [SPAMMIER] resolve queries> Query Filter: C:\Program Files\codeql\qlpacks\codeql\java-queries\1.11.5\Frameworks\Spring\Violations of Best Practice\UseSetterInjection.ql failed the constraint of precision (was low).
[2026-07-14 14:44:10] [SPAMMIER] resolve queries> Query Filter: C:\Program Files\codeql\qlpacks\codeql\java-queries\1.11.5\Frameworks\Spring\Violations of Best Practice\UseShortcutForms.ql failed the constraint of precision (was low).
[2026-07-14 14:44:10] [SPAMMIER] resolve queries> Query Filter: C:\Program Files\codeql\qlpacks\codeql\java-queries\1.11.5\Frameworks\Spring\XML Configuration Errors\MissingSetters.ql failed the constraint of precision (was low).
[2026-07-14 14:44:10] [SPAMMIER] resolve queries> Query Filter: C:\Program Files\codeql\qlpacks\codeql\java-queries\1.11.5\Language Abuse\CastThisToTypeParameter.ql failed the constraint of precision (was low).
[2026-07-14 14:44:10] [SPAMMIER] resolve queries> Query Filter: C:\Program Files\codeql\qlpacks\codeql\java-queries\1.11.5\Language Abuse\ChainedInstanceof.ql failed the constraint of precision (was high).
[2026-07-14 14:44:10] [SPAMMIER] resolve queries> Query Filter: C:\Program Files\codeql\qlpacks\codeql\java-queries\1.11.5\Language Abuse\DubiousDowncastOfThis.ql failed the constraint of precision (was low).
[2026-07-14 14:44:10] [SPAMMIER] resolve queries> Query Filter: C:\Program Files\codeql\qlpacks\codeql\java-queries\1.11.5\Language Abuse\DubiousTypeTestOfThis.ql failed the constraint of precision (was low).
[2026-07-14 14:44:10] [SPAMMIER] resolve queries> Query Filter: C:\Program Files\codeql\qlpacks\codeql\java-queries\1.11.5\Language Abuse\EmptyMethod.ql failed the constraint of problem.severity (was recommendation).
[2026-07-14 14:44:10] [SPAMMIER] resolve queries> Query Filter: C:\Program Files\codeql\qlpacks\codeql\java-queries\1.11.5\Language Abuse\EnumIdentifier.ql failed the constraint of precision (was low).
[2026-07-14 14:44:10] [SPAMMIER] resolve queries> Query Filter: C:\Program Files\codeql\qlpacks\codeql\java-queries\1.11.5\Language Abuse\ImplementsAnnotation.ql failed the constraint of precision (was low).
[2026-07-14 14:44:10] [SPAMMIER] resolve queries> Query Filter: C:\Program Files\codeql\qlpacks\codeql\java-queries\1.11.5\Language Abuse\IterableIterator.ql failed the constraint of precision (was very-high).
[2026-07-14 14:44:10] [SPAMMIER] resolve queries> Query Filter: C:\Program Files\codeql\qlpacks\codeql\java-queries\1.11.5\Language Abuse\LabelInSwitch.ql failed the constraint of precision (was very-high).
[2026-07-14 14:44:10] [SPAMMIER] resolve queries> Query Filter: C:\Program Files\codeql\qlpacks\codeql\java-queries\1.11.5\Language Abuse\MissedTernaryOpportunity.ql failed the constraint of precision (was low).
[2026-07-14 14:44:10] [SPAMMIER] resolve queries> Query Filter: C:\Program Files\codeql\qlpacks\codeql\java-queries\1.11.5\Language Abuse\OverridePackagePrivate.ql failed 'tags contain` constraint [quality, maintainability, readability, correctness]
[2026-07-14 14:44:10] [SPAMMIER] resolve queries> Query Filter: C:\Program Files\codeql\qlpacks\codeql\java-queries\1.11.5\Language Abuse\TypeVarExtendsFinalType.ql failed 'tags contain` constraint [quality, maintainability, readability]
[2026-07-14 14:44:10] [SPAMMIER] resolve queries> Query Filter: C:\Program Files\codeql\qlpacks\codeql\java-queries\1.11.5\Language Abuse\TypeVariableHidesType.ql failed 'tags contain` constraint [quality, maintainability, readability, types]
[2026-07-14 14:44:10] [SPAMMIER] resolve queries> Query Filter: C:\Program Files\codeql\qlpacks\codeql\java-queries\1.11.5\Language Abuse\UselessNullCheck.ql failed the constraint of precision (was very-high).
[2026-07-14 14:44:10] [SPAMMIER] resolve queries> Query Filter: C:\Program Files\codeql\qlpacks\codeql\java-queries\1.11.5\Language Abuse\UselessTypeTest.ql failed the constraint of precision (was very-high).
[2026-07-14 14:44:10] [SPAMMIER] resolve queries> Query Filter: C:\Program Files\codeql\qlpacks\codeql\java-queries\1.11.5\Language Abuse\UselessUpcast.ql failed the constraint of precision (was low).
[2026-07-14 14:44:10] [SPAMMIER] resolve queries> Query Filter: C:\Program Files\codeql\qlpacks\codeql\java-queries\1.11.5\Language Abuse\WrappedIterator.ql failed the constraint of precision (was very-high).
[2026-07-14 14:44:10] [SPAMMIER] resolve queries> Query Filter: C:\Program Files\codeql\qlpacks\codeql\java-queries\1.11.5\Likely Bugs\Arithmetic\BadAbsOfRandom.ql failed 'tags contain` constraint [quality, reliability, correctness]
[2026-07-14 14:44:10] [SPAMMIER] resolve queries> Query Filter: C:\Program Files\codeql\qlpacks\codeql\java-queries\1.11.5\Likely Bugs\Arithmetic\BadCheckOdd.ql failed the constraint of precision (was low).
[2026-07-14 14:44:10] [SPAMMIER] resolve queries> Query Filter: C:\Program Files\codeql\qlpacks\codeql\java-queries\1.11.5\Likely Bugs\Arithmetic\CondExprTypes.ql failed the constraint of precision (was low).
[2026-07-14 14:44:10] [SPAMMIER] resolve queries> Query Filter: C:\Program Files\codeql\qlpacks\codeql\java-queries\1.11.5\Likely Bugs\Arithmetic\ConstantExpAppearsNonConstant.ql failed the constraint of precision (was very-high).
[2026-07-14 14:44:10] [SPAMMIER] resolve queries> Query Filter: C:\Program Files\codeql\qlpacks\codeql\java-queries\1.11.5\Likely Bugs\Arithmetic\IntMultToLong.ql failed the constraint of precision (was very-high).
[2026-07-14 14:44:10] [SPAMMIER] resolve queries> Query Filter: C:\Program Files\codeql\qlpacks\codeql\java-queries\1.11.5\Likely Bugs\Arithmetic\LShiftLargerThanTypeWidth.ql failed the constraint of precision (was very-high).
[2026-07-14 14:44:10] [SPAMMIER] resolve queries> Query Filter: C:\Program Files\codeql\qlpacks\codeql\java-queries\1.11.5\Likely Bugs\Arithmetic\MultiplyRemainder.ql failed 'tags contain` constraint [quality, maintainability, readability, correctness]
[2026-07-14 14:44:10] [SPAMMIER] resolve queries> Query Filter: C:\Program Files\codeql\qlpacks\codeql\java-queries\1.11.5\Likely Bugs\Arithmetic\OctalLiteral.ql failed the constraint of precision (was low).
[2026-07-14 14:44:10] [SPAMMIER] resolve queries> Query Filter: C:\Program Files\codeql\qlpacks\codeql\java-queries\1.11.5\Likely Bugs\Arithmetic\RandomUsedOnce.ql failed 'tags contain` constraint [quality, reliability, correctness, external/cwe/cwe-335]
[2026-07-14 14:44:10] [SPAMMIER] resolve queries> Query Filter: C:\Program Files\codeql\qlpacks\codeql\java-queries\1.11.5\Likely Bugs\Arithmetic\WhitespaceContradictsPrecedence.ql failed the constraint of precision (was very-high).
[2026-07-14 14:44:10] [SPAMMIER] resolve queries> Query Filter: C:\Program Files\codeql\qlpacks\codeql\java-queries\1.11.5\Likely Bugs\Cloning\MissingCallToSuperClone.ql failed 'tags contain` constraint [quality, reliability, correctness, external/cwe/cwe-580]
[2026-07-14 14:44:10] [SPAMMIER] resolve queries> Query Filter: C:\Program Files\codeql\qlpacks\codeql\java-queries\1.11.5\Likely Bugs\Cloning\MissingMethodClone.ql failed 'tags contain` constraint [quality, reliability, correctness]
[2026-07-14 14:44:10] [SPAMMIER] resolve queries> Query Filter: C:\Program Files\codeql\qlpacks\codeql\java-queries\1.11.5\Likely Bugs\Collections\ArrayIndexOutOfBounds.ql failed the constraint of precision (was high).
[2026-07-14 14:44:10] [SPAMMIER] resolve queries> Query Filter: C:\Program Files\codeql\qlpacks\codeql\java-queries\1.11.5\Likely Bugs\Collections\ContainsTypeMismatch.ql failed the constraint of precision (was very-high).
[2026-07-14 14:44:10] [SPAMMIER] resolve queries> Query Filter: C:\Program Files\codeql\qlpacks\codeql\java-queries\1.11.5\Likely Bugs\Collections\IteratorRemoveMayFail.ql failed 'tags contain` constraint [quality, reliability, correctness]
[2026-07-14 14:44:10] [SPAMMIER] resolve queries> Query Filter: C:\Program Files\codeql\qlpacks\codeql\java-queries\1.11.5\Likely Bugs\Collections\ReadOnlyContainer.ql failed the constraint of precision (was very-high).
[2026-07-14 14:44:10] [SPAMMIER] resolve queries> Query Filter: C:\Program Files\codeql\qlpacks\codeql\java-queries\1.11.5\Likely Bugs\Collections\RemoveTypeMismatch.ql failed the constraint of precision (was very-high).
[2026-07-14 14:44:10] [SPAMMIER] resolve queries> Query Filter: C:\Program Files\codeql\qlpacks\codeql\java-queries\1.11.5\Likely Bugs\Collections\WriteOnlyContainer.ql failed the constraint of precision (was very-high).
[2026-07-14 14:44:10] [SPAMMIER] resolve queries> Query Filter: C:\Program Files\codeql\qlpacks\codeql\java-queries\1.11.5\Likely Bugs\Comparison\BitwiseSignCheck.ql failed the constraint of precision (was low).
[2026-07-14 14:44:10] [SPAMMIER] resolve queries> Query Filter: C:\Program Files\codeql\qlpacks\codeql\java-queries\1.11.5\Likely Bugs\Comparison\CompareIdenticalValues.ql failed the constraint of precision (was very-high).
[2026-07-14 14:44:10] [SPAMMIER] resolve queries> Query Filter: C:\Program Files\codeql\qlpacks\codeql\java-queries\1.11.5\Likely Bugs\Comparison\CovariantCompareTo.ql failed 'tags contain` constraint [quality, reliability, correctness]
[2026-07-14 14:44:10] [SPAMMIER] resolve queries> Query Filter: C:\Program Files\codeql\qlpacks\codeql\java-queries\1.11.5\Likely Bugs\Comparison\CovariantEquals.ql failed 'tags contain` constraint [quality, reliability, correctness]
[2026-07-14 14:44:10] [SPAMMIER] resolve queries> Query Filter: C:\Program Files\codeql\qlpacks\codeql\java-queries\1.11.5\Likely Bugs\Comparison\DefineEqualsWhenAddingFields.ql failed the constraint of precision (was low).
[2026-07-14 14:44:10] [SPAMMIER] resolve queries> Query Filter: C:\Program Files\codeql\qlpacks\codeql\java-queries\1.11.5\Likely Bugs\Comparison\EqualsArray.ql failed the constraint of precision (was very-high).
[2026-07-14 14:44:10] [SPAMMIER] resolve queries> Query Filter: C:\Program Files\codeql\qlpacks\codeql\java-queries\1.11.5\Likely Bugs\Comparison\EqualsUsesInstanceOf.ql failed the constraint of precision (was low).
[2026-07-14 14:44:10] [SPAMMIER] resolve queries> Query Filter: C:\Program Files\codeql\qlpacks\codeql\java-queries\1.11.5\Likely Bugs\Comparison\HashedButNoHash.ql failed the constraint of precision (was very-high).
[2026-07-14 14:44:10] [SPAMMIER] resolve queries> Query Filter: C:\Program Files\codeql\qlpacks\codeql\java-queries\1.11.5\Likely Bugs\Comparison\IncomparableEquals.ql failed the constraint of precision (was very-high).
[2026-07-14 14:44:10] [SPAMMIER] resolve queries> Query Filter: C:\Program Files\codeql\qlpacks\codeql\java-queries\1.11.5\Likely Bugs\Comparison\InconsistentCompareTo.ql failed 'tags contain` constraint [quality, reliability, correctness]
[2026-07-14 14:44:10] [SPAMMIER] resolve queries> Query Filter: C:\Program Files\codeql\qlpacks\codeql\java-queries\1.11.5\Likely Bugs\Comparison\InconsistentEqualsHashCode.ql failed the constraint of precision (was very-high).
[2026-07-14 14:44:10] [SPAMMIER] resolve queries> Query Filter: C:\Program Files\codeql\qlpacks\codeql\java-queries\1.11.5\Likely Bugs\Comparison\MissingInstanceofInEquals.ql failed the constraint of precision (was high).
[2026-07-14 14:44:10] [SPAMMIER] resolve queries> Query Filter: C:\Program Files\codeql\qlpacks\codeql\java-queries\1.11.5\Likely Bugs\Comparison\NoAssignInBooleanExprs.ql failed the constraint of precision (was low).
[2026-07-14 14:44:10] [SPAMMIER] resolve queries> Query Filter: C:\Program Files\codeql\qlpacks\codeql\java-queries\1.11.5\Likely Bugs\Comparison\NoComparisonOnFloats.ql failed the constraint of precision (was low).
[2026-07-14 14:44:10] [SPAMMIER] resolve queries> Query Filter: C:\Program Files\codeql\qlpacks\codeql\java-queries\1.11.5\Likely Bugs\Comparison\ObjectComparison.ql failed the constraint of precision (was low).
[2026-07-14 14:44:10] [SPAMMIER] resolve queries> Query Filter: C:\Program Files\codeql\qlpacks\codeql\java-queries\1.11.5\Likely Bugs\Comparison\RefEqBoxed.ql failed the constraint of precision (was very-high).
[2026-07-14 14:44:10] [SPAMMIER] resolve queries> Query Filter: C:\Program Files\codeql\qlpacks\codeql\java-queries\1.11.5\Likely Bugs\Comparison\StringComparison.ql failed 'tags contain` constraint [quality, reliability, correctness, external/cwe/cwe-597]
[2026-07-14 14:44:10] [SPAMMIER] resolve queries> Query Filter: C:\Program Files\codeql\qlpacks\codeql\java-queries\1.11.5\Likely Bugs\Comparison\UselessComparisonTest.ql failed the constraint of precision (was very-high).
[2026-07-14 14:44:10] [SPAMMIER] resolve queries> Query Filter: C:\Program Files\codeql\qlpacks\codeql\java-queries\1.11.5\Likely Bugs\Comparison\WrongNanComparison.ql failed the constraint of precision (was very-high).
[2026-07-14 14:44:10] [SPAMMIER] resolve queries> Query Filter: C:\Program Files\codeql\qlpacks\codeql\java-queries\1.11.5\Likely Bugs\Concurrency\BusyWait.ql failed the constraint of precision (was low).
[2026-07-14 14:44:10] [SPAMMIER] resolve queries> Query Filter: C:\Program Files\codeql\qlpacks\codeql\java-queries\1.11.5\Likely Bugs\Concurrency\CallsToConditionWait.ql failed 'tags contain` constraint [quality, reliability, correctness, concurrency, external/cwe/cwe-662]
[2026-07-14 14:44:10] [SPAMMIER] resolve queries> Query Filter: C:\Program Files\codeql\qlpacks\codeql\java-queries\1.11.5\Likely Bugs\Concurrency\CallsToRunnableRun.ql failed the constraint of precision (was high).
[2026-07-14 14:44:10] [SPAMMIER] resolve queries> Query Filter: C:\Program Files\codeql\qlpacks\codeql\java-queries\1.11.5\Likely Bugs\Concurrency\DateFormatThreadUnsafe.ql failed 'tags contain` constraint [quality, reliability, correctness, concurrency]
[2026-07-14 14:44:10] [SPAMMIER] resolve queries> Query Filter: C:\Program Files\codeql\qlpacks\codeql\java-queries\1.11.5\Likely Bugs\Concurrency\DoubleCheckedLocking.ql failed the constraint of precision (was high).
[2026-07-14 14:44:10] [SPAMMIER] resolve queries> Query Filter: C:\Program Files\codeql\qlpacks\codeql\java-queries\1.11.5\Likely Bugs\Concurrency\DoubleCheckedLockingWithInitRace.ql failed the constraint of precision (was high).
[2026-07-14 14:44:10] [SPAMMIER] resolve queries> Query Filter: C:\Program Files\codeql\qlpacks\codeql\java-queries\1.11.5\Likely Bugs\Concurrency\EmptyRunMethodInThread.ql failed the constraint of precision (was low).
[2026-07-14 14:44:10] [SPAMMIER] resolve queries> Query Filter: C:\Program Files\codeql\qlpacks\codeql\java-queries\1.11.5\Likely Bugs\Concurrency\Escaping.ql failed the constraint of precision (was high).
[2026-07-14 14:44:10] [SPAMMIER] resolve queries> Query Filter: C:\Program Files\codeql\qlpacks\codeql\java-queries\1.11.5\Likely Bugs\Concurrency\FutileSynchOnField.ql failed 'tags contain` constraint [quality, reliability, correctness, concurrency, language-features, external/cwe/cwe-662]
[2026-07-14 14:44:10] [SPAMMIER] resolve queries> Query Filter: C:\Program Files\codeql\qlpacks\codeql\java-queries\1.11.5\Likely Bugs\Concurrency\InconsistentAccess.ql failed the constraint of precision (was low).
[2026-07-14 14:44:10] [SPAMMIER] resolve queries> Query Filter: C:\Program Files\codeql\qlpacks\codeql\java-queries\1.11.5\Likely Bugs\Concurrency\LazyInitStaticField.ql failed the constraint of precision (was low).
[2026-07-14 14:44:10] [SPAMMIER] resolve queries> Query Filter: C:\Program Files\codeql\qlpacks\codeql\java-queries\1.11.5\Likely Bugs\Concurrency\NonSynchronizedOverride.ql failed the constraint of precision (was very-high).
[2026-07-14 14:44:10] [SPAMMIER] resolve queries> Query Filter: C:\Program Files\codeql\qlpacks\codeql\java-queries\1.11.5\Likely Bugs\Concurrency\NotifyNotNotifyAll.ql failed 'tags contain` constraint [quality, reliability, correctness, concurrency, external/cwe/cwe-662]
[2026-07-14 14:44:10] [SPAMMIER] resolve queries> Query Filter: C:\Program Files\codeql\qlpacks\codeql\java-queries\1.11.5\Likely Bugs\Concurrency\NotifyWithoutSynch.ql failed the constraint of precision (was low).
[2026-07-14 14:44:10] [SPAMMIER] resolve queries> Query Filter: C:\Program Files\codeql\qlpacks\codeql\java-queries\1.11.5\Likely Bugs\Concurrency\PriorityCalls.ql failed the constraint of precision (was low).
[2026-07-14 14:44:10] [SPAMMIER] resolve queries> Query Filter: C:\Program Files\codeql\qlpacks\codeql\java-queries\1.11.5\Likely Bugs\Concurrency\SafePublication.ql failed the constraint of precision (was high).
[2026-07-14 14:44:10] [SPAMMIER] resolve queries> Query Filter: C:\Program Files\codeql\qlpacks\codeql\java-queries\1.11.5\Likely Bugs\Concurrency\ScheduledThreadPoolExecutorZeroThread.ql failed the constraint of precision (was very-high).
[2026-07-14 14:44:10] [SPAMMIER] resolve queries> Query Filter: C:\Program Files\codeql\qlpacks\codeql\java-queries\1.11.5\Likely Bugs\Concurrency\SleepWithLock.ql failed 'tags contain` constraint [quality, reliability, correctness, concurrency, performance, external/cwe/cwe-833]
[2026-07-14 14:44:10] [SPAMMIER] resolve queries> Query Filter: C:\Program Files\codeql\qlpacks\codeql\java-queries\1.11.5\Likely Bugs\Concurrency\StartInConstructor.ql failed 'tags contain` constraint [quality, reliability, correctness, concurrency]
[2026-07-14 14:44:10] [SPAMMIER] resolve queries> Query Filter: C:\Program Files\codeql\qlpacks\codeql\java-queries\1.11.5\Likely Bugs\Concurrency\SynchOnBoxedType.ql failed the constraint of precision (was very-high).
[2026-07-14 14:44:10] [SPAMMIER] resolve queries> Query Filter: C:\Program Files\codeql\qlpacks\codeql\java-queries\1.11.5\Likely Bugs\Concurrency\SynchSetUnsynchGet.ql failed the constraint of precision (was very-high).
[2026-07-14 14:44:10] [SPAMMIER] resolve queries> Query Filter: C:\Program Files\codeql\qlpacks\codeql\java-queries\1.11.5\Likely Bugs\Concurrency\SynchWriteObject.ql failed 'tags contain` constraint [quality, reliability, correctness, concurrency, external/cwe/cwe-662]
[2026-07-14 14:44:10] [SPAMMIER] resolve queries> Query Filter: C:\Program Files\codeql\qlpacks\codeql\java-queries\1.11.5\Likely Bugs\Concurrency\ThreadSafe.ql failed the constraint of precision (was high).
[2026-07-14 14:44:10] [SPAMMY] resolve queries> Query Filter: Including C:\Program Files\codeql\qlpacks\codeql\java-queries\1.11.5\Likely Bugs\Concurrency\UnreleasedLock.ql.
[2026-07-14 14:44:10] [SPAMMIER] resolve queries> Query Filter: C:\Program Files\codeql\qlpacks\codeql\java-queries\1.11.5\Likely Bugs\Concurrency\WaitOutsideLoop.ql failed the constraint of precision (was low).
[2026-07-14 14:44:10] [SPAMMIER] resolve queries> Query Filter: C:\Program Files\codeql\qlpacks\codeql\java-queries\1.11.5\Likely Bugs\Concurrency\WaitWithTwoLocks.ql failed the constraint of precision (was low).
[2026-07-14 14:44:10] [SPAMMIER] resolve queries> Query Filter: C:\Program Files\codeql\qlpacks\codeql\java-queries\1.11.5\Likely Bugs\Concurrency\YieldCalls.ql failed the constraint of precision (was low).
[2026-07-14 14:44:10] [SPAMMIER] resolve queries> Query Filter: C:\Program Files\codeql\qlpacks\codeql\java-queries\1.11.5\Likely Bugs\Finalization\NullifiedSuperFinalize.ql failed 'tags contain` constraint [quality, reliability, correctness, external/cwe/cwe-568]
[2026-07-14 14:44:10] [SPAMMIER] resolve queries> Query Filter: C:\Program Files\codeql\qlpacks\codeql\java-queries\1.11.5\Likely Bugs\Frameworks\JUnit\BadSuiteMethod.ql failed 'tags contain` constraint [quality, reliability, correctness]
[2026-07-14 14:44:10] [SPAMMIER] resolve queries> Query Filter: C:\Program Files\codeql\qlpacks\codeql\java-queries\1.11.5\Likely Bugs\Frameworks\JUnit\JUnit5MissingNestedAnnotation.ql failed the constraint of precision (was very-high).
[2026-07-14 14:44:10] [SPAMMIER] resolve queries> Query Filter: C:\Program Files\codeql\qlpacks\codeql\java-queries\1.11.5\Likely Bugs\Frameworks\JUnit\TearDownNoSuper.ql failed the constraint of precision (was low).
[2026-07-14 14:44:10] [SPAMMIER] resolve queries> Query Filter: C:\Program Files\codeql\qlpacks\codeql\java-queries\1.11.5\Likely Bugs\Frameworks\JUnit\TestCaseNoTests.ql failed the constraint of precision (was low).
[2026-07-14 14:44:10] [SPAMMIER] resolve queries> Query Filter: C:\Program Files\codeql\qlpacks\codeql\java-queries\1.11.5\Likely Bugs\Frameworks\Swing\BadlyOverriddenAdapter.ql failed 'tags contain` constraint [quality, reliability, correctness]
[2026-07-14 14:44:10] [SPAMMIER] resolve queries> Query Filter: C:\Program Files\codeql\qlpacks\codeql\java-queries\1.11.5\Likely Bugs\Frameworks\Swing\ThreadSafety.ql failed the constraint of precision (was low).
[2026-07-14 14:44:10] [SPAMMIER] resolve queries> Query Filter: C:\Program Files\codeql\qlpacks\codeql\java-queries\1.11.5\Likely Bugs\I18N\MissingLocaleArgument.ql failed the constraint of precision (was low).
[2026-07-14 14:44:10] [SPAMMIER] resolve queries> Query Filter: C:\Program Files\codeql\qlpacks\codeql\java-queries\1.11.5\Likely Bugs\Inheritance\NoNonFinalInConstructor.ql failed the constraint of precision (was very-high).
[2026-07-14 14:44:10] [SPAMMIER] resolve queries> Query Filter: C:\Program Files\codeql\qlpacks\codeql\java-queries\1.11.5\Likely Bugs\Likely Typos\ConstructorTypo.ql failed the constraint of precision (was low).
[2026-07-14 14:44:10] [SPAMMIER] resolve queries> Query Filter: C:\Program Files\codeql\qlpacks\codeql\java-queries\1.11.5\Likely Bugs\Likely Typos\ContainerSizeCmpZero.ql failed the constraint of precision (was very-high).
[2026-07-14 14:44:10] [SPAMMIER] resolve queries> Query Filter: C:\Program Files\codeql\qlpacks\codeql\java-queries\1.11.5\Likely Bugs\Likely Typos\ContradictoryTypeChecks.ql failed the constraint of precision (was very-high).
[2026-07-14 14:44:10] [SPAMMIER] resolve queries> Query Filter: C:\Program Files\codeql\qlpacks\codeql\java-queries\1.11.5\Likely Bugs\Likely Typos\DangerousNonCircuitLogic.ql failed 'tags contain` constraint [quality, reliability, correctness, readability, external/cwe/cwe-691]
[2026-07-14 14:44:10] [SPAMMIER] resolve queries> Query Filter: C:\Program Files\codeql\qlpacks\codeql\java-queries\1.11.5\Likely Bugs\Likely Typos\EqualsTypo.ql failed 'tags contain` constraint [quality, reliability, correctness, readability]
[2026-07-14 14:44:10] [SPAMMIER] resolve queries> Query Filter: C:\Program Files\codeql\qlpacks\codeql\java-queries\1.11.5\Likely Bugs\Likely Typos\HashCodeTypo.ql failed 'tags contain` constraint [quality, reliability, correctness, readability]
[2026-07-14 14:44:10] [SPAMMIER] resolve queries> Query Filter: C:\Program Files\codeql\qlpacks\codeql\java-queries\1.11.5\Likely Bugs\Likely Typos\MissingFormatArg.ql failed the constraint of precision (was very-high).
[2026-07-14 14:44:10] [SPAMMIER] resolve queries> Query Filter: C:\Program Files\codeql\qlpacks\codeql\java-queries\1.11.5\Likely Bugs\Likely Typos\MissingSpaceTypo.ql failed the constraint of precision (was very-high).
[2026-07-14 14:44:10] [SPAMMIER] resolve queries> Query Filter: C:\Program Files\codeql\qlpacks\codeql\java-queries\1.11.5\Likely Bugs\Likely Typos\NestedLoopsSameVariable.ql failed the constraint of precision (was low).
[2026-07-14 14:44:10] [SPAMMIER] resolve queries> Query Filter: C:\Program Files\codeql\qlpacks\codeql\java-queries\1.11.5\Likely Bugs\Likely Typos\SelfAssignment.ql failed the constraint of precision (was very-high).
[2026-07-14 14:44:10] [SPAMMIER] resolve queries> Query Filter: C:\Program Files\codeql\qlpacks\codeql\java-queries\1.11.5\Likely Bugs\Likely Typos\StringBufferCharInit.ql failed the constraint of precision (was very-high).
[2026-07-14 14:44:10] [SPAMMIER] resolve queries> Query Filter: C:\Program Files\codeql\qlpacks\codeql\java-queries\1.11.5\Likely Bugs\Likely Typos\SuspiciousDateFormat.ql failed the constraint of precision (was high).
[2026-07-14 14:44:10] [SPAMMIER] resolve queries> Query Filter: C:\Program Files\codeql\qlpacks\codeql\java-queries\1.11.5\Likely Bugs\Likely Typos\ToStringTypo.ql failed 'tags contain` constraint [quality, reliability, correctness, readability]
[2026-07-14 14:44:10] [SPAMMIER] resolve queries> Query Filter: C:\Program Files\codeql\qlpacks\codeql\java-queries\1.11.5\Likely Bugs\Likely Typos\UnusedFormatArg.ql failed the constraint of precision (was very-high).
[2026-07-14 14:44:10] [SPAMMIER] resolve queries> Query Filter: C:\Program Files\codeql\qlpacks\codeql\java-queries\1.11.5\Likely Bugs\Nullness\NullAlways.ql failed the constraint of precision (was very-high).
[2026-07-14 14:44:10] [SPAMMIER] resolve queries> Query Filter: C:\Program Files\codeql\qlpacks\codeql\java-queries\1.11.5\Likely Bugs\Nullness\NullExprDeref.ql failed the constraint of precision (was high).
[2026-07-14 14:44:10] [SPAMMIER] resolve queries> Query Filter: C:\Program Files\codeql\qlpacks\codeql\java-queries\1.11.5\Likely Bugs\Nullness\NullMaybe.ql failed the constraint of precision (was high).
[2026-07-14 14:44:10] [SPAMMIER] resolve queries> Query Filter: C:\Program Files\codeql\qlpacks\codeql\java-queries\1.11.5\Likely Bugs\Reflection\AnnotationPresentCheck.ql failed 'tags contain` constraint [quality, reliability, correctness]
[2026-07-14 14:44:10] [SPAMMIER] resolve queries> Query Filter: C:\Program Files\codeql\qlpacks\codeql\java-queries\1.11.5\Likely Bugs\Resource Leaks\CloseReader.ql failed the constraint of precision (was high).
[2026-07-14 14:44:10] [SPAMMIER] resolve queries> Query Filter: C:\Program Files\codeql\qlpacks\codeql\java-queries\1.11.5\Likely Bugs\Resource Leaks\CloseSql.ql failed the constraint of precision (was high).
[2026-07-14 14:44:10] [SPAMMIER] resolve queries> Query Filter: C:\Program Files\codeql\qlpacks\codeql\java-queries\1.11.5\Likely Bugs\Resource Leaks\CloseWriter.ql failed the constraint of precision (was high).
[2026-07-14 14:44:10] [SPAMMIER] resolve queries> Query Filter: C:\Program Files\codeql\qlpacks\codeql\java-queries\1.11.5\Likely Bugs\Serialization\IncorrectSerializableMethods.ql failed 'tags contain` constraint [quality, reliability, correctness]
[2026-07-14 14:44:10] [SPAMMIER] resolve queries> Query Filter: C:\Program Files\codeql\qlpacks\codeql\java-queries\1.11.5\Likely Bugs\Serialization\IncorrectSerialVersionUID.ql failed 'tags contain` constraint [quality, reliability, correctness]
[2026-07-14 14:44:10] [SPAMMIER] resolve queries> Query Filter: C:\Program Files\codeql\qlpacks\codeql\java-queries\1.11.5\Likely Bugs\Serialization\MissingVoidConstructorOnExternalizable.ql failed 'tags contain` constraint [quality, reliability, correctness]
[2026-07-14 14:44:10] [SPAMMIER] resolve queries> Query Filter: C:\Program Files\codeql\qlpacks\codeql\java-queries\1.11.5\Likely Bugs\Serialization\MissingVoidConstructorsOnSerializable.ql failed 'tags contain` constraint [quality, reliability, correctness]
[2026-07-14 14:44:10] [SPAMMIER] resolve queries> Query Filter: C:\Program Files\codeql\qlpacks\codeql\java-queries\1.11.5\Likely Bugs\Serialization\NonSerializableComparator.ql failed the constraint of precision (was low).
[2026-07-14 14:44:10] [SPAMMIER] resolve queries> Query Filter: C:\Program Files\codeql\qlpacks\codeql\java-queries\1.11.5\Likely Bugs\Serialization\NonSerializableField.ql failed the constraint of precision (was low).
[2026-07-14 14:44:10] [SPAMMIER] resolve queries> Query Filter: C:\Program Files\codeql\qlpacks\codeql\java-queries\1.11.5\Likely Bugs\Serialization\NonSerializableInnerClass.ql failed 'tags contain` constraint [quality, reliability, correctness]
[2026-07-14 14:44:10] [SPAMMIER] resolve queries> Query Filter: C:\Program Files\codeql\qlpacks\codeql\java-queries\1.11.5\Likely Bugs\Serialization\ReadResolveObject.ql failed 'tags contain` constraint [quality, reliability, correctness]
[2026-07-14 14:44:10] [SPAMMIER] resolve queries> Query Filter: C:\Program Files\codeql\qlpacks\codeql\java-queries\1.11.5\Likely Bugs\Serialization\TransientNotSerializable.ql failed the constraint of precision (was low).
[2026-07-14 14:44:10] [SPAMMIER] resolve queries> Query Filter: C:\Program Files\codeql\qlpacks\codeql\java-queries\1.11.5\Likely Bugs\Statements\ContinueInFalseLoop.ql failed the constraint of precision (was high).
[2026-07-14 14:44:10] [SPAMMIER] resolve queries> Query Filter: C:\Program Files\codeql\qlpacks\codeql\java-queries\1.11.5\Likely Bugs\Statements\EmptyBlock.ql failed the constraint of precision (was low).
[2026-07-14 14:44:10] [SPAMMIER] resolve queries> Query Filter: C:\Program Files\codeql\qlpacks\codeql\java-queries\1.11.5\Likely Bugs\Statements\EmptySynchronizedBlock.ql failed the constraint of precision (was low).
[2026-07-14 14:44:10] [SPAMMIER] resolve queries> Query Filter: C:\Program Files\codeql\qlpacks\codeql\java-queries\1.11.5\Likely Bugs\Statements\ImpossibleCast.ql failed the constraint of precision (was low).
[2026-07-14 14:44:10] [SPAMMIER] resolve queries> Query Filter: C:\Program Files\codeql\qlpacks\codeql\java-queries\1.11.5\Likely Bugs\Statements\InconsistentCallOnResult.ql failed the constraint of precision (was low).
[2026-07-14 14:44:10] [SPAMMIER] resolve queries> Query Filter: C:\Program Files\codeql\qlpacks\codeql\java-queries\1.11.5\Likely Bugs\Statements\MissingEnumInSwitch.ql failed 'tags contain` constraint [quality, reliability, correctness, external/cwe/cwe-478]
[2026-07-14 14:44:10] [SPAMMIER] resolve queries> Query Filter: C:\Program Files\codeql\qlpacks\codeql\java-queries\1.11.5\Likely Bugs\Statements\PartiallyMaskedCatch.ql failed the constraint of precision (was high).
[2026-07-14 14:44:10] [SPAMMIER] resolve queries> Query Filter: C:\Program Files\codeql\qlpacks\codeql\java-queries\1.11.5\Likely Bugs\Statements\ReturnValueIgnored.ql failed the constraint of precision (was low).
[2026-07-14 14:44:10] [SPAMMIER] resolve queries> Query Filter: C:\Program Files\codeql\qlpacks\codeql\java-queries\1.11.5\Likely Bugs\Statements\StaticFieldWrittenByInstance.ql failed the constraint of precision (was low).
[2026-07-14 14:44:10] [SPAMMIER] resolve queries> Query Filter: C:\Program Files\codeql\qlpacks\codeql\java-queries\1.11.5\Likely Bugs\Statements\UseBraces.ql failed the constraint of precision (was very-high).
[2026-07-14 14:44:10] [SPAMMIER] resolve queries> Query Filter: C:\Program Files\codeql\qlpacks\codeql\java-queries\1.11.5\Likely Bugs\Termination\ConstantLoopCondition.ql failed the constraint of precision (was very-high).
[2026-07-14 14:44:10] [SPAMMIER] resolve queries> Query Filter: C:\Program Files\codeql\qlpacks\codeql\java-queries\1.11.5\Likely Bugs\Termination\SpinOnField.ql failed 'tags contain` constraint [quality, reliability, correctness, concurrency, performance]
[2026-07-14 14:44:10] [SPAMMIER] resolve queries> Query Filter: C:\Program Files\codeql\qlpacks\codeql\java-queries\1.11.5\meta\frameworks\Coverage.ql failed the constraint of kind (was table).
[2026-07-14 14:44:10] [SPAMMIER] resolve queries> Query Filter: C:\Program Files\codeql\qlpacks\codeql\java-queries\1.11.5\Metrics\Authors\AuthorsPerFile.ql failed the constraint of kind (was treemap).
[2026-07-14 14:44:10] [SPAMMIER] resolve queries> Query Filter: C:\Program Files\codeql\qlpacks\codeql\java-queries\1.11.5\Metrics\Callables\CCyclomaticComplexity.ql failed the constraint of kind (was treemap).
[2026-07-14 14:44:10] [SPAMMIER] resolve queries> Query Filter: C:\Program Files\codeql\qlpacks\codeql\java-queries\1.11.5\Metrics\Callables\CLinesOfCode.ql failed the constraint of kind (was treemap).
[2026-07-14 14:44:10] [SPAMMIER] resolve queries> Query Filter: C:\Program Files\codeql\qlpacks\codeql\java-queries\1.11.5\Metrics\Callables\CLinesOfComment.ql failed the constraint of kind (was treemap).
[2026-07-14 14:44:10] [SPAMMIER] resolve queries> Query Filter: C:\Program Files\codeql\qlpacks\codeql\java-queries\1.11.5\Metrics\Callables\CNumberOfCalls.ql failed the constraint of kind (was treemap).
[2026-07-14 14:44:10] [SPAMMIER] resolve queries> Query Filter: C:\Program Files\codeql\qlpacks\codeql\java-queries\1.11.5\Metrics\Callables\CNumberOfParameters.ql failed the constraint of kind (was treemap).
[2026-07-14 14:44:10] [SPAMMIER] resolve queries> Query Filter: C:\Program Files\codeql\qlpacks\codeql\java-queries\1.11.5\Metrics\Callables\CNumberOfStatements.ql failed the constraint of kind (was treemap).
[2026-07-14 14:44:10] [SPAMMIER] resolve queries> Query Filter: C:\Program Files\codeql\qlpacks\codeql\java-queries\1.11.5\Metrics\Callables\StatementNestingDepth.ql failed the constraint of kind (was treemap).
[2026-07-14 14:44:10] [SPAMMIER] resolve queries> Query Filter: C:\Program Files\codeql\qlpacks\codeql\java-queries\1.11.5\Metrics\Dependencies\ExternalDependencies.ql failed the constraint of kind (was treemap).
[2026-07-14 14:44:10] [SPAMMIER] resolve queries> Query Filter: C:\Program Files\codeql\qlpacks\codeql\java-queries\1.11.5\Metrics\Dependencies\ExternalDependenciesSourceLinks.ql failed the constraint of kind (was source-link).
[2026-07-14 14:44:10] [SPAMMIER] resolve queries> Query Filter: C:\Program Files\codeql\qlpacks\codeql\java-queries\1.11.5\Metrics\Files\FAfferentCoupling.ql failed the constraint of kind (was treemap).
[2026-07-14 14:44:10] [SPAMMIER] resolve queries> Query Filter: C:\Program Files\codeql\qlpacks\codeql\java-queries\1.11.5\Metrics\Files\FCommentRatio.ql failed the constraint of kind (was treemap).
[2026-07-14 14:44:10] [SPAMMIER] resolve queries> Query Filter: C:\Program Files\codeql\qlpacks\codeql\java-queries\1.11.5\Metrics\Files\FCyclomaticComplexity.ql failed the constraint of kind (was treemap).
[2026-07-14 14:44:10] [SPAMMIER] resolve queries> Query Filter: C:\Program Files\codeql\qlpacks\codeql\java-queries\1.11.5\Metrics\Files\FEfferentCoupling.ql failed the constraint of kind (was treemap).
[2026-07-14 14:44:10] [SPAMMIER] resolve queries> Query Filter: C:\Program Files\codeql\qlpacks\codeql\java-queries\1.11.5\Metrics\Files\FLines.ql failed the constraint of kind (was treemap).
[2026-07-14 14:44:10] [SPAMMIER] resolve queries> Query Filter: C:\Program Files\codeql\qlpacks\codeql\java-queries\1.11.5\Metrics\Files\FLinesOfCode.ql failed the constraint of kind (was treemap).
[2026-07-14 14:44:10] [SPAMMIER] resolve queries> Query Filter: C:\Program Files\codeql\qlpacks\codeql\java-queries\1.11.5\Metrics\Files\FLinesOfComment.ql failed the constraint of kind (was treemap).
[2026-07-14 14:44:10] [SPAMMIER] resolve queries> Query Filter: C:\Program Files\codeql\qlpacks\codeql\java-queries\1.11.5\Metrics\Files\FLinesOfCommentedCode.ql failed the constraint of kind (was treemap).
[2026-07-14 14:44:10] [SPAMMIER] resolve queries> Query Filter: C:\Program Files\codeql\qlpacks\codeql\java-queries\1.11.5\Metrics\Files\FLinesOfDuplicatedCode.ql failed the constraint of kind (was treemap).
[2026-07-14 14:44:10] [SPAMMIER] resolve queries> Query Filter: C:\Program Files\codeql\qlpacks\codeql\java-queries\1.11.5\Metrics\Files\FLinesOfSimilarCode.ql failed the constraint of kind (was treemap).
[2026-07-14 14:44:10] [SPAMMIER] resolve queries> Query Filter: C:\Program Files\codeql\qlpacks\codeql\java-queries\1.11.5\Metrics\Files\FNumberOfClasses.ql failed the constraint of kind (was treemap).
[2026-07-14 14:44:10] [SPAMMIER] resolve queries> Query Filter: C:\Program Files\codeql\qlpacks\codeql\java-queries\1.11.5\Metrics\Files\FNumberOfInterfaces.ql failed the constraint of kind (was treemap).
[2026-07-14 14:44:10] [SPAMMIER] resolve queries> Query Filter: C:\Program Files\codeql\qlpacks\codeql\java-queries\1.11.5\Metrics\Files\FNumberOfTests.ql failed the constraint of kind (was treemap).
[2026-07-14 14:44:10] [SPAMMIER] resolve queries> Query Filter: C:\Program Files\codeql\qlpacks\codeql\java-queries\1.11.5\Metrics\Files\FSelfContainedness.ql failed the constraint of kind (was treemap).
[2026-07-14 14:44:10] [SPAMMIER] resolve queries> Query Filter: C:\Program Files\codeql\qlpacks\codeql\java-queries\1.11.5\Metrics\RefTypes\TAfferentCoupling.ql failed the constraint of kind (was treemap).
[2026-07-14 14:44:10] [SPAMMIER] resolve queries> Query Filter: C:\Program Files\codeql\qlpacks\codeql\java-queries\1.11.5\Metrics\RefTypes\TEfferentCoupling.ql failed the constraint of kind (was treemap).
[2026-07-14 14:44:10] [SPAMMIER] resolve queries> Query Filter: C:\Program Files\codeql\qlpacks\codeql\java-queries\1.11.5\Metrics\RefTypes\TEfferentSourceCoupling.ql failed the constraint of kind (was treemap).
[2026-07-14 14:44:10] [SPAMMIER] resolve queries> Query Filter: C:\Program Files\codeql\qlpacks\codeql\java-queries\1.11.5\Metrics\RefTypes\TInheritanceDepth.ql failed the constraint of kind (was treemap).
[2026-07-14 14:44:10] [SPAMMIER] resolve queries> Query Filter: C:\Program Files\codeql\qlpacks\codeql\java-queries\1.11.5\Metrics\RefTypes\TLackOfCohesionCK.ql failed the constraint of kind (was treemap).
[2026-07-14 14:44:10] [SPAMMIER] resolve queries> Query Filter: C:\Program Files\codeql\qlpacks\codeql\java-queries\1.11.5\Metrics\RefTypes\TLackOfCohesionHS.ql failed the constraint of kind (was treemap).
[2026-07-14 14:44:10] [SPAMMIER] resolve queries> Query Filter: C:\Program Files\codeql\qlpacks\codeql\java-queries\1.11.5\Metrics\RefTypes\TLinesOfCode.ql failed the constraint of kind (was treemap).
[2026-07-14 14:44:10] [SPAMMIER] resolve queries> Query Filter: C:\Program Files\codeql\qlpacks\codeql\java-queries\1.11.5\Metrics\RefTypes\TLinesOfComment.ql failed the constraint of kind (was treemap).
[2026-07-14 14:44:10] [SPAMMIER] resolve queries> Query Filter: C:\Program Files\codeql\qlpacks\codeql\java-queries\1.11.5\Metrics\RefTypes\TNumberOfCallables.ql failed the constraint of kind (was treemap).
[2026-07-14 14:44:10] [SPAMMIER] resolve queries> Query Filter: C:\Program Files\codeql\qlpacks\codeql\java-queries\1.11.5\Metrics\RefTypes\TNumberOfFields.ql failed the constraint of kind (was treemap).
[2026-07-14 14:44:10] [SPAMMIER] resolve queries> Query Filter: C:\Program Files\codeql\qlpacks\codeql\java-queries\1.11.5\Metrics\RefTypes\TNumberOfStatements.ql failed the constraint of kind (was treemap).
[2026-07-14 14:44:10] [SPAMMIER] resolve queries> Query Filter: C:\Program Files\codeql\qlpacks\codeql\java-queries\1.11.5\Metrics\RefTypes\TPercentageOfComments.ql failed the constraint of kind (was treemap).
[2026-07-14 14:44:10] [SPAMMIER] resolve queries> Query Filter: C:\Program Files\codeql\qlpacks\codeql\java-queries\1.11.5\Metrics\RefTypes\TPercentageOfComplexCode.ql failed the constraint of kind (was treemap).
[2026-07-14 14:44:10] [SPAMMIER] resolve queries> Query Filter: C:\Program Files\codeql\qlpacks\codeql\java-queries\1.11.5\Metrics\RefTypes\TResponse.ql failed the constraint of kind (was treemap).
[2026-07-14 14:44:10] [SPAMMIER] resolve queries> Query Filter: C:\Program Files\codeql\qlpacks\codeql\java-queries\1.11.5\Metrics\RefTypes\TSelfContainedness.ql failed the constraint of kind (was treemap).
[2026-07-14 14:44:10] [SPAMMIER] resolve queries> Query Filter: C:\Program Files\codeql\qlpacks\codeql\java-queries\1.11.5\Metrics\RefTypes\TSizeOfAPI.ql failed the constraint of kind (was treemap).
[2026-07-14 14:44:10] [SPAMMIER] resolve queries> Query Filter: C:\Program Files\codeql\qlpacks\codeql\java-queries\1.11.5\Metrics\RefTypes\TSpecialisationIndex.ql failed the constraint of kind (was treemap).
[2026-07-14 14:44:10] [SPAMMIER] resolve queries> Query Filter: C:\Program Files\codeql\qlpacks\codeql\java-queries\1.11.5\Metrics\Summaries\FrameworkCoverage.ql failed the constraint of kind (was metric).
[2026-07-14 14:44:10] [SPAMMIER] resolve queries> Query Filter: C:\Program Files\codeql\qlpacks\codeql\java-queries\1.11.5\Metrics\Summaries\GeneratedVsManualCoverage.ql failed the constraint of kind (was table).
[2026-07-14 14:44:10] [SPAMMIER] resolve queries> Query Filter: C:\Program Files\codeql\qlpacks\codeql\java-queries\1.11.5\Metrics\Summaries\LinesOfCode.ql failed the constraint of kind (was metric).
[2026-07-14 14:44:10] [SPAMMIER] resolve queries> Query Filter: C:\Program Files\codeql\qlpacks\codeql\java-queries\1.11.5\Metrics\Summaries\LinesOfCodeJava.ql failed the constraint of kind (was metric).
[2026-07-14 14:44:10] [SPAMMIER] resolve queries> Query Filter: C:\Program Files\codeql\qlpacks\codeql\java-queries\1.11.5\Metrics\Summaries\LinesOfCodeKotlin.ql failed the constraint of kind (was metric).
[2026-07-14 14:44:10] [SPAMMIER] resolve queries> Query Filter: C:\Program Files\codeql\qlpacks\codeql\java-queries\1.11.5\Performance\ConcatenationInLoops.ql failed the constraint of precision (was low).
[2026-07-14 14:44:10] [SPAMMIER] resolve queries> Query Filter: C:\Program Files\codeql\qlpacks\codeql\java-queries\1.11.5\Performance\InefficientEmptyStringTest.ql failed the constraint of precision (was high).
[2026-07-14 14:44:10] [SPAMMIER] resolve queries> Query Filter: C:\Program Files\codeql\qlpacks\codeql\java-queries\1.11.5\Performance\InefficientKeySetIterator.ql failed the constraint of precision (was high).
[2026-07-14 14:44:10] [SPAMMIER] resolve queries> Query Filter: C:\Program Files\codeql\qlpacks\codeql\java-queries\1.11.5\Performance\InefficientOutputStream.ql failed the constraint of precision (was very-high).
[2026-07-14 14:44:10] [SPAMMIER] resolve queries> Query Filter: C:\Program Files\codeql\qlpacks\codeql\java-queries\1.11.5\Performance\InefficientPrimConstructor.ql failed the constraint of precision (was high).
[2026-07-14 14:44:10] [SPAMMIER] resolve queries> Query Filter: C:\Program Files\codeql\qlpacks\codeql\java-queries\1.11.5\Performance\InnerClassCouldBeStatic.ql failed the constraint of precision (was high).
[2026-07-14 14:44:10] [SPAMMIER] resolve queries> Query Filter: C:\Program Files\codeql\qlpacks\codeql\java-queries\1.11.5\Performance\NewStringString.ql failed the constraint of precision (was high).
[2026-07-14 14:44:10] [SPAMMIER] resolve queries> Query Filter: C:\Program Files\codeql\qlpacks\codeql\java-queries\1.11.5\Performance\StringReplaceAllWithNonRegex.ql failed the constraint of precision (was very-high).
[2026-07-14 14:44:10] [SPAMMIER] resolve queries> Query Filter: C:\Program Files\codeql\qlpacks\codeql\java-queries\1.11.5\Security\CWE\CWE-020\ExternalAPIsUsedWithUntrustedData.ql failed the constraint of kind (was table).
[2026-07-14 14:44:10] [SPAMMIER] resolve queries> Query Filter: C:\Program Files\codeql\qlpacks\codeql\java-queries\1.11.5\Security\CWE\CWE-020\UntrustedDataToExternalAPI.ql failed the constraint of precision (was low).
[2026-07-14 14:44:10] [SPAMMY] resolve queries> Query Filter: Including C:\Program Files\codeql\qlpacks\codeql\java-queries\1.11.5\Security\CWE\CWE-023\PartialPathTraversal.ql.
[2026-07-14 14:44:10] [SPAMMY] resolve queries> Query Filter: Including C:\Program Files\codeql\qlpacks\codeql\java-queries\1.11.5\Security\CWE\CWE-078\ExecRelative.ql.
[2026-07-14 14:44:10] [SPAMMY] resolve queries> Query Filter: Including C:\Program Files\codeql\qlpacks\codeql\java-queries\1.11.5\Security\CWE\CWE-078\ExecTaintedEnvironment.ql.
[2026-07-14 14:44:10] [SPAMMY] resolve queries> Query Filter: Including C:\Program Files\codeql\qlpacks\codeql\java-queries\1.11.5\Security\CWE\CWE-078\ExecUnescaped.ql.
[2026-07-14 14:44:10] [SPAMMY] resolve queries> Query Filter: Including C:\Program Files\codeql\qlpacks\codeql\java-queries\1.11.5\Security\CWE\CWE-079\AndroidWebViewAddJavascriptInterface.ql.
[2026-07-14 14:44:10] [SPAMMY] resolve queries> Query Filter: Including C:\Program Files\codeql\qlpacks\codeql\java-queries\1.11.5\Security\CWE\CWE-079\AndroidWebViewSettingsEnabledJavaScript.ql.
[2026-07-14 14:44:10] [SPAMMY] resolve queries> Query Filter: Including C:\Program Files\codeql\qlpacks\codeql\java-queries\1.11.5\Security\CWE\CWE-089\SqlConcatenated.ql.
[2026-07-14 14:44:10] [SPAMMY] resolve queries> Query Filter: Including C:\Program Files\codeql\qlpacks\codeql\java-queries\1.11.5\Security\CWE\CWE-094\ArbitraryApkInstallation.ql.
[2026-07-14 14:44:10] [SPAMMY] resolve queries> Query Filter: Including C:\Program Files\codeql\qlpacks\codeql\java-queries\1.11.5\Security\CWE\CWE-117\LogInjection.ql.
[2026-07-14 14:44:10] [SPAMMY] resolve queries> Query Filter: Including C:\Program Files\codeql\qlpacks\codeql\java-queries\1.11.5\Security\CWE\CWE-129\ImproperValidationOfArrayConstruction.ql.
[2026-07-14 14:44:10] [SPAMMIER] resolve queries> Query Filter: C:\Program Files\codeql\qlpacks\codeql\java-queries\1.11.5\Security\CWE\CWE-129\ImproperValidationOfArrayConstructionCodeSpecified.ql failed the constraint of problem.severity (was recommendation).
[2026-07-14 14:44:10] [SPAMMY] resolve queries> Query Filter: Including C:\Program Files\codeql\qlpacks\codeql\java-queries\1.11.5\Security\CWE\CWE-129\ImproperValidationOfArrayIndex.ql.
[2026-07-14 14:44:10] [SPAMMIER] resolve queries> Query Filter: C:\Program Files\codeql\qlpacks\codeql\java-queries\1.11.5\Security\CWE\CWE-129\ImproperValidationOfArrayIndexCodeSpecified.ql failed the constraint of problem.severity (was recommendation).
[2026-07-14 14:44:10] [SPAMMY] resolve queries> Query Filter: Including C:\Program Files\codeql\qlpacks\codeql\java-queries\1.11.5\Security\CWE\CWE-190\ArithmeticTainted.ql.
[2026-07-14 14:44:10] [SPAMMY] resolve queries> Query Filter: Including C:\Program Files\codeql\qlpacks\codeql\java-queries\1.11.5\Security\CWE\CWE-190\ArithmeticUncontrolled.ql.
[2026-07-14 14:44:10] [SPAMMIER] resolve queries> Query Filter: C:\Program Files\codeql\qlpacks\codeql\java-queries\1.11.5\Security\CWE\CWE-190\ArithmeticWithExtremeValues.ql failed the constraint of problem.severity (was recommendation).
[2026-07-14 14:44:10] [SPAMMY] resolve queries> Query Filter: Including C:\Program Files\codeql\qlpacks\codeql\java-queries\1.11.5\Security\CWE\CWE-190\ComparisonWithWiderType.ql.
[2026-07-14 14:44:10] [SPAMMY] resolve queries> Query Filter: Including C:\Program Files\codeql\qlpacks\codeql\java-queries\1.11.5\Security\CWE\CWE-200\AndroidSensitiveNotifications.ql.
[2026-07-14 14:44:10] [SPAMMY] resolve queries> Query Filter: Including C:\Program Files\codeql\qlpacks\codeql\java-queries\1.11.5\Security\CWE\CWE-200\AndroidSensitiveTextField.ql.
[2026-07-14 14:44:10] [SPAMMY] resolve queries> Query Filter: Including C:\Program Files\codeql\qlpacks\codeql\java-queries\1.11.5\Security\CWE\CWE-200\AndroidWebViewSettingsAllowsContentAccess.ql.
[2026-07-14 14:44:10] [SPAMMY] resolve queries> Query Filter: Including C:\Program Files\codeql\qlpacks\codeql\java-queries\1.11.5\Security\CWE\CWE-200\AndroidWebViewSettingsFileAccess.ql.
[2026-07-14 14:44:10] [SPAMMY] resolve queries> Query Filter: Including C:\Program Files\codeql\qlpacks\codeql\java-queries\1.11.5\Security\CWE\CWE-200\TempDirLocalInformationDisclosure.ql.
[2026-07-14 14:44:10] [SPAMMY] resolve queries> Query Filter: Including C:\Program Files\codeql\qlpacks\codeql\java-queries\1.11.5\Security\CWE\CWE-273\UnsafeCertTrust.ql.
[2026-07-14 14:44:10] [SPAMMY] resolve queries> Query Filter: Including C:\Program Files\codeql\qlpacks\codeql\java-queries\1.11.5\Security\CWE\CWE-287\AndroidInsecureKeys.ql.
[2026-07-14 14:44:10] [SPAMMY] resolve queries> Query Filter: Including C:\Program Files\codeql\qlpacks\codeql\java-queries\1.11.5\Security\CWE\CWE-295\AndroidMissingCertificatePinning.ql.
[2026-07-14 14:44:10] [SPAMMY] resolve queries> Query Filter: Including C:\Program Files\codeql\qlpacks\codeql\java-queries\1.11.5\Security\CWE\CWE-297\InsecureJavaMail.ql.
[2026-07-14 14:44:10] [SPAMMY] resolve queries> Query Filter: Including C:\Program Files\codeql\qlpacks\codeql\java-queries\1.11.5\Security\CWE\CWE-312\CleartextStorageAndroidDatabase.ql.
[2026-07-14 14:44:10] [SPAMMY] resolve queries> Query Filter: Including C:\Program Files\codeql\qlpacks\codeql\java-queries\1.11.5\Security\CWE\CWE-312\CleartextStorageAndroidFilesystem.ql.
[2026-07-14 14:44:10] [SPAMMIER] resolve queries> Query Filter: C:\Program Files\codeql\qlpacks\codeql\java-queries\1.11.5\Security\CWE\CWE-312\CleartextStorageClass.ql failed the constraint of problem.severity (was recommendation).
[2026-07-14 14:44:10] [SPAMMY] resolve queries> Query Filter: Including C:\Program Files\codeql\qlpacks\codeql\java-queries\1.11.5\Security\CWE\CWE-312\CleartextStorageProperties.ql.
[2026-07-14 14:44:10] [SPAMMY] resolve queries> Query Filter: Including C:\Program Files\codeql\qlpacks\codeql\java-queries\1.11.5\Security\CWE\CWE-312\CleartextStorageSharedPrefs.ql.
[2026-07-14 14:44:10] [SPAMMIER] resolve queries> Query Filter: C:\Program Files\codeql\qlpacks\codeql\java-queries\1.11.5\Security\CWE\CWE-319\HttpsUrls.ql failed the constraint of problem.severity (was recommendation).
[2026-07-14 14:44:10] [SPAMMIER] resolve queries> Query Filter: C:\Program Files\codeql\qlpacks\codeql\java-queries\1.11.5\Security\CWE\CWE-319\UseSSL.ql failed the constraint of problem.severity (was recommendation).
[2026-07-14 14:44:10] [SPAMMIER] resolve queries> Query Filter: C:\Program Files\codeql\qlpacks\codeql\java-queries\1.11.5\Security\CWE\CWE-319\UseSSLSocketFactories.ql failed the constraint of problem.severity (was recommendation).
[2026-07-14 14:44:10] [SPAMMY] resolve queries> Query Filter: Including C:\Program Files\codeql\qlpacks\codeql\java-queries\1.11.5\Security\CWE\CWE-327\MaybeBrokenCryptoAlgorithm.ql.
[2026-07-14 14:44:10] [SPAMMY] resolve queries> Query Filter: Including C:\Program Files\codeql\qlpacks\codeql\java-queries\1.11.5\Security\CWE\CWE-352\CsrfUnprotectedRequestType.ql.
[2026-07-14 14:44:10] [SPAMMY] resolve queries> Query Filter: Including C:\Program Files\codeql\qlpacks\codeql\java-queries\1.11.5\Security\CWE\CWE-367\TOCTOURace.ql.
[2026-07-14 14:44:10] [SPAMMY] resolve queries> Query Filter: Including C:\Program Files\codeql\qlpacks\codeql\java-queries\1.11.5\Security\CWE\CWE-421\SocketAuthRace.ql.
[2026-07-14 14:44:10] [SPAMMY] resolve queries> Query Filter: Including C:\Program Files\codeql\qlpacks\codeql\java-queries\1.11.5\Security\CWE\CWE-501\TrustBoundaryViolation.ql.
[2026-07-14 14:44:10] [SPAMMY] resolve queries> Query Filter: Including C:\Program Files\codeql\qlpacks\codeql\java-queries\1.11.5\Security\CWE\CWE-522\InsecureBasicAuth.ql.
[2026-07-14 14:44:10] [SPAMMY] resolve queries> Query Filter: Including C:\Program Files\codeql\qlpacks\codeql\java-queries\1.11.5\Security\CWE\CWE-524\SensitiveKeyboardCache.ql.
[2026-07-14 14:44:10] [SPAMMY] resolve queries> Query Filter: Including C:\Program Files\codeql\qlpacks\codeql\java-queries\1.11.5\Security\CWE\CWE-532\SensitiveInfoLog.ql.
[2026-07-14 14:44:10] [SPAMMY] resolve queries> Query Filter: Including C:\Program Files\codeql\qlpacks\codeql\java-queries\1.11.5\Security\CWE\CWE-676\PotentiallyDangerousFunction.ql.
[2026-07-14 14:44:10] [SPAMMY] resolve queries> Query Filter: Including C:\Program Files\codeql\qlpacks\codeql\java-queries\1.11.5\Security\CWE\CWE-749\UnsafeAndroidAccess.ql.
[2026-07-14 14:44:10] [SPAMMIER] resolve queries> Query Filter: C:\Program Files\codeql\qlpacks\codeql\java-queries\1.11.5\Security\CWE\CWE-798\HardcodedCredentialsApiCall.ql failed the constraint of precision (was low).
[2026-07-14 14:44:10] [SPAMMIER] resolve queries> Query Filter: C:\Program Files\codeql\qlpacks\codeql\java-queries\1.11.5\Security\CWE\CWE-798\HardcodedCredentialsComparison.ql failed the constraint of precision (was low).
[2026-07-14 14:44:10] [SPAMMIER] resolve queries> Query Filter: C:\Program Files\codeql\qlpacks\codeql\java-queries\1.11.5\Security\CWE\CWE-798\HardcodedCredentialsSourceCall.ql failed the constraint of precision (was low).
[2026-07-14 14:44:10] [SPAMMIER] resolve queries> Query Filter: C:\Program Files\codeql\qlpacks\codeql\java-queries\1.11.5\Security\CWE\CWE-798\HardcodedPasswordField.ql failed the constraint of precision (was low).
[2026-07-14 14:44:10] [SPAMMY] resolve queries> Query Filter: Including C:\Program Files\codeql\qlpacks\codeql\java-queries\1.11.5\Security\CWE\CWE-807\ConditionalBypass.ql.
[2026-07-14 14:44:10] [SPAMMIER] resolve queries> Query Filter: C:\Program Files\codeql\qlpacks\codeql\java-queries\1.11.5\Security\CWE\CWE-833\LockOrderInconsistency.ql failed the constraint of problem.severity (was recommendation).
[2026-07-14 14:44:10] [SPAMMY] resolve queries> Query Filter: Including C:\Program Files\codeql\qlpacks\codeql\java-queries\1.11.5\Security\CWE\CWE-835\InfiniteLoop.ql.
[2026-07-14 14:44:10] [SPAMMY] resolve queries> Query Filter: Including C:\Program Files\codeql\qlpacks\codeql\java-queries\1.11.5\Security\CWE\CWE-926\ContentProviderIncompletePermissions.ql.
[2026-07-14 14:44:10] [SPAMMY] resolve queries> Query Filter: Including C:\Program Files\codeql\qlpacks\codeql\java-queries\1.11.5\Security\CWE\CWE-927\SensitiveCommunication.ql.
[2026-07-14 14:44:10] [SPAMMY] resolve queries> Query Filter: Including C:\Program Files\codeql\qlpacks\codeql\java-queries\1.11.5\Security\CWE\CWE-927\SensitiveResultReceiver.ql.
[2026-07-14 14:44:10] [SPAMMIER] resolve queries> Query Filter: C:\Program Files\codeql\qlpacks\codeql\java-queries\1.11.5\Telemetry\DatabaseQualityDiagnostics.ql failed the constraint of kind (was diagnostic).
[2026-07-14 14:44:10] [SPAMMIER] resolve queries> Query Filter: C:\Program Files\codeql\qlpacks\codeql\java-queries\1.11.5\Telemetry\ExternalLibraryUsage.ql failed the constraint of kind (was metric).
[2026-07-14 14:44:10] [SPAMMIER] resolve queries> Query Filter: C:\Program Files\codeql\qlpacks\codeql\java-queries\1.11.5\Telemetry\ExtractorInformation.ql failed the constraint of kind (was metric).
[2026-07-14 14:44:10] [SPAMMIER] resolve queries> Query Filter: C:\Program Files\codeql\qlpacks\codeql\java-queries\1.11.5\Telemetry\SupportedExternalApis.ql failed the constraint of kind (was metric).
[2026-07-14 14:44:10] [SPAMMIER] resolve queries> Query Filter: C:\Program Files\codeql\qlpacks\codeql\java-queries\1.11.5\Telemetry\SupportedExternalSinks.ql failed the constraint of kind (was metric).
[2026-07-14 14:44:10] [SPAMMIER] resolve queries> Query Filter: C:\Program Files\codeql\qlpacks\codeql\java-queries\1.11.5\Telemetry\SupportedExternalSources.ql failed the constraint of kind (was metric).
[2026-07-14 14:44:10] [SPAMMIER] resolve queries> Query Filter: C:\Program Files\codeql\qlpacks\codeql\java-queries\1.11.5\Telemetry\SupportedExternalTaint.ql failed the constraint of kind (was metric).
[2026-07-14 14:44:10] [SPAMMIER] resolve queries> Query Filter: C:\Program Files\codeql\qlpacks\codeql\java-queries\1.11.5\Telemetry\UnsupportedExternalAPIs.ql failed the constraint of kind (was metric).
[2026-07-14 14:44:10] [SPAMMIER] resolve queries> Query Filter: C:\Program Files\codeql\qlpacks\codeql\java-queries\1.11.5\utils\modelconverter\ExtractNeutrals.ql failed the constraint of kind (not present).
[2026-07-14 14:44:10] [SPAMMIER] resolve queries> Query Filter: C:\Program Files\codeql\qlpacks\codeql\java-queries\1.11.5\utils\modelconverter\ExtractSinks.ql failed the constraint of kind (not present).
[2026-07-14 14:44:10] [SPAMMIER] resolve queries> Query Filter: C:\Program Files\codeql\qlpacks\codeql\java-queries\1.11.5\utils\modelconverter\ExtractSources.ql failed the constraint of kind (not present).
[2026-07-14 14:44:10] [SPAMMIER] resolve queries> Query Filter: C:\Program Files\codeql\qlpacks\codeql\java-queries\1.11.5\utils\modelconverter\ExtractSummaries.ql failed the constraint of kind (not present).
[2026-07-14 14:44:10] [SPAMMIER] resolve queries> Query Filter: C:\Program Files\codeql\qlpacks\codeql\java-queries\1.11.5\utils\modeleditor\ApplicationModeEndpoints.ql failed the constraint of kind (was table).
[2026-07-14 14:44:10] [SPAMMIER] resolve queries> Query Filter: C:\Program Files\codeql\qlpacks\codeql\java-queries\1.11.5\utils\modeleditor\FrameworkModeEndpoints.ql failed the constraint of kind (was table).
[2026-07-14 14:44:10] [SPAMMIER] resolve queries> Query Filter: C:\Program Files\codeql\qlpacks\codeql\java-queries\1.11.5\utils\modelgenerator\CaptureContentSummaryModels.ql failed the constraint of kind (was diagnostic).
[2026-07-14 14:44:10] [SPAMMIER] resolve queries> Query Filter: C:\Program Files\codeql\qlpacks\codeql\java-queries\1.11.5\utils\modelgenerator\CaptureNeutralModels.ql failed the constraint of kind (was diagnostic).
[2026-07-14 14:44:10] [SPAMMIER] resolve queries> Query Filter: C:\Program Files\codeql\qlpacks\codeql\java-queries\1.11.5\utils\modelgenerator\CaptureSinkModels.ql failed the constraint of kind (was diagnostic).
[2026-07-14 14:44:10] [SPAMMIER] resolve queries> Query Filter: C:\Program Files\codeql\qlpacks\codeql\java-queries\1.11.5\utils\modelgenerator\CaptureSourceModels.ql failed the constraint of kind (was diagnostic).
[2026-07-14 14:44:10] [SPAMMIER] resolve queries> Query Filter: C:\Program Files\codeql\qlpacks\codeql\java-queries\1.11.5\utils\modelgenerator\CaptureSummaryModels.ql failed the constraint of kind (was diagnostic).
[2026-07-14 14:44:10] [SPAMMIER] resolve queries> Query Filter: C:\Program Files\codeql\qlpacks\codeql\java-queries\1.11.5\utils\modelgenerator\CaptureTypeBasedSummaryModels.ql failed the constraint of kind (was diagnostic).
[2026-07-14 14:44:10] [SPAMMIER] resolve queries> Query Filter: C:\Program Files\codeql\qlpacks\codeql\java-queries\1.11.5\utils\modelgenerator\debug\CaptureSummaryModelsPartialPath.ql failed the constraint of precision (was low).
[2026-07-14 14:44:10] [SPAMMIER] resolve queries> Query Filter: C:\Program Files\codeql\qlpacks\codeql\java-queries\1.11.5\utils\modelgenerator\debug\CaptureSummaryModelsPath.ql failed the constraint of precision (was low).
[2026-07-14 14:44:10] [SPAMMIER] resolve queries> Query Filter: C:\Program Files\codeql\qlpacks\codeql\java-queries\1.11.5\utils\stub-generator\MinimalStubsFromSource.ql failed the constraint of kind (not present).
[2026-07-14 14:44:10] [SPAMMIER] resolve queries> Query Filter: C:\Program Files\codeql\qlpacks\codeql\java-queries\1.11.5\Violations of Best Practice\Boolean Logic\SimplifyBoolExpr.ql failed the constraint of precision (was low).
[2026-07-14 14:44:10] [SPAMMIER] resolve queries> Query Filter: C:\Program Files\codeql\qlpacks\codeql\java-queries\1.11.5\Violations of Best Practice\Boxed Types\BoxedVariable.ql failed the constraint of precision (was very-high).
[2026-07-14 14:44:10] [SPAMMIER] resolve queries> Query Filter: C:\Program Files\codeql\qlpacks\codeql\java-queries\1.11.5\Violations of Best Practice\Comments\CommentedCode.ql failed the constraint of precision (was low).
[2026-07-14 14:44:10] [SPAMMIER] resolve queries> Query Filter: C:\Program Files\codeql\qlpacks\codeql\java-queries\1.11.5\Violations of Best Practice\Comments\TodoComments.ql failed the constraint of precision (was low).
[2026-07-14 14:44:10] [SPAMMIER] resolve queries> Query Filter: C:\Program Files\codeql\qlpacks\codeql\java-queries\1.11.5\Violations of Best Practice\Dead Code\AssignmentInReturn.ql failed the constraint of precision (was low).
[2026-07-14 14:44:10] [SPAMMIER] resolve queries> Query Filter: C:\Program Files\codeql\qlpacks\codeql\java-queries\1.11.5\Violations of Best Practice\Dead Code\CreatesEmptyZip.ql failed 'tags contain` constraint [quality, reliability, correctness]
[2026-07-14 14:44:10] [SPAMMIER] resolve queries> Query Filter: C:\Program Files\codeql\qlpacks\codeql\java-queries\1.11.5\Violations of Best Practice\Dead Code\DeadRefTypes.ql failed the constraint of precision (was high).
[2026-07-14 14:44:10] [SPAMMIER] resolve queries> Query Filter: C:\Program Files\codeql\qlpacks\codeql\java-queries\1.11.5\Violations of Best Practice\Dead Code\DeadStoreOfLocal.ql failed the constraint of precision (was low).
[2026-07-14 14:44:10] [SPAMMIER] resolve queries> Query Filter: C:\Program Files\codeql\qlpacks\codeql\java-queries\1.11.5\Violations of Best Practice\Dead Code\DeadStoreOfLocalUnread.ql failed the constraint of precision (was low).
[2026-07-14 14:44:10] [SPAMMIER] resolve queries> Query Filter: C:\Program Files\codeql\qlpacks\codeql\java-queries\1.11.5\Violations of Best Practice\Dead Code\EmptyFinalize.ql failed the constraint of precision (was low).
[2026-07-14 14:44:10] [SPAMMIER] resolve queries> Query Filter: C:\Program Files\codeql\qlpacks\codeql\java-queries\1.11.5\Violations of Best Practice\Dead Code\FinalizerNullsFields.ql failed the constraint of precision (was low).
[2026-07-14 14:44:10] [SPAMMIER] resolve queries> Query Filter: C:\Program Files\codeql\qlpacks\codeql\java-queries\1.11.5\Violations of Best Practice\Dead Code\InterfaceCannotBeImplemented.ql failed the constraint of precision (was very-high).
[2026-07-14 14:44:10] [SPAMMIER] resolve queries> Query Filter: C:\Program Files\codeql\qlpacks\codeql\java-queries\1.11.5\Violations of Best Practice\Dead Code\LocalInitialisedButNotUsed.ql failed the constraint of precision (was low).
[2026-07-14 14:44:10] [SPAMMIER] resolve queries> Query Filter: C:\Program Files\codeql\qlpacks\codeql\java-queries\1.11.5\Violations of Best Practice\Dead Code\LocalNotRead.ql failed the constraint of precision (was low).
[2026-07-14 14:44:10] [SPAMMIER] resolve queries> Query Filter: C:\Program Files\codeql\qlpacks\codeql\java-queries\1.11.5\Violations of Best Practice\Dead Code\NonAssignedFields.ql failed the constraint of precision (was low).
[2026-07-14 14:44:10] [SPAMMIER] resolve queries> Query Filter: C:\Program Files\codeql\qlpacks\codeql\java-queries\1.11.5\Violations of Best Practice\Dead Code\PointlessForwardingMethod.ql failed the constraint of precision (was low).
[2026-07-14 14:44:10] [SPAMMIER] resolve queries> Query Filter: C:\Program Files\codeql\qlpacks\codeql\java-queries\1.11.5\Violations of Best Practice\Dead Code\UnreadLocal.ql failed the constraint of precision (was high).
[2026-07-14 14:44:10] [SPAMMIER] resolve queries> Query Filter: C:\Program Files\codeql\qlpacks\codeql\java-queries\1.11.5\Violations of Best Practice\Dead Code\UnusedField.ql failed the constraint of precision (was low).
[2026-07-14 14:44:10] [SPAMMIER] resolve queries> Query Filter: C:\Program Files\codeql\qlpacks\codeql\java-queries\1.11.5\Violations of Best Practice\Dead Code\UnusedLabel.ql failed the constraint of precision (was high).
[2026-07-14 14:44:10] [SPAMMIER] resolve queries> Query Filter: C:\Program Files\codeql\qlpacks\codeql\java-queries\1.11.5\Violations of Best Practice\Dead Code\UnusedLocal.ql failed the constraint of precision (was low).
[2026-07-14 14:44:10] [SPAMMIER] resolve queries> Query Filter: C:\Program Files\codeql\qlpacks\codeql\java-queries\1.11.5\Violations of Best Practice\Declarations\BreakInSwitchCase.ql failed the constraint of precision (was low).
[2026-07-14 14:44:10] [SPAMMIER] resolve queries> Query Filter: C:\Program Files\codeql\qlpacks\codeql\java-queries\1.11.5\Violations of Best Practice\Declarations\MakeImportsExplicit.ql failed the constraint of precision (was low).
[2026-07-14 14:44:10] [SPAMMIER] resolve queries> Query Filter: C:\Program Files\codeql\qlpacks\codeql\java-queries\1.11.5\Violations of Best Practice\Declarations\NoConstantsOnly.ql failed the constraint of precision (was high).
[2026-07-14 14:44:10] [SPAMMIER] resolve queries> Query Filter: C:\Program Files\codeql\qlpacks\codeql\java-queries\1.11.5\Violations of Best Practice\Exception Handling\DroppedExceptions.ql failed the constraint of precision (was low).
[2026-07-14 14:44:10] [SPAMMIER] resolve queries> Query Filter: C:\Program Files\codeql\qlpacks\codeql\java-queries\1.11.5\Violations of Best Practice\Exception Handling\ExceptionCatch.ql failed the constraint of precision (was low).
[2026-07-14 14:44:10] [SPAMMIER] resolve queries> Query Filter: C:\Program Files\codeql\qlpacks\codeql\java-queries\1.11.5\Violations of Best Practice\Exception Handling\IgnoreExceptionalReturn.ql failed the constraint of precision (was high).
[2026-07-14 14:44:10] [SPAMMIER] resolve queries> Query Filter: C:\Program Files\codeql\qlpacks\codeql\java-queries\1.11.5\Violations of Best Practice\Exception Handling\NumberFormatException.ql failed the constraint of precision (was high).
[2026-07-14 14:44:10] [SPAMMIER] resolve queries> Query Filter: C:\Program Files\codeql\qlpacks\codeql\java-queries\1.11.5\Violations of Best Practice\Implementation Hiding\AbstractToConcreteCollection.ql failed the constraint of precision (was very-high).
[2026-07-14 14:44:10] [SPAMMIER] resolve queries> Query Filter: C:\Program Files\codeql\qlpacks\codeql\java-queries\1.11.5\Violations of Best Practice\Implementation Hiding\ExposeRepresentation.ql failed the constraint of precision (was high).
[2026-07-14 14:44:10] [SPAMMIER] resolve queries> Query Filter: C:\Program Files\codeql\qlpacks\codeql\java-queries\1.11.5\Violations of Best Practice\Implementation Hiding\GetClassGetResource.ql failed 'tags contain` constraint [quality, reliability, correctness]
[2026-07-14 14:44:10] [SPAMMIER] resolve queries> Query Filter: C:\Program Files\codeql\qlpacks\codeql\java-queries\1.11.5\Violations of Best Practice\Implementation Hiding\StaticArray.ql failed the constraint of precision (was low).
[2026-07-14 14:44:10] [SPAMMIER] resolve queries> Query Filter: C:\Program Files\codeql\qlpacks\codeql\java-queries\1.11.5\Violations of Best Practice\Implementation Hiding\VisibleForTestingAbuse.ql failed the constraint of precision (was high).
[2026-07-14 14:44:10] [SPAMMIER] resolve queries> Query Filter: C:\Program Files\codeql\qlpacks\codeql\java-queries\1.11.5\Violations of Best Practice\legacy\AutoBoxing.ql failed the constraint of precision (was low).
[2026-07-14 14:44:10] [SPAMMIER] resolve queries> Query Filter: C:\Program Files\codeql\qlpacks\codeql\java-queries\1.11.5\Violations of Best Practice\legacy\FinallyMayNotComplete.ql failed the constraint of precision (was low).
[2026-07-14 14:44:10] [SPAMMIER] resolve queries> Query Filter: C:\Program Files\codeql\qlpacks\codeql\java-queries\1.11.5\Violations of Best Practice\legacy\InexactVarArg.ql failed the constraint of precision (was low).
[2026-07-14 14:44:10] [SPAMMIER] resolve queries> Query Filter: C:\Program Files\codeql\qlpacks\codeql\java-queries\1.11.5\Violations of Best Practice\legacy\ParameterAssignment.ql failed the constraint of precision (was low).
[2026-07-14 14:44:10] [SPAMMIER] resolve queries> Query Filter: C:\Program Files\codeql\qlpacks\codeql\java-queries\1.11.5\Violations of Best Practice\legacy\UnnecessaryCast.ql failed the constraint of precision (was low).
[2026-07-14 14:44:10] [SPAMMIER] resolve queries> Query Filter: C:\Program Files\codeql\qlpacks\codeql\java-queries\1.11.5\Violations of Best Practice\legacy\UnnecessaryImport.ql failed the constraint of precision (was low).
[2026-07-14 14:44:10] [SPAMMIER] resolve queries> Query Filter: C:\Program Files\codeql\qlpacks\codeql\java-queries\1.11.5\Violations of Best Practice\Magic Constants\MagicConstantsNumbers.ql failed the constraint of precision (was low).
[2026-07-14 14:44:10] [SPAMMIER] resolve queries> Query Filter: C:\Program Files\codeql\qlpacks\codeql\java-queries\1.11.5\Violations of Best Practice\Magic Constants\MagicConstantsString.ql failed the constraint of precision (was low).
[2026-07-14 14:44:10] [SPAMMIER] resolve queries> Query Filter: C:\Program Files\codeql\qlpacks\codeql\java-queries\1.11.5\Violations of Best Practice\Magic Constants\MagicNumbersUseConstant.ql failed the constraint of precision (was low).
[2026-07-14 14:44:10] [SPAMMIER] resolve queries> Query Filter: C:\Program Files\codeql\qlpacks\codeql\java-queries\1.11.5\Violations of Best Practice\Magic Constants\MagicStringsUseConstant.ql failed the constraint of precision (was low).
[2026-07-14 14:44:10] [SPAMMIER] resolve queries> Query Filter: C:\Program Files\codeql\qlpacks\codeql\java-queries\1.11.5\Violations of Best Practice\Naming Conventions\AmbiguousOuterSuper.ql failed the constraint of precision (was very-high).
[2026-07-14 14:44:10] [SPAMMIER] resolve queries> Query Filter: C:\Program Files\codeql\qlpacks\codeql\java-queries\1.11.5\Violations of Best Practice\Naming Conventions\ConfusingMethodNames.ql failed the constraint of precision (was high).
[2026-07-14 14:44:10] [SPAMMIER] resolve queries> Query Filter: C:\Program Files\codeql\qlpacks\codeql\java-queries\1.11.5\Violations of Best Practice\Naming Conventions\ConfusingOverloading.ql failed the constraint of precision (was high).
[2026-07-14 14:44:10] [SPAMMIER] resolve queries> Query Filter: C:\Program Files\codeql\qlpacks\codeql\java-queries\1.11.5\Violations of Best Practice\Naming Conventions\ConfusingOverridesNames.ql failed the constraint of precision (was low).
[2026-07-14 14:44:10] [SPAMMIER] resolve queries> Query Filter: C:\Program Files\codeql\qlpacks\codeql\java-queries\1.11.5\Violations of Best Practice\Naming Conventions\FieldMasksSuperField.ql failed 'tags contain` constraint [quality, maintainability, readability, correctness]
[2026-07-14 14:44:10] [SPAMMIER] resolve queries> Query Filter: C:\Program Files\codeql\qlpacks\codeql\java-queries\1.11.5\Violations of Best Practice\Naming Conventions\LocalShadowsField.ql failed the constraint of precision (was low).
[2026-07-14 14:44:10] [SPAMMIER] resolve queries> Query Filter: C:\Program Files\codeql\qlpacks\codeql\java-queries\1.11.5\Violations of Best Practice\Naming Conventions\LocalShadowsFieldConfusing.ql failed the constraint of precision (was high).
[2026-07-14 14:44:10] [SPAMMIER] resolve queries> Query Filter: C:\Program Files\codeql\qlpacks\codeql\java-queries\1.11.5\Violations of Best Practice\Naming Conventions\SameNameAsSuper.ql failed the constraint of precision (was high).
[2026-07-14 14:44:10] [SPAMMIER] resolve queries> Query Filter: C:\Program Files\codeql\qlpacks\codeql\java-queries\1.11.5\Violations of Best Practice\Records\IgnoredSerializationMembersOfRecordClass.ql failed the constraint of precision (was very-high).
[2026-07-14 14:44:10] [SPAMMIER] resolve queries> Query Filter: C:\Program Files\codeql\qlpacks\codeql\java-queries\1.11.5\Violations of Best Practice\SpecialCharactersInLiterals\NonExplicitControlAndWhitespaceCharsInLiterals.ql failed the constraint of precision (was very-high).
[2026-07-14 14:44:10] [SPAMMIER] resolve queries> Query Filter: C:\Program Files\codeql\qlpacks\codeql\java-queries\1.11.5\Violations of Best Practice\Testing\ExcessivePublicMethodMocking.ql failed the constraint of precision (was high).
[2026-07-14 14:44:10] [SPAMMIER] resolve queries> Query Filter: C:\Program Files\codeql\qlpacks\codeql\java-queries\1.11.5\Violations of Best Practice\Undesirable Calls\CallsToRunFinalizersOnExit.ql failed 'tags contain` constraint [quality, reliability, correctness, performance]
[2026-07-14 14:44:10] [SPAMMIER] resolve queries> Query Filter: C:\Program Files\codeql\qlpacks\codeql\java-queries\1.11.5\Violations of Best Practice\Undesirable Calls\CallsToStringToString.ql failed the constraint of precision (was high).
[2026-07-14 14:44:10] [SPAMMIER] resolve queries> Query Filter: C:\Program Files\codeql\qlpacks\codeql\java-queries\1.11.5\Violations of Best Practice\Undesirable Calls\CallsToSystemExit.ql failed 'tags contain` constraint [quality, reliability, correctness, external/cwe/cwe-382]
[2026-07-14 14:44:10] [SPAMMIER] resolve queries> Query Filter: C:\Program Files\codeql\qlpacks\codeql\java-queries\1.11.5\Violations of Best Practice\Undesirable Calls\DefaultToString.ql failed the constraint of precision (was high).
[2026-07-14 14:44:10] [SPAMMIER] resolve queries> Query Filter: C:\Program Files\codeql\qlpacks\codeql\java-queries\1.11.5\Violations of Best Practice\Undesirable Calls\DoNotCallFinalize.ql failed the constraint of precision (was high).
[2026-07-14 14:44:10] [SPAMMIER] resolve queries> Query Filter: C:\Program Files\codeql\qlpacks\codeql\java-queries\1.11.5\Violations of Best Practice\Undesirable Calls\GarbageCollection.ql failed the constraint of precision (was low).
[2026-07-14 14:44:10] [SPAMMIER] resolve queries> Query Filter: C:\Program Files\codeql\qlpacks\codeql\java-queries\1.11.5\Violations of Best Practice\Undesirable Calls\NextFromIterator.ql failed 'tags contain` constraint [quality, reliability, correctness]
[2026-07-14 14:44:10] [SPAMMIER] resolve queries> Query Filter: C:\Program Files\codeql\qlpacks\codeql\java-queries\1.11.5\Violations of Best Practice\Undesirable Calls\PrintLnArray.ql failed the constraint of precision (was very-high).
[2026-07-14 14:44:10] [SPAMMIER] resolve queries> Resolution instruction: include.
[2026-07-14 14:44:10] [SPAMMY] resolve queries> Query Filter: Including by constraints kind=diagnostic.
[2026-07-14 14:44:10] [SPAMMIER] resolve queries> Query Filter: C:\Program Files\codeql\qlpacks\codeql\java-queries\1.11.5\Advisory\Declarations\MissingOverrideAnnotation.ql failed the constraint of kind (was problem).
[2026-07-14 14:44:10] [SPAMMIER] resolve queries> Query Filter: C:\Program Files\codeql\qlpacks\codeql\java-queries\1.11.5\Advisory\Declarations\NonFinalImmutableField.ql failed the constraint of kind (was problem).
[2026-07-14 14:44:10] [SPAMMIER] resolve queries> Query Filter: C:\Program Files\codeql\qlpacks\codeql\java-queries\1.11.5\Advisory\Declarations\NonPrivateField.ql failed the constraint of kind (was problem).
[2026-07-14 14:44:10] [SPAMMIER] resolve queries> Query Filter: C:\Program Files\codeql\qlpacks\codeql\java-queries\1.11.5\Advisory\Deprecated Code\AvoidDeprecatedCallableAccess.ql failed the constraint of kind (was problem).
[2026-07-14 14:44:10] [SPAMMIER] resolve queries> Query Filter: C:\Program Files\codeql\qlpacks\codeql\java-queries\1.11.5\Advisory\Documentation\ImpossibleJavadocThrows.ql failed the constraint of kind (was problem).
[2026-07-14 14:44:10] [SPAMMIER] resolve queries> Query Filter: C:\Program Files\codeql\qlpacks\codeql\java-queries\1.11.5\Advisory\Documentation\MissingJavadocMethods.ql failed the constraint of kind (was problem).
[2026-07-14 14:44:10] [SPAMMIER] resolve queries> Query Filter: C:\Program Files\codeql\qlpacks\codeql\java-queries\1.11.5\Advisory\Documentation\MissingJavadocParameters.ql failed the constraint of kind (was problem).
[2026-07-14 14:44:10] [SPAMMIER] resolve queries> Query Filter: C:\Program Files\codeql\qlpacks\codeql\java-queries\1.11.5\Advisory\Documentation\MissingJavadocReturnValues.ql failed the constraint of kind (was problem).
[2026-07-14 14:44:10] [SPAMMIER] resolve queries> Query Filter: C:\Program Files\codeql\qlpacks\codeql\java-queries\1.11.5\Advisory\Documentation\MissingJavadocThrows.ql failed the constraint of kind (was problem).
[2026-07-14 14:44:10] [SPAMMIER] resolve queries> Query Filter: C:\Program Files\codeql\qlpacks\codeql\java-queries\1.11.5\Advisory\Documentation\MissingJavadocTypes.ql failed the constraint of kind (was problem).
[2026-07-14 14:44:10] [SPAMMIER] resolve queries> Query Filter: C:\Program Files\codeql\qlpacks\codeql\java-queries\1.11.5\Advisory\Documentation\SpuriousJavadocParam.ql failed the constraint of kind (was problem).
[2026-07-14 14:44:10] [SPAMMIER] resolve queries> Query Filter: C:\Program Files\codeql\qlpacks\codeql\java-queries\1.11.5\Advisory\Java Objects\AvoidCloneableInterface.ql failed the constraint of kind (was problem).
[2026-07-14 14:44:10] [SPAMMIER] resolve queries> Query Filter: C:\Program Files\codeql\qlpacks\codeql\java-queries\1.11.5\Advisory\Java Objects\AvoidCloneMethodAccess.ql failed the constraint of kind (was problem).
[2026-07-14 14:44:10] [SPAMMIER] resolve queries> Query Filter: C:\Program Files\codeql\qlpacks\codeql\java-queries\1.11.5\Advisory\Java Objects\AvoidCloneOverride.ql failed the constraint of kind (was problem).
[2026-07-14 14:44:10] [SPAMMIER] resolve queries> Query Filter: C:\Program Files\codeql\qlpacks\codeql\java-queries\1.11.5\Advisory\Java Objects\AvoidFinalizeOverride.ql failed the constraint of kind (was problem).
[2026-07-14 14:44:10] [SPAMMIER] resolve queries> Query Filter: C:\Program Files\codeql\qlpacks\codeql\java-queries\1.11.5\Advisory\Naming\NamingConventionsConstants.ql failed the constraint of kind (was problem).
[2026-07-14 14:44:10] [SPAMMIER] resolve queries> Query Filter: C:\Program Files\codeql\qlpacks\codeql\java-queries\1.11.5\Advisory\Naming\NamingConventionsMethods.ql failed the constraint of kind (was problem).
[2026-07-14 14:44:10] [SPAMMIER] resolve queries> Query Filter: C:\Program Files\codeql\qlpacks\codeql\java-queries\1.11.5\Advisory\Naming\NamingConventionsPackages.ql failed the constraint of kind (was problem).
[2026-07-14 14:44:10] [SPAMMIER] resolve queries> Query Filter: C:\Program Files\codeql\qlpacks\codeql\java-queries\1.11.5\Advisory\Naming\NamingConventionsRefTypes.ql failed the constraint of kind (was problem).
[2026-07-14 14:44:10] [SPAMMIER] resolve queries> Query Filter: C:\Program Files\codeql\qlpacks\codeql\java-queries\1.11.5\Advisory\Naming\NamingConventionsVariables.ql failed the constraint of kind (was problem).
[2026-07-14 14:44:10] [SPAMMIER] resolve queries> Query Filter: C:\Program Files\codeql\qlpacks\codeql\java-queries\1.11.5\Advisory\Statements\MissingDefaultInSwitch.ql failed the constraint of kind (was problem).
[2026-07-14 14:44:10] [SPAMMIER] resolve queries> Query Filter: C:\Program Files\codeql\qlpacks\codeql\java-queries\1.11.5\Advisory\Statements\OneStatementPerLine.ql failed the constraint of kind (was problem).
[2026-07-14 14:44:10] [SPAMMIER] resolve queries> Query Filter: C:\Program Files\codeql\qlpacks\codeql\java-queries\1.11.5\Advisory\Statements\TerminateIfElseIfWithElse.ql failed the constraint of kind (was problem).
[2026-07-14 14:44:10] [SPAMMIER] resolve queries> Query Filter: C:\Program Files\codeql\qlpacks\codeql\java-queries\1.11.5\Advisory\Types\GenericsConstructor.ql failed the constraint of kind (was problem).
[2026-07-14 14:44:10] [SPAMMIER] resolve queries> Query Filter: C:\Program Files\codeql\qlpacks\codeql\java-queries\1.11.5\Advisory\Types\GenericsReturnType.ql failed the constraint of kind (was problem).
[2026-07-14 14:44:10] [SPAMMIER] resolve queries> Query Filter: C:\Program Files\codeql\qlpacks\codeql\java-queries\1.11.5\Advisory\Types\GenericsVariable.ql failed the constraint of kind (was problem).
[2026-07-14 14:44:10] [SPAMMIER] resolve queries> Query Filter: C:\Program Files\codeql\qlpacks\codeql\java-queries\1.11.5\AlertSuppression.ql failed the constraint of kind (was alert-suppression).
[2026-07-14 14:44:10] [SPAMMIER] resolve queries> Query Filter: C:\Program Files\codeql\qlpacks\codeql\java-queries\1.11.5\AlertSuppressionAnnotations.ql failed the constraint of kind (was alert-suppression).
[2026-07-14 14:44:10] [SPAMMIER] resolve queries> Query Filter: C:\Program Files\codeql\qlpacks\codeql\java-queries\1.11.5\Architecture\Dependencies\MutualDependency.ql failed the constraint of kind (was problem).
[2026-07-14 14:44:10] [SPAMMIER] resolve queries> Query Filter: C:\Program Files\codeql\qlpacks\codeql\java-queries\1.11.5\Architecture\Dependencies\UnusedMavenDependencyBinary.ql failed the constraint of kind (was problem).
[2026-07-14 14:44:10] [SPAMMIER] resolve queries> Query Filter: C:\Program Files\codeql\qlpacks\codeql\java-queries\1.11.5\Architecture\Dependencies\UnusedMavenDependencySource.ql failed the constraint of kind (was problem).
[2026-07-14 14:44:10] [SPAMMIER] resolve queries> Query Filter: C:\Program Files\codeql\qlpacks\codeql\java-queries\1.11.5\Architecture\Refactoring Opportunities\DeeplyNestedClass.ql failed the constraint of kind (was problem).
[2026-07-14 14:44:10] [SPAMMIER] resolve queries> Query Filter: C:\Program Files\codeql\qlpacks\codeql\java-queries\1.11.5\Architecture\Refactoring Opportunities\FeatureEnvy.ql failed the constraint of kind (was problem).
[2026-07-14 14:44:10] [SPAMMIER] resolve queries> Query Filter: C:\Program Files\codeql\qlpacks\codeql\java-queries\1.11.5\Architecture\Refactoring Opportunities\HubClasses.ql failed the constraint of kind (was problem).
[2026-07-14 14:44:10] [SPAMMIER] resolve queries> Query Filter: C:\Program Files\codeql\qlpacks\codeql\java-queries\1.11.5\Architecture\Refactoring Opportunities\InappropriateIntimacy.ql failed the constraint of kind (was problem).
[2026-07-14 14:44:10] [SPAMMIER] resolve queries> Query Filter: C:\Program Files\codeql\qlpacks\codeql\java-queries\1.11.5\Compatibility\JDK9\JdkInternalAccess.ql failed the constraint of kind (was problem).
[2026-07-14 14:44:10] [SPAMMIER] resolve queries> Query Filter: C:\Program Files\codeql\qlpacks\codeql\java-queries\1.11.5\Compatibility\JDK9\UnderscoreIdentifier.ql failed the constraint of kind (was problem).
[2026-07-14 14:44:10] [SPAMMIER] resolve queries> Query Filter: C:\Program Files\codeql\qlpacks\codeql\java-queries\1.11.5\Complexity\BlockWithTooManyStatements.ql failed the constraint of kind (was problem).
[2026-07-14 14:44:10] [SPAMMIER] resolve queries> Query Filter: C:\Program Files\codeql\qlpacks\codeql\java-queries\1.11.5\Complexity\ComplexCondition.ql failed the constraint of kind (was problem).
[2026-07-14 14:44:10] [SPAMMIER] resolve queries> Query Filter: C:\Program Files\codeql\qlpacks\codeql\java-queries\1.11.5\DeadCode\DeadClass.ql failed the constraint of kind (was problem).
[2026-07-14 14:44:10] [SPAMMIER] resolve queries> Query Filter: C:\Program Files\codeql\qlpacks\codeql\java-queries\1.11.5\DeadCode\DeadEnumConstant.ql failed the constraint of kind (was problem).
[2026-07-14 14:44:10] [SPAMMIER] resolve queries> Query Filter: C:\Program Files\codeql\qlpacks\codeql\java-queries\1.11.5\DeadCode\DeadField.ql failed the constraint of kind (was problem).
[2026-07-14 14:44:10] [SPAMMIER] resolve queries> Query Filter: C:\Program Files\codeql\qlpacks\codeql\java-queries\1.11.5\DeadCode\DeadMethod.ql failed the constraint of kind (was problem).
[2026-07-14 14:44:10] [SPAMMIER] resolve queries> Query Filter: C:\Program Files\codeql\qlpacks\codeql\java-queries\1.11.5\DeadCode\FLinesOfDeadCode.ql failed the constraint of kind (was treemap).
[2026-07-14 14:44:10] [SPAMMIER] resolve queries> Query Filter: C:\Program Files\codeql\qlpacks\codeql\java-queries\1.11.5\DeadCode\UselessParameter.ql failed the constraint of kind (was problem).
[2026-07-14 14:44:10] [SPAMMIER] resolve queries> Query Filter: C:\Program Files\codeql\qlpacks\codeql\java-queries\1.11.5\definitions.ql failed the constraint of kind (was definitions).
[2026-07-14 14:44:10] [SPAMMY] resolve queries> Query Filter: Including C:\Program Files\codeql\qlpacks\codeql\java-queries\1.11.5\Diagnostics\ExtractionErrors.ql.
[2026-07-14 14:44:10] [SPAMMY] resolve queries> Query Filter: Including C:\Program Files\codeql\qlpacks\codeql\java-queries\1.11.5\Diagnostics\ExtractionWarnings.ql.
[2026-07-14 14:44:10] [SPAMMY] resolve queries> Query Filter: Including C:\Program Files\codeql\qlpacks\codeql\java-queries\1.11.5\Diagnostics\SuccessfullyExtractedFiles.ql.
[2026-07-14 14:44:10] [SPAMMIER] resolve queries> Query Filter: C:\Program Files\codeql\qlpacks\codeql\java-queries\1.11.5\experimental\quantum\Examples\BadMacOrderDecryptThenMac.ql failed the constraint of kind (was path-problem).
[2026-07-14 14:44:10] [SPAMMIER] resolve queries> Query Filter: C:\Program Files\codeql\qlpacks\codeql\java-queries\1.11.5\experimental\quantum\Examples\BadMacOrderDecryptToMac.ql failed the constraint of kind (was path-problem).
[2026-07-14 14:44:10] [SPAMMIER] resolve queries> Query Filter: C:\Program Files\codeql\qlpacks\codeql\java-queries\1.11.5\experimental\quantum\Examples\BadMacOrderMacOnEncryptPlaintext.ql failed the constraint of kind (was path-problem).
[2026-07-14 14:44:10] [SPAMMIER] resolve queries> Query Filter: C:\Program Files\codeql\qlpacks\codeql\java-queries\1.11.5\experimental\quantum\Examples\BrokenCrypto.ql failed the constraint of kind (was problem).
[2026-07-14 14:44:10] [SPAMMIER] resolve queries> Query Filter: C:\Program Files\codeql\qlpacks\codeql\java-queries\1.11.5\experimental\quantum\Examples\InsecureIVorNonceSource.ql failed the constraint of kind (was path-problem).
[2026-07-14 14:44:10] [SPAMMIER] resolve queries> Query Filter: C:\Program Files\codeql\qlpacks\codeql\java-queries\1.11.5\experimental\quantum\Examples\NonAESGCMCipher.ql failed the constraint of kind (was problem).
[2026-07-14 14:44:10] [SPAMMIER] resolve queries> Query Filter: C:\Program Files\codeql\qlpacks\codeql\java-queries\1.11.5\experimental\quantum\Examples\ReusedNonce.ql failed the constraint of kind (was path-problem).
[2026-07-14 14:44:10] [SPAMMIER] resolve queries> Query Filter: C:\Program Files\codeql\qlpacks\codeql\java-queries\1.11.5\experimental\quantum\Examples\TestAESGCMNonce.ql failed the constraint of kind (not present).
[2026-07-14 14:44:10] [SPAMMIER] resolve queries> Query Filter: C:\Program Files\codeql\qlpacks\codeql\java-queries\1.11.5\experimental\quantum\Examples\TestCipher.ql failed the constraint of kind (not present).
[2026-07-14 14:44:10] [SPAMMIER] resolve queries> Query Filter: C:\Program Files\codeql\qlpacks\codeql\java-queries\1.11.5\experimental\quantum\Examples\TestHash.ql failed the constraint of kind (not present).
[2026-07-14 14:44:10] [SPAMMIER] resolve queries> Query Filter: C:\Program Files\codeql\qlpacks\codeql\java-queries\1.11.5\experimental\quantum\Examples\UnknownHash.ql failed the constraint of kind (was problem).
[2026-07-14 14:44:10] [SPAMMIER] resolve queries> Query Filter: C:\Program Files\codeql\qlpacks\codeql\java-queries\1.11.5\experimental\quantum\Examples\UnknownIVorNonceSource.ql failed the constraint of kind (was problem).
[2026-07-14 14:44:10] [SPAMMIER] resolve queries> Query Filter: C:\Program Files\codeql\qlpacks\codeql\java-queries\1.11.5\experimental\quantum\Examples\UnknownKDFIterationCount.ql failed the constraint of kind (was problem).
[2026-07-14 14:44:10] [SPAMMIER] resolve queries> Query Filter: C:\Program Files\codeql\qlpacks\codeql\java-queries\1.11.5\experimental\quantum\Examples\WeakAsymmetricKeyGenSize.ql failed the constraint of kind (was path-problem).
[2026-07-14 14:44:10] [SPAMMIER] resolve queries> Query Filter: C:\Program Files\codeql\qlpacks\codeql\java-queries\1.11.5\experimental\quantum\Examples\WeakBlockModes.ql failed the constraint of kind (was problem).
[2026-07-14 14:44:10] [SPAMMIER] resolve queries> Query Filter: C:\Program Files\codeql\qlpacks\codeql\java-queries\1.11.5\experimental\quantum\Examples\WeakHash.ql failed the constraint of kind (was problem).
[2026-07-14 14:44:10] [SPAMMIER] resolve queries> Query Filter: C:\Program Files\codeql\qlpacks\codeql\java-queries\1.11.5\experimental\quantum\Examples\WeakKDFIterationCount.ql failed the constraint of kind (was path-problem).
[2026-07-14 14:44:10] [SPAMMIER] resolve queries> Query Filter: C:\Program Files\codeql\qlpacks\codeql\java-queries\1.11.5\experimental\quantum\Examples\WeakKDFKeySize.ql failed the constraint of kind (was path-problem).
[2026-07-14 14:44:10] [SPAMMIER] resolve queries> Query Filter: C:\Program Files\codeql\qlpacks\codeql\java-queries\1.11.5\experimental\quantum\Examples\WeakSymmetricCipher.ql failed the constraint of kind (was problem).
[2026-07-14 14:44:10] [SPAMMIER] resolve queries> Query Filter: C:\Program Files\codeql\qlpacks\codeql\java-queries\1.11.5\experimental\quantum\InventorySlices\KnownAsymmetricAlgorithm.ql failed the constraint of kind (was table).
[2026-07-14 14:44:10] [SPAMMIER] resolve queries> Query Filter: C:\Program Files\codeql\qlpacks\codeql\java-queries\1.11.5\experimental\quantum\InventorySlices\KnownAsymmetricCipherAlgorithm.ql failed the constraint of kind (was table).
[2026-07-14 14:44:10] [SPAMMIER] resolve queries> Query Filter: C:\Program Files\codeql\qlpacks\codeql\java-queries\1.11.5\experimental\quantum\InventorySlices\KnownAsymmetricOperationAlgorithm.ql failed the constraint of kind (was table).
[2026-07-14 14:44:10] [SPAMMIER] resolve queries> Query Filter: C:\Program Files\codeql\qlpacks\codeql\java-queries\1.11.5\experimental\quantum\InventorySlices\KnownCipherAlgorithm.ql failed the constraint of kind (was table).
[2026-07-14 14:44:10] [SPAMMIER] resolve queries> Query Filter: C:\Program Files\codeql\qlpacks\codeql\java-queries\1.11.5\experimental\quantum\InventorySlices\KnownEllipticCurveAlgorithm.ql failed the constraint of kind (was table).
[2026-07-14 14:44:10] [SPAMMIER] resolve queries> Query Filter: C:\Program Files\codeql\qlpacks\codeql\java-queries\1.11.5\experimental\quantum\InventorySlices\KnownHashingAlgorithm.ql failed the constraint of kind (was table).
[2026-07-14 14:44:10] [SPAMMIER] resolve queries> Query Filter: C:\Program Files\codeql\qlpacks\codeql\java-queries\1.11.5\experimental\quantum\InventorySlices\KnownHashingOperation.ql failed the constraint of kind (was table).
[2026-07-14 14:44:10] [SPAMMIER] resolve queries> Query Filter: C:\Program Files\codeql\qlpacks\codeql\java-queries\1.11.5\experimental\quantum\InventorySlices\KnownHashingOperationAlgorithm.ql failed the constraint of kind (was table).
[2026-07-14 14:44:10] [SPAMMIER] resolve queries> Query Filter: C:\Program Files\codeql\qlpacks\codeql\java-queries\1.11.5\experimental\quantum\InventorySlices\KnownKeyDerivationAlgorithm.ql failed the constraint of kind (was table).
[2026-07-14 14:44:10] [SPAMMIER] resolve queries> Query Filter: C:\Program Files\codeql\qlpacks\codeql\java-queries\1.11.5\experimental\quantum\InventorySlices\KnownKeyDerivationOperation.ql failed the constraint of kind (was table).
[2026-07-14 14:44:10] [SPAMMIER] resolve queries> Query Filter: C:\Program Files\codeql\qlpacks\codeql\java-queries\1.11.5\experimental\quantum\InventorySlices\KnownKeyDerivationOperationAlgorithm.ql failed the constraint of kind (was table).
[2026-07-14 14:44:10] [SPAMMIER] resolve queries> Query Filter: C:\Program Files\codeql\qlpacks\codeql\java-queries\1.11.5\experimental\quantum\InventorySlices\KnownSymmetricCipherAlgorithm.ql failed the constraint of kind (was table).
[2026-07-14 14:44:10] [SPAMMIER] resolve queries> Query Filter: C:\Program Files\codeql\qlpacks\codeql\java-queries\1.11.5\experimental\quantum\InventorySlices\LikelyCryptoAPIFunction.ql failed the constraint of kind (was problem).
[2026-07-14 14:44:10] [SPAMMIER] resolve queries> Query Filter: C:\Program Files\codeql\qlpacks\codeql\java-queries\1.11.5\experimental\quantum\InventorySlices\UnknownOperationAlgorithm.ql failed the constraint of kind (was problem).
[2026-07-14 14:44:10] [SPAMMIER] resolve queries> Query Filter: C:\Program Files\codeql\qlpacks\codeql\java-queries\1.11.5\experimental\quantum\PrintCBOMGraph.ql failed the constraint of kind (was graph).
[2026-07-14 14:44:10] [SPAMMIER] resolve queries> Query Filter: C:\Program Files\codeql\qlpacks\codeql\java-queries\1.11.5\experimental\Security\CWE\CWE-200\InsecureWebResourceResponse.ql failed the constraint of kind (was path-problem).
[2026-07-14 14:44:10] [SPAMMIER] resolve queries> Query Filter: C:\Program Files\codeql\qlpacks\codeql\java-queries\1.11.5\experimental\Security\CWE\CWE-200\SensitiveAndroidFileLeak.ql failed the constraint of kind (was path-problem).
[2026-07-14 14:44:10] [SPAMMIER] resolve queries> Query Filter: C:\Program Files\codeql\qlpacks\codeql\java-queries\1.11.5\experimental\Security\CWE\CWE-400\LocalThreadResourceAbuse.ql failed the constraint of kind (was path-problem).
[2026-07-14 14:44:10] [SPAMMIER] resolve queries> Query Filter: C:\Program Files\codeql\qlpacks\codeql\java-queries\1.11.5\experimental\Security\CWE\CWE-400\ThreadResourceAbuse.ql failed the constraint of kind (was path-problem).
[2026-07-14 14:44:10] [SPAMMIER] resolve queries> Query Filter: C:\Program Files\codeql\qlpacks\codeql\java-queries\1.11.5\experimental\Security\CWE\CWE-759\HashWithoutSalt.ql failed the constraint of kind (was path-problem).
[2026-07-14 14:44:10] [SPAMMIER] resolve queries> Query Filter: C:\Program Files\codeql\qlpacks\codeql\java-queries\1.11.5\external\DuplicateAnonymous.ql failed the constraint of kind (was problem).
[2026-07-14 14:44:10] [SPAMMIER] resolve queries> Query Filter: C:\Program Files\codeql\qlpacks\codeql\java-queries\1.11.5\external\DuplicateBlock.ql failed the constraint of kind (was problem).
[2026-07-14 14:44:10] [SPAMMIER] resolve queries> Query Filter: C:\Program Files\codeql\qlpacks\codeql\java-queries\1.11.5\external\DuplicateMethod.ql failed the constraint of kind (was problem).
[2026-07-14 14:44:10] [SPAMMIER] resolve queries> Query Filter: C:\Program Files\codeql\qlpacks\codeql\java-queries\1.11.5\external\MostlyDuplicateClass.ql failed the constraint of kind (was problem).
[2026-07-14 14:44:10] [SPAMMIER] resolve queries> Query Filter: C:\Program Files\codeql\qlpacks\codeql\java-queries\1.11.5\external\MostlyDuplicateFile.ql failed the constraint of kind (was problem).
[2026-07-14 14:44:10] [SPAMMIER] resolve queries> Query Filter: C:\Program Files\codeql\qlpacks\codeql\java-queries\1.11.5\external\MostlyDuplicateMethod.ql failed the constraint of kind (was problem).
[2026-07-14 14:44:10] [SPAMMIER] resolve queries> Query Filter: C:\Program Files\codeql\qlpacks\codeql\java-queries\1.11.5\external\MostlySimilarFile.ql failed the constraint of kind (was problem).
[2026-07-14 14:44:10] [SPAMMIER] resolve queries> Query Filter: C:\Program Files\codeql\qlpacks\codeql\java-queries\1.11.5\filters\ClassifyFiles.ql failed the constraint of kind (was file-classifier).
[2026-07-14 14:44:10] [SPAMMIER] resolve queries> Query Filter: C:\Program Files\codeql\qlpacks\codeql\java-queries\1.11.5\Frameworks\JavaEE\EJB\EjbContainerInterference.ql failed the constraint of kind (was problem).
[2026-07-14 14:44:10] [SPAMMIER] resolve queries> Query Filter: C:\Program Files\codeql\qlpacks\codeql\java-queries\1.11.5\Frameworks\JavaEE\EJB\EjbFileIO.ql failed the constraint of kind (was problem).
[2026-07-14 14:44:10] [SPAMMIER] resolve queries> Query Filter: C:\Program Files\codeql\qlpacks\codeql\java-queries\1.11.5\Frameworks\JavaEE\EJB\EjbGraphics.ql failed the constraint of kind (was problem).
[2026-07-14 14:44:10] [SPAMMIER] resolve queries> Query Filter: C:\Program Files\codeql\qlpacks\codeql\java-queries\1.11.5\Frameworks\JavaEE\EJB\EjbNative.ql failed the constraint of kind (was problem).
[2026-07-14 14:44:10] [SPAMMIER] resolve queries> Query Filter: C:\Program Files\codeql\qlpacks\codeql\java-queries\1.11.5\Frameworks\JavaEE\EJB\EjbReflection.ql failed the constraint of kind (was problem).
[2026-07-14 14:44:10] [SPAMMIER] resolve queries> Query Filter: C:\Program Files\codeql\qlpacks\codeql\java-queries\1.11.5\Frameworks\JavaEE\EJB\EjbSecurityConfiguration.ql failed the constraint of kind (was problem).
[2026-07-14 14:44:10] [SPAMMIER] resolve queries> Query Filter: C:\Program Files\codeql\qlpacks\codeql\java-queries\1.11.5\Frameworks\JavaEE\EJB\EjbSerialization.ql failed the constraint of kind (was problem).
[2026-07-14 14:44:10] [SPAMMIER] resolve queries> Query Filter: C:\Program Files\codeql\qlpacks\codeql\java-queries\1.11.5\Frameworks\JavaEE\EJB\EjbSetSocketOrUrlFactory.ql failed the constraint of kind (was problem).
[2026-07-14 14:44:10] [SPAMMIER] resolve queries> Query Filter: C:\Program Files\codeql\qlpacks\codeql\java-queries\1.11.5\Frameworks\JavaEE\EJB\EjbSocketAsServer.ql failed the constraint of kind (was problem).
[2026-07-14 14:44:10] [SPAMMIER] resolve queries> Query Filter: C:\Program Files\codeql\qlpacks\codeql\java-queries\1.11.5\Frameworks\JavaEE\EJB\EjbStaticFieldNonFinal.ql failed the constraint of kind (was problem).
[2026-07-14 14:44:10] [SPAMMIER] resolve queries> Query Filter: C:\Program Files\codeql\qlpacks\codeql\java-queries\1.11.5\Frameworks\JavaEE\EJB\EjbSynchronization.ql failed the constraint of kind (was problem).
[2026-07-14 14:44:10] [SPAMMIER] resolve queries> Query Filter: C:\Program Files\codeql\qlpacks\codeql\java-queries\1.11.5\Frameworks\JavaEE\EJB\EjbThis.ql failed the constraint of kind (was problem).
[2026-07-14 14:44:10] [SPAMMIER] resolve queries> Query Filter: C:\Program Files\codeql\qlpacks\codeql\java-queries\1.11.5\Frameworks\JavaEE\EJB\EjbThreads.ql failed the constraint of kind (was problem).
[2026-07-14 14:44:10] [SPAMMIER] resolve queries> Query Filter: C:\Program Files\codeql\qlpacks\codeql\java-queries\1.11.5\Frameworks\Spring\Architecture\Refactoring Opportunities\MissingParentBean.ql failed the constraint of kind (was problem).
[2026-07-14 14:44:10] [SPAMMIER] resolve queries> Query Filter: C:\Program Files\codeql\qlpacks\codeql\java-queries\1.11.5\Frameworks\Spring\Architecture\Refactoring Opportunities\TooManyBeans.ql failed the constraint of kind (was problem).
[2026-07-14 14:44:10] [SPAMMIER] resolve queries> Query Filter: C:\Program Files\codeql\qlpacks\codeql\java-queries\1.11.5\Frameworks\Spring\Architecture\Refactoring Opportunities\UnusedBean.ql failed the constraint of kind (was problem).
[2026-07-14 14:44:10] [SPAMMIER] resolve queries> Query Filter: C:\Program Files\codeql\qlpacks\codeql\java-queries\1.11.5\Frameworks\Spring\Architecture\Refactoring Opportunities\UselessPropertyOverride.ql failed the constraint of kind (was problem).
[2026-07-14 14:44:10] [SPAMMIER] resolve queries> Query Filter: C:\Program Files\codeql\qlpacks\codeql\java-queries\1.11.5\Frameworks\Spring\Violations of Best Practice\AvoidAutowiring.ql failed the constraint of kind (was problem).
[2026-07-14 14:44:10] [SPAMMIER] resolve queries> Query Filter: C:\Program Files\codeql\qlpacks\codeql\java-queries\1.11.5\Frameworks\Spring\Violations of Best Practice\DontUseConstructorArgIndex.ql failed the constraint of kind (was problem).
[2026-07-14 14:44:10] [SPAMMIER] resolve queries> Query Filter: C:\Program Files\codeql\qlpacks\codeql\java-queries\1.11.5\Frameworks\Spring\Violations of Best Practice\ImportsFirst.ql failed the constraint of kind (was problem).
[2026-07-14 14:44:10] [SPAMMIER] resolve queries> Query Filter: C:\Program Files\codeql\qlpacks\codeql\java-queries\1.11.5\Frameworks\Spring\Violations of Best Practice\NoBeanDescription.ql failed the constraint of kind (was problem).
[2026-07-14 14:44:10] [SPAMMIER] resolve queries> Query Filter: C:\Program Files\codeql\qlpacks\codeql\java-queries\1.11.5\Frameworks\Spring\Violations of Best Practice\ParentShouldNotUseAbstractClass.ql failed the constraint of kind (was problem).
[2026-07-14 14:44:10] [SPAMMIER] resolve queries> Query Filter: C:\Program Files\codeql\qlpacks\codeql\java-queries\1.11.5\Frameworks\Spring\Violations of Best Practice\UseIdInsteadOfName.ql failed the constraint of kind (was problem).
[2026-07-14 14:44:10] [SPAMMIER] resolve queries> Query Filter: C:\Program Files\codeql\qlpacks\codeql\java-queries\1.11.5\Frameworks\Spring\Violations of Best Practice\UseLocalRef.ql failed the constraint of kind (was problem).
[2026-07-14 14:44:10] [SPAMMIER] resolve queries> Query Filter: C:\Program Files\codeql\qlpacks\codeql\java-queries\1.11.5\Frameworks\Spring\Violations of Best Practice\UseSetterInjection.ql failed the constraint of kind (was problem).
[2026-07-14 14:44:10] [SPAMMIER] resolve queries> Query Filter: C:\Program Files\codeql\qlpacks\codeql\java-queries\1.11.5\Frameworks\Spring\Violations of Best Practice\UseShortcutForms.ql failed the constraint of kind (was problem).
[2026-07-14 14:44:10] [SPAMMIER] resolve queries> Query Filter: C:\Program Files\codeql\qlpacks\codeql\java-queries\1.11.5\Frameworks\Spring\XML Configuration Errors\MissingSetters.ql failed the constraint of kind (was problem).
[2026-07-14 14:44:10] [SPAMMIER] resolve queries> Query Filter: C:\Program Files\codeql\qlpacks\codeql\java-queries\1.11.5\Language Abuse\CastThisToTypeParameter.ql failed the constraint of kind (was problem).
[2026-07-14 14:44:10] [SPAMMIER] resolve queries> Query Filter: C:\Program Files\codeql\qlpacks\codeql\java-queries\1.11.5\Language Abuse\ChainedInstanceof.ql failed the constraint of kind (was problem).
[2026-07-14 14:44:10] [SPAMMIER] resolve queries> Query Filter: C:\Program Files\codeql\qlpacks\codeql\java-queries\1.11.5\Language Abuse\DubiousDowncastOfThis.ql failed the constraint of kind (was problem).
[2026-07-14 14:44:10] [SPAMMIER] resolve queries> Query Filter: C:\Program Files\codeql\qlpacks\codeql\java-queries\1.11.5\Language Abuse\DubiousTypeTestOfThis.ql failed the constraint of kind (was problem).
[2026-07-14 14:44:10] [SPAMMIER] resolve queries> Query Filter: C:\Program Files\codeql\qlpacks\codeql\java-queries\1.11.5\Language Abuse\EmptyMethod.ql failed the constraint of kind (was problem).
[2026-07-14 14:44:10] [SPAMMIER] resolve queries> Query Filter: C:\Program Files\codeql\qlpacks\codeql\java-queries\1.11.5\Language Abuse\EnumIdentifier.ql failed the constraint of kind (was problem).
[2026-07-14 14:44:10] [SPAMMIER] resolve queries> Query Filter: C:\Program Files\codeql\qlpacks\codeql\java-queries\1.11.5\Language Abuse\ImplementsAnnotation.ql failed the constraint of kind (was problem).
[2026-07-14 14:44:10] [SPAMMIER] resolve queries> Query Filter: C:\Program Files\codeql\qlpacks\codeql\java-queries\1.11.5\Language Abuse\IterableIterator.ql failed the constraint of kind (was problem).
[2026-07-14 14:44:10] [SPAMMIER] resolve queries> Query Filter: C:\Program Files\codeql\qlpacks\codeql\java-queries\1.11.5\Language Abuse\LabelInSwitch.ql failed the constraint of kind (was problem).
[2026-07-14 14:44:10] [SPAMMIER] resolve queries> Query Filter: C:\Program Files\codeql\qlpacks\codeql\java-queries\1.11.5\Language Abuse\MissedTernaryOpportunity.ql failed the constraint of kind (was problem).
[2026-07-14 14:44:10] [SPAMMIER] resolve queries> Query Filter: C:\Program Files\codeql\qlpacks\codeql\java-queries\1.11.5\Language Abuse\OverridePackagePrivate.ql failed the constraint of kind (was problem).
[2026-07-14 14:44:10] [SPAMMIER] resolve queries> Query Filter: C:\Program Files\codeql\qlpacks\codeql\java-queries\1.11.5\Language Abuse\TypeVarExtendsFinalType.ql failed the constraint of kind (was problem).
[2026-07-14 14:44:10] [SPAMMIER] resolve queries> Query Filter: C:\Program Files\codeql\qlpacks\codeql\java-queries\1.11.5\Language Abuse\TypeVariableHidesType.ql failed the constraint of kind (was problem).
[2026-07-14 14:44:10] [SPAMMIER] resolve queries> Query Filter: C:\Program Files\codeql\qlpacks\codeql\java-queries\1.11.5\Language Abuse\UselessNullCheck.ql failed the constraint of kind (was problem).
[2026-07-14 14:44:10] [SPAMMIER] resolve queries> Query Filter: C:\Program Files\codeql\qlpacks\codeql\java-queries\1.11.5\Language Abuse\UselessTypeTest.ql failed the constraint of kind (was problem).
[2026-07-14 14:44:10] [SPAMMIER] resolve queries> Query Filter: C:\Program Files\codeql\qlpacks\codeql\java-queries\1.11.5\Language Abuse\UselessUpcast.ql failed the constraint of kind (was problem).
[2026-07-14 14:44:10] [SPAMMIER] resolve queries> Query Filter: C:\Program Files\codeql\qlpacks\codeql\java-queries\1.11.5\Language Abuse\WrappedIterator.ql failed the constraint of kind (was problem).
[2026-07-14 14:44:10] [SPAMMIER] resolve queries> Query Filter: C:\Program Files\codeql\qlpacks\codeql\java-queries\1.11.5\Likely Bugs\Arithmetic\BadAbsOfRandom.ql failed the constraint of kind (was problem).
[2026-07-14 14:44:10] [SPAMMIER] resolve queries> Query Filter: C:\Program Files\codeql\qlpacks\codeql\java-queries\1.11.5\Likely Bugs\Arithmetic\ConstantExpAppearsNonConstant.ql failed the constraint of kind (was problem).
[2026-07-14 14:44:10] [SPAMMIER] resolve queries> Query Filter: C:\Program Files\codeql\qlpacks\codeql\java-queries\1.11.5\Likely Bugs\Collections\ContainsTypeMismatch.ql failed the constraint of kind (was problem).
[2026-07-14 14:44:10] [SPAMMIER] resolve queries> Query Filter: C:\Program Files\codeql\qlpacks\codeql\java-queries\1.11.5\Likely Bugs\Collections\IteratorRemoveMayFail.ql failed the constraint of kind (was problem).
[2026-07-14 14:44:10] [SPAMMIER] resolve queries> Query Filter: C:\Program Files\codeql\qlpacks\codeql\java-queries\1.11.5\Likely Bugs\Collections\ReadOnlyContainer.ql failed the constraint of kind (was problem).
[2026-07-14 14:44:10] [SPAMMIER] resolve queries> Query Filter: C:\Program Files\codeql\qlpacks\codeql\java-queries\1.11.5\Likely Bugs\Collections\RemoveTypeMismatch.ql failed the constraint of kind (was problem).
[2026-07-14 14:44:10] [SPAMMIER] resolve queries> Query Filter: C:\Program Files\codeql\qlpacks\codeql\java-queries\1.11.5\Likely Bugs\Collections\WriteOnlyContainer.ql failed the constraint of kind (was problem).
[2026-07-14 14:44:10] [SPAMMIER] resolve queries> Query Filter: C:\Program Files\codeql\qlpacks\codeql\java-queries\1.11.5\Likely Bugs\Comparison\BitwiseSignCheck.ql failed the constraint of kind (was problem).
[2026-07-14 14:44:10] [SPAMMIER] resolve queries> Query Filter: C:\Program Files\codeql\qlpacks\codeql\java-queries\1.11.5\Likely Bugs\Comparison\CompareIdenticalValues.ql failed the constraint of kind (was problem).
[2026-07-14 14:44:10] [SPAMMIER] resolve queries> Query Filter: C:\Program Files\codeql\qlpacks\codeql\java-queries\1.11.5\Likely Bugs\Comparison\CovariantCompareTo.ql failed the constraint of kind (was problem).
[2026-07-14 14:44:10] [SPAMMIER] resolve queries> Query Filter: C:\Program Files\codeql\qlpacks\codeql\java-queries\1.11.5\Likely Bugs\Comparison\CovariantEquals.ql failed the constraint of kind (was problem).
[2026-07-14 14:44:10] [SPAMMIER] resolve queries> Query Filter: C:\Program Files\codeql\qlpacks\codeql\java-queries\1.11.5\Likely Bugs\Comparison\DefineEqualsWhenAddingFields.ql failed the constraint of kind (was problem).
[2026-07-14 14:44:10] [SPAMMIER] resolve queries> Query Filter: C:\Program Files\codeql\qlpacks\codeql\java-queries\1.11.5\Likely Bugs\Comparison\EqualsArray.ql failed the constraint of kind (was problem).
[2026-07-14 14:44:10] [SPAMMIER] resolve queries> Query Filter: C:\Program Files\codeql\qlpacks\codeql\java-queries\1.11.5\Likely Bugs\Comparison\EqualsUsesInstanceOf.ql failed the constraint of kind (was problem).
[2026-07-14 14:44:10] [SPAMMIER] resolve queries> Query Filter: C:\Program Files\codeql\qlpacks\codeql\java-queries\1.11.5\Likely Bugs\Comparison\HashedButNoHash.ql failed the constraint of kind (was problem).
[2026-07-14 14:44:10] [SPAMMIER] resolve queries> Query Filter: C:\Program Files\codeql\qlpacks\codeql\java-queries\1.11.5\Likely Bugs\Comparison\IncomparableEquals.ql failed the constraint of kind (was problem).
[2026-07-14 14:44:10] [SPAMMIER] resolve queries> Query Filter: C:\Program Files\codeql\qlpacks\codeql\java-queries\1.11.5\Likely Bugs\Comparison\InconsistentCompareTo.ql failed the constraint of kind (was problem).
[2026-07-14 14:44:10] [SPAMMIER] resolve queries> Query Filter: C:\Program Files\codeql\qlpacks\codeql\java-queries\1.11.5\Likely Bugs\Comparison\InconsistentEqualsHashCode.ql failed the constraint of kind (was problem).
[2026-07-14 14:44:10] [SPAMMIER] resolve queries> Query Filter: C:\Program Files\codeql\qlpacks\codeql\java-queries\1.11.5\Likely Bugs\Comparison\MissingInstanceofInEquals.ql failed the constraint of kind (was problem).
[2026-07-14 14:44:10] [SPAMMIER] resolve queries> Query Filter: C:\Program Files\codeql\qlpacks\codeql\java-queries\1.11.5\Likely Bugs\Comparison\NoAssignInBooleanExprs.ql failed the constraint of kind (was problem).
[2026-07-14 14:44:10] [SPAMMIER] resolve queries> Query Filter: C:\Program Files\codeql\qlpacks\codeql\java-queries\1.11.5\Likely Bugs\Comparison\NoComparisonOnFloats.ql failed the constraint of kind (was problem).
[2026-07-14 14:44:10] [SPAMMIER] resolve queries> Query Filter: C:\Program Files\codeql\qlpacks\codeql\java-queries\1.11.5\Likely Bugs\Comparison\ObjectComparison.ql failed the constraint of kind (was problem).
[2026-07-14 14:44:10] [SPAMMIER] resolve queries> Query Filter: C:\Program Files\codeql\qlpacks\codeql\java-queries\1.11.5\Likely Bugs\Comparison\RefEqBoxed.ql failed the constraint of kind (was problem).
[2026-07-14 14:44:10] [SPAMMIER] resolve queries> Query Filter: C:\Program Files\codeql\qlpacks\codeql\java-queries\1.11.5\Likely Bugs\Comparison\StringComparison.ql failed the constraint of kind (was problem).
[2026-07-14 14:44:10] [SPAMMIER] resolve queries> Query Filter: C:\Program Files\codeql\qlpacks\codeql\java-queries\1.11.5\Likely Bugs\Comparison\UselessComparisonTest.ql failed the constraint of kind (was problem).
[2026-07-14 14:44:10] [SPAMMIER] resolve queries> Query Filter: C:\Program Files\codeql\qlpacks\codeql\java-queries\1.11.5\Likely Bugs\Comparison\WrongNanComparison.ql failed the constraint of kind (was problem).
[2026-07-14 14:44:10] [SPAMMIER] resolve queries> Query Filter: C:\Program Files\codeql\qlpacks\codeql\java-queries\1.11.5\Likely Bugs\Concurrency\BusyWait.ql failed the constraint of kind (was problem).
[2026-07-14 14:44:10] [SPAMMIER] resolve queries> Query Filter: C:\Program Files\codeql\qlpacks\codeql\java-queries\1.11.5\Likely Bugs\Concurrency\CallsToConditionWait.ql failed the constraint of kind (was problem).
[2026-07-14 14:44:10] [SPAMMIER] resolve queries> Query Filter: C:\Program Files\codeql\qlpacks\codeql\java-queries\1.11.5\Likely Bugs\Concurrency\CallsToRunnableRun.ql failed the constraint of kind (was problem).
[2026-07-14 14:44:10] [SPAMMIER] resolve queries> Query Filter: C:\Program Files\codeql\qlpacks\codeql\java-queries\1.11.5\Likely Bugs\Concurrency\DateFormatThreadUnsafe.ql failed the constraint of kind (was problem).
[2026-07-14 14:44:10] [SPAMMIER] resolve queries> Query Filter: C:\Program Files\codeql\qlpacks\codeql\java-queries\1.11.5\Likely Bugs\Concurrency\DoubleCheckedLocking.ql failed the constraint of kind (was problem).
[2026-07-14 14:44:10] [SPAMMIER] resolve queries> Query Filter: C:\Program Files\codeql\qlpacks\codeql\java-queries\1.11.5\Likely Bugs\Concurrency\DoubleCheckedLockingWithInitRace.ql failed the constraint of kind (was problem).
[2026-07-14 14:44:10] [SPAMMIER] resolve queries> Query Filter: C:\Program Files\codeql\qlpacks\codeql\java-queries\1.11.5\Likely Bugs\Concurrency\EmptyRunMethodInThread.ql failed the constraint of kind (was problem).
[2026-07-14 14:44:10] [SPAMMIER] resolve queries> Query Filter: C:\Program Files\codeql\qlpacks\codeql\java-queries\1.11.5\Likely Bugs\Concurrency\Escaping.ql failed the constraint of kind (was problem).
[2026-07-14 14:44:10] [SPAMMIER] resolve queries> Query Filter: C:\Program Files\codeql\qlpacks\codeql\java-queries\1.11.5\Likely Bugs\Concurrency\FutileSynchOnField.ql failed the constraint of kind (was problem).
[2026-07-14 14:44:10] [SPAMMIER] resolve queries> Query Filter: C:\Program Files\codeql\qlpacks\codeql\java-queries\1.11.5\Likely Bugs\Concurrency\InconsistentAccess.ql failed the constraint of kind (was problem).
[2026-07-14 14:44:10] [SPAMMIER] resolve queries> Query Filter: C:\Program Files\codeql\qlpacks\codeql\java-queries\1.11.5\Likely Bugs\Concurrency\LazyInitStaticField.ql failed the constraint of kind (was problem).
[2026-07-14 14:44:10] [SPAMMIER] resolve queries> Query Filter: C:\Program Files\codeql\qlpacks\codeql\java-queries\1.11.5\Likely Bugs\Concurrency\NonSynchronizedOverride.ql failed the constraint of kind (was problem).
[2026-07-14 14:44:10] [SPAMMIER] resolve queries> Query Filter: C:\Program Files\codeql\qlpacks\codeql\java-queries\1.11.5\Likely Bugs\Concurrency\NotifyNotNotifyAll.ql failed the constraint of kind (was problem).
[2026-07-14 14:44:10] [SPAMMIER] resolve queries> Query Filter: C:\Program Files\codeql\qlpacks\codeql\java-queries\1.11.5\Likely Bugs\Concurrency\NotifyWithoutSynch.ql failed the constraint of kind (was problem).
[2026-07-14 14:44:10] [SPAMMIER] resolve queries> Query Filter: C:\Program Files\codeql\qlpacks\codeql\java-queries\1.11.5\Likely Bugs\Concurrency\PriorityCalls.ql failed the constraint of kind (was problem).
[2026-07-14 14:44:10] [SPAMMIER] resolve queries> Query Filter: C:\Program Files\codeql\qlpacks\codeql\java-queries\1.11.5\Likely Bugs\Concurrency\SafePublication.ql failed the constraint of kind (was problem).
[2026-07-14 14:44:10] [SPAMMIER] resolve queries> Query Filter: C:\Program Files\codeql\qlpacks\codeql\java-queries\1.11.5\Likely Bugs\Concurrency\ScheduledThreadPoolExecutorZeroThread.ql failed the constraint of kind (was problem).
[2026-07-14 14:44:10] [SPAMMIER] resolve queries> Query Filter: C:\Program Files\codeql\qlpacks\codeql\java-queries\1.11.5\Likely Bugs\Concurrency\SleepWithLock.ql failed the constraint of kind (was problem).
[2026-07-14 14:44:10] [SPAMMIER] resolve queries> Query Filter: C:\Program Files\codeql\qlpacks\codeql\java-queries\1.11.5\Likely Bugs\Concurrency\StartInConstructor.ql failed the constraint of kind (was problem).
[2026-07-14 14:44:10] [SPAMMIER] resolve queries> Query Filter: C:\Program Files\codeql\qlpacks\codeql\java-queries\1.11.5\Likely Bugs\Concurrency\SynchOnBoxedType.ql failed the constraint of kind (was problem).
[2026-07-14 14:44:10] [SPAMMIER] resolve queries> Query Filter: C:\Program Files\codeql\qlpacks\codeql\java-queries\1.11.5\Likely Bugs\Concurrency\SynchSetUnsynchGet.ql failed the constraint of kind (was problem).
[2026-07-14 14:44:10] [SPAMMIER] resolve queries> Query Filter: C:\Program Files\codeql\qlpacks\codeql\java-queries\1.11.5\Likely Bugs\Concurrency\SynchWriteObject.ql failed the constraint of kind (was problem).
[2026-07-14 14:44:10] [SPAMMIER] resolve queries> Query Filter: C:\Program Files\codeql\qlpacks\codeql\java-queries\1.11.5\Likely Bugs\Concurrency\ThreadSafe.ql failed the constraint of kind (was problem).
[2026-07-14 14:44:10] [SPAMMIER] resolve queries> Query Filter: C:\Program Files\codeql\qlpacks\codeql\java-queries\1.11.5\Likely Bugs\Concurrency\WaitOutsideLoop.ql failed the constraint of kind (was problem).
[2026-07-14 14:44:10] [SPAMMIER] resolve queries> Query Filter: C:\Program Files\codeql\qlpacks\codeql\java-queries\1.11.5\Likely Bugs\Concurrency\WaitWithTwoLocks.ql failed the constraint of kind (was problem).
[2026-07-14 14:44:10] [SPAMMIER] resolve queries> Query Filter: C:\Program Files\codeql\qlpacks\codeql\java-queries\1.11.5\Likely Bugs\Concurrency\YieldCalls.ql failed the constraint of kind (was problem).
[2026-07-14 14:44:10] [SPAMMIER] resolve queries> Query Filter: C:\Program Files\codeql\qlpacks\codeql\java-queries\1.11.5\Likely Bugs\Finalization\NullifiedSuperFinalize.ql failed the constraint of kind (was problem).
[2026-07-14 14:44:10] [SPAMMIER] resolve queries> Query Filter: C:\Program Files\codeql\qlpacks\codeql\java-queries\1.11.5\Likely Bugs\Frameworks\JUnit\BadSuiteMethod.ql failed the constraint of kind (was problem).
[2026-07-14 14:44:10] [SPAMMIER] resolve queries> Query Filter: C:\Program Files\codeql\qlpacks\codeql\java-queries\1.11.5\Likely Bugs\Frameworks\JUnit\JUnit5MissingNestedAnnotation.ql failed the constraint of kind (was problem).
[2026-07-14 14:44:10] [SPAMMIER] resolve queries> Query Filter: C:\Program Files\codeql\qlpacks\codeql\java-queries\1.11.5\Likely Bugs\Frameworks\JUnit\TearDownNoSuper.ql failed the constraint of kind (was problem).
[2026-07-14 14:44:10] [SPAMMIER] resolve queries> Query Filter: C:\Program Files\codeql\qlpacks\codeql\java-queries\1.11.5\Likely Bugs\Frameworks\JUnit\TestCaseNoTests.ql failed the constraint of kind (was problem).
[2026-07-14 14:44:10] [SPAMMIER] resolve queries> Query Filter: C:\Program Files\codeql\qlpacks\codeql\java-queries\1.11.5\Likely Bugs\Frameworks\Swing\BadlyOverriddenAdapter.ql failed the constraint of kind (was problem).
[2026-07-14 14:44:10] [SPAMMIER] resolve queries> Query Filter: C:\Program Files\codeql\qlpacks\codeql\java-queries\1.11.5\Likely Bugs\Frameworks\Swing\ThreadSafety.ql failed the constraint of kind (was problem).
[2026-07-14 14:44:10] [SPAMMIER] resolve queries> Query Filter: C:\Program Files\codeql\qlpacks\codeql\java-queries\1.11.5\Likely Bugs\I18N\MissingLocaleArgument.ql failed the constraint of kind (was problem).
[2026-07-14 14:44:10] [SPAMMIER] resolve queries> Query Filter: C:\Program Files\codeql\qlpacks\codeql\java-queries\1.11.5\Likely Bugs\Inheritance\NoNonFinalInConstructor.ql failed the constraint of kind (was problem).
[2026-07-14 14:44:10] [SPAMMIER] resolve queries> Query Filter: C:\Program Files\codeql\qlpacks\codeql\java-queries\1.11.5\Likely Bugs\Likely Typos\ConstructorTypo.ql failed the constraint of kind (was problem).
[2026-07-14 14:44:10] [SPAMMIER] resolve queries> Query Filter: C:\Program Files\codeql\qlpacks\codeql\java-queries\1.11.5\Likely Bugs\Likely Typos\ContainerSizeCmpZero.ql failed the constraint of kind (was problem).
[2026-07-14 14:44:10] [SPAMMIER] resolve queries> Query Filter: C:\Program Files\codeql\qlpacks\codeql\java-queries\1.11.5\Likely Bugs\Likely Typos\ContradictoryTypeChecks.ql failed the constraint of kind (was problem).
[2026-07-14 14:44:10] [SPAMMIER] resolve queries> Query Filter: C:\Program Files\codeql\qlpacks\codeql\java-queries\1.11.5\Likely Bugs\Likely Typos\DangerousNonCircuitLogic.ql failed the constraint of kind (was problem).
[2026-07-14 14:44:10] [SPAMMIER] resolve queries> Query Filter: C:\Program Files\codeql\qlpacks\codeql\java-queries\1.11.5\Likely Bugs\Likely Typos\EqualsTypo.ql failed the constraint of kind (was problem).
[2026-07-14 14:44:10] [SPAMMIER] resolve queries> Query Filter: C:\Program Files\codeql\qlpacks\codeql\java-queries\1.11.5\Likely Bugs\Likely Typos\HashCodeTypo.ql failed the constraint of kind (was problem).
[2026-07-14 14:44:10] [SPAMMIER] resolve queries> Query Filter: C:\Program Files\codeql\qlpacks\codeql\java-queries\1.11.5\Likely Bugs\Likely Typos\MissingFormatArg.ql failed the constraint of kind (was problem).
[2026-07-14 14:44:10] [SPAMMIER] resolve queries> Query Filter: C:\Program Files\codeql\qlpacks\codeql\java-queries\1.11.5\Likely Bugs\Likely Typos\MissingSpaceTypo.ql failed the constraint of kind (was problem).
[2026-07-14 14:44:10] [SPAMMIER] resolve queries> Query Filter: C:\Program Files\codeql\qlpacks\codeql\java-queries\1.11.5\Likely Bugs\Likely Typos\NestedLoopsSameVariable.ql failed the constraint of kind (was problem).
[2026-07-14 14:44:10] [SPAMMIER] resolve queries> Query Filter: C:\Program Files\codeql\qlpacks\codeql\java-queries\1.11.5\Likely Bugs\Likely Typos\SelfAssignment.ql failed the constraint of kind (was problem).
[2026-07-14 14:44:10] [SPAMMIER] resolve queries> Query Filter: C:\Program Files\codeql\qlpacks\codeql\java-queries\1.11.5\Likely Bugs\Likely Typos\StringBufferCharInit.ql failed the constraint of kind (was problem).
[2026-07-14 14:44:10] [SPAMMIER] resolve queries> Query Filter: C:\Program Files\codeql\qlpacks\codeql\java-queries\1.11.5\Likely Bugs\Likely Typos\SuspiciousDateFormat.ql failed the constraint of kind (was problem).
[2026-07-14 14:44:10] [SPAMMIER] resolve queries> Query Filter: C:\Program Files\codeql\qlpacks\codeql\java-queries\1.11.5\Likely Bugs\Likely Typos\ToStringTypo.ql failed the constraint of kind (was problem).
[2026-07-14 14:44:10] [SPAMMIER] resolve queries> Query Filter: C:\Program Files\codeql\qlpacks\codeql\java-queries\1.11.5\Likely Bugs\Likely Typos\UnusedFormatArg.ql failed the constraint of kind (was problem).
[2026-07-14 14:44:10] [SPAMMIER] resolve queries> Query Filter: C:\Program Files\codeql\qlpacks\codeql\java-queries\1.11.5\Likely Bugs\Nullness\NullAlways.ql failed the constraint of kind (was problem).
[2026-07-14 14:44:10] [SPAMMIER] resolve queries> Query Filter: C:\Program Files\codeql\qlpacks\codeql\java-queries\1.11.5\Likely Bugs\Nullness\NullExprDeref.ql failed the constraint of kind (was problem).
[2026-07-14 14:44:10] [SPAMMIER] resolve queries> Query Filter: C:\Program Files\codeql\qlpacks\codeql\java-queries\1.11.5\Likely Bugs\Nullness\NullMaybe.ql failed the constraint of kind (was problem).
[2026-07-14 14:44:10] [SPAMMIER] resolve queries> Query Filter: C:\Program Files\codeql\qlpacks\codeql\java-queries\1.11.5\Likely Bugs\Reflection\AnnotationPresentCheck.ql failed the constraint of kind (was problem).
[2026-07-14 14:44:10] [SPAMMIER] resolve queries> Query Filter: C:\Program Files\codeql\qlpacks\codeql\java-queries\1.11.5\Likely Bugs\Resource Leaks\CloseReader.ql failed the constraint of kind (was problem).
[2026-07-14 14:44:10] [SPAMMIER] resolve queries> Query Filter: C:\Program Files\codeql\qlpacks\codeql\java-queries\1.11.5\Likely Bugs\Resource Leaks\CloseSql.ql failed the constraint of kind (was problem).
[2026-07-14 14:44:10] [SPAMMIER] resolve queries> Query Filter: C:\Program Files\codeql\qlpacks\codeql\java-queries\1.11.5\Likely Bugs\Resource Leaks\CloseWriter.ql failed the constraint of kind (was problem).
[2026-07-14 14:44:10] [SPAMMIER] resolve queries> Query Filter: C:\Program Files\codeql\qlpacks\codeql\java-queries\1.11.5\Likely Bugs\Serialization\IncorrectSerializableMethods.ql failed the constraint of kind (was problem).
[2026-07-14 14:44:10] [SPAMMIER] resolve queries> Query Filter: C:\Program Files\codeql\qlpacks\codeql\java-queries\1.11.5\Likely Bugs\Serialization\IncorrectSerialVersionUID.ql failed the constraint of kind (was problem).
[2026-07-14 14:44:10] [SPAMMIER] resolve queries> Query Filter: C:\Program Files\codeql\qlpacks\codeql\java-queries\1.11.5\Likely Bugs\Serialization\MissingVoidConstructorOnExternalizable.ql failed the constraint of kind (was problem).
[2026-07-14 14:44:10] [SPAMMIER] resolve queries> Query Filter: C:\Program Files\codeql\qlpacks\codeql\java-queries\1.11.5\Likely Bugs\Serialization\MissingVoidConstructorsOnSerializable.ql failed the constraint of kind (was problem).
[2026-07-14 14:44:10] [SPAMMIER] resolve queries> Query Filter: C:\Program Files\codeql\qlpacks\codeql\java-queries\1.11.5\Likely Bugs\Serialization\NonSerializableComparator.ql failed the constraint of kind (was problem).
[2026-07-14 14:44:10] [SPAMMIER] resolve queries> Query Filter: C:\Program Files\codeql\qlpacks\codeql\java-queries\1.11.5\Likely Bugs\Serialization\NonSerializableField.ql failed the constraint of kind (was problem).
[2026-07-14 14:44:10] [SPAMMIER] resolve queries> Query Filter: C:\Program Files\codeql\qlpacks\codeql\java-queries\1.11.5\Likely Bugs\Serialization\NonSerializableInnerClass.ql failed the constraint of kind (was problem).
[2026-07-14 14:44:10] [SPAMMIER] resolve queries> Query Filter: C:\Program Files\codeql\qlpacks\codeql\java-queries\1.11.5\Likely Bugs\Serialization\ReadResolveObject.ql failed the constraint of kind (was problem).
[2026-07-14 14:44:10] [SPAMMIER] resolve queries> Query Filter: C:\Program Files\codeql\qlpacks\codeql\java-queries\1.11.5\Likely Bugs\Serialization\TransientNotSerializable.ql failed the constraint of kind (was problem).
[2026-07-14 14:44:10] [SPAMMIER] resolve queries> Query Filter: C:\Program Files\codeql\qlpacks\codeql\java-queries\1.11.5\Likely Bugs\Statements\ContinueInFalseLoop.ql failed the constraint of kind (was problem).
[2026-07-14 14:44:10] [SPAMMIER] resolve queries> Query Filter: C:\Program Files\codeql\qlpacks\codeql\java-queries\1.11.5\Likely Bugs\Statements\EmptyBlock.ql failed the constraint of kind (was problem).
[2026-07-14 14:44:10] [SPAMMIER] resolve queries> Query Filter: C:\Program Files\codeql\qlpacks\codeql\java-queries\1.11.5\Likely Bugs\Statements\EmptySynchronizedBlock.ql failed the constraint of kind (was problem).
[2026-07-14 14:44:10] [SPAMMIER] resolve queries> Query Filter: C:\Program Files\codeql\qlpacks\codeql\java-queries\1.11.5\Likely Bugs\Statements\ImpossibleCast.ql failed the constraint of kind (was problem).
[2026-07-14 14:44:10] [SPAMMIER] resolve queries> Query Filter: C:\Program Files\codeql\qlpacks\codeql\java-queries\1.11.5\Likely Bugs\Statements\InconsistentCallOnResult.ql failed the constraint of kind (was problem).
[2026-07-14 14:44:10] [SPAMMIER] resolve queries> Query Filter: C:\Program Files\codeql\qlpacks\codeql\java-queries\1.11.5\Likely Bugs\Statements\MissingEnumInSwitch.ql failed the constraint of kind (was problem).
[2026-07-14 14:44:10] [SPAMMIER] resolve queries> Query Filter: C:\Program Files\codeql\qlpacks\codeql\java-queries\1.11.5\Likely Bugs\Statements\PartiallyMaskedCatch.ql failed the constraint of kind (was problem).
[2026-07-14 14:44:10] [SPAMMIER] resolve queries> Query Filter: C:\Program Files\codeql\qlpacks\codeql\java-queries\1.11.5\Likely Bugs\Statements\ReturnValueIgnored.ql failed the constraint of kind (was problem).
[2026-07-14 14:44:10] [SPAMMIER] resolve queries> Query Filter: C:\Program Files\codeql\qlpacks\codeql\java-queries\1.11.5\Likely Bugs\Statements\StaticFieldWrittenByInstance.ql failed the constraint of kind (was problem).
[2026-07-14 14:44:10] [SPAMMIER] resolve queries> Query Filter: C:\Program Files\codeql\qlpacks\codeql\java-queries\1.11.5\Likely Bugs\Statements\UseBraces.ql failed the constraint of kind (was problem).
[2026-07-14 14:44:10] [SPAMMIER] resolve queries> Query Filter: C:\Program Files\codeql\qlpacks\codeql\java-queries\1.11.5\Likely Bugs\Termination\ConstantLoopCondition.ql failed the constraint of kind (was problem).
[2026-07-14 14:44:10] [SPAMMIER] resolve queries> Query Filter: C:\Program Files\codeql\qlpacks\codeql\java-queries\1.11.5\Likely Bugs\Termination\SpinOnField.ql failed the constraint of kind (was problem).
[2026-07-14 14:44:10] [SPAMMIER] resolve queries> Query Filter: C:\Program Files\codeql\qlpacks\codeql\java-queries\1.11.5\meta\frameworks\Coverage.ql failed the constraint of kind (was table).
[2026-07-14 14:44:10] [SPAMMIER] resolve queries> Query Filter: C:\Program Files\codeql\qlpacks\codeql\java-queries\1.11.5\Metrics\Authors\AuthorsPerFile.ql failed the constraint of kind (was treemap).
[2026-07-14 14:44:10] [SPAMMIER] resolve queries> Query Filter: C:\Program Files\codeql\qlpacks\codeql\java-queries\1.11.5\Metrics\Callables\CCyclomaticComplexity.ql failed the constraint of kind (was treemap).
[2026-07-14 14:44:10] [SPAMMIER] resolve queries> Query Filter: C:\Program Files\codeql\qlpacks\codeql\java-queries\1.11.5\Metrics\Callables\CLinesOfCode.ql failed the constraint of kind (was treemap).
[2026-07-14 14:44:10] [SPAMMIER] resolve queries> Query Filter: C:\Program Files\codeql\qlpacks\codeql\java-queries\1.11.5\Metrics\Callables\CLinesOfComment.ql failed the constraint of kind (was treemap).
[2026-07-14 14:44:10] [SPAMMIER] resolve queries> Query Filter: C:\Program Files\codeql\qlpacks\codeql\java-queries\1.11.5\Metrics\Callables\CNumberOfCalls.ql failed the constraint of kind (was treemap).
[2026-07-14 14:44:10] [SPAMMIER] resolve queries> Query Filter: C:\Program Files\codeql\qlpacks\codeql\java-queries\1.11.5\Metrics\Callables\CNumberOfParameters.ql failed the constraint of kind (was treemap).
[2026-07-14 14:44:10] [SPAMMIER] resolve queries> Query Filter: C:\Program Files\codeql\qlpacks\codeql\java-queries\1.11.5\Metrics\Callables\CNumberOfStatements.ql failed the constraint of kind (was treemap).
[2026-07-14 14:44:10] [SPAMMIER] resolve queries> Query Filter: C:\Program Files\codeql\qlpacks\codeql\java-queries\1.11.5\Metrics\Callables\StatementNestingDepth.ql failed the constraint of kind (was treemap).
[2026-07-14 14:44:10] [SPAMMIER] resolve queries> Query Filter: C:\Program Files\codeql\qlpacks\codeql\java-queries\1.11.5\Metrics\Dependencies\ExternalDependencies.ql failed the constraint of kind (was treemap).
[2026-07-14 14:44:10] [SPAMMIER] resolve queries> Query Filter: C:\Program Files\codeql\qlpacks\codeql\java-queries\1.11.5\Metrics\Dependencies\ExternalDependenciesSourceLinks.ql failed the constraint of kind (was source-link).
[2026-07-14 14:44:10] [SPAMMIER] resolve queries> Query Filter: C:\Program Files\codeql\qlpacks\codeql\java-queries\1.11.5\Metrics\Files\FAfferentCoupling.ql failed the constraint of kind (was treemap).
[2026-07-14 14:44:10] [SPAMMIER] resolve queries> Query Filter: C:\Program Files\codeql\qlpacks\codeql\java-queries\1.11.5\Metrics\Files\FCommentRatio.ql failed the constraint of kind (was treemap).
[2026-07-14 14:44:10] [SPAMMIER] resolve queries> Query Filter: C:\Program Files\codeql\qlpacks\codeql\java-queries\1.11.5\Metrics\Files\FCyclomaticComplexity.ql failed the constraint of kind (was treemap).
[2026-07-14 14:44:10] [SPAMMIER] resolve queries> Query Filter: C:\Program Files\codeql\qlpacks\codeql\java-queries\1.11.5\Metrics\Files\FEfferentCoupling.ql failed the constraint of kind (was treemap).
[2026-07-14 14:44:10] [SPAMMIER] resolve queries> Query Filter: C:\Program Files\codeql\qlpacks\codeql\java-queries\1.11.5\Metrics\Files\FLines.ql failed the constraint of kind (was treemap).
[2026-07-14 14:44:10] [SPAMMIER] resolve queries> Query Filter: C:\Program Files\codeql\qlpacks\codeql\java-queries\1.11.5\Metrics\Files\FLinesOfCode.ql failed the constraint of kind (was treemap).
[2026-07-14 14:44:10] [SPAMMIER] resolve queries> Query Filter: C:\Program Files\codeql\qlpacks\codeql\java-queries\1.11.5\Metrics\Files\FLinesOfComment.ql failed the constraint of kind (was treemap).
[2026-07-14 14:44:10] [SPAMMIER] resolve queries> Query Filter: C:\Program Files\codeql\qlpacks\codeql\java-queries\1.11.5\Metrics\Files\FLinesOfCommentedCode.ql failed the constraint of kind (was treemap).
[2026-07-14 14:44:10] [SPAMMIER] resolve queries> Query Filter: C:\Program Files\codeql\qlpacks\codeql\java-queries\1.11.5\Metrics\Files\FLinesOfDuplicatedCode.ql failed the constraint of kind (was treemap).
[2026-07-14 14:44:10] [SPAMMIER] resolve queries> Query Filter: C:\Program Files\codeql\qlpacks\codeql\java-queries\1.11.5\Metrics\Files\FLinesOfSimilarCode.ql failed the constraint of kind (was treemap).
[2026-07-14 14:44:10] [SPAMMIER] resolve queries> Query Filter: C:\Program Files\codeql\qlpacks\codeql\java-queries\1.11.5\Metrics\Files\FNumberOfClasses.ql failed the constraint of kind (was treemap).
[2026-07-14 14:44:10] [SPAMMIER] resolve queries> Query Filter: C:\Program Files\codeql\qlpacks\codeql\java-queries\1.11.5\Metrics\Files\FNumberOfInterfaces.ql failed the constraint of kind (was treemap).
[2026-07-14 14:44:10] [SPAMMIER] resolve queries> Query Filter: C:\Program Files\codeql\qlpacks\codeql\java-queries\1.11.5\Metrics\Files\FNumberOfTests.ql failed the constraint of kind (was treemap).
[2026-07-14 14:44:10] [SPAMMIER] resolve queries> Query Filter: C:\Program Files\codeql\qlpacks\codeql\java-queries\1.11.5\Metrics\Files\FSelfContainedness.ql failed the constraint of kind (was treemap).
[2026-07-14 14:44:10] [SPAMMIER] resolve queries> Query Filter: C:\Program Files\codeql\qlpacks\codeql\java-queries\1.11.5\Metrics\RefTypes\TAfferentCoupling.ql failed the constraint of kind (was treemap).
[2026-07-14 14:44:10] [SPAMMIER] resolve queries> Query Filter: C:\Program Files\codeql\qlpacks\codeql\java-queries\1.11.5\Metrics\RefTypes\TEfferentCoupling.ql failed the constraint of kind (was treemap).
[2026-07-14 14:44:10] [SPAMMIER] resolve queries> Query Filter: C:\Program Files\codeql\qlpacks\codeql\java-queries\1.11.5\Metrics\RefTypes\TEfferentSourceCoupling.ql failed the constraint of kind (was treemap).
[2026-07-14 14:44:10] [SPAMMIER] resolve queries> Query Filter: C:\Program Files\codeql\qlpacks\codeql\java-queries\1.11.5\Metrics\RefTypes\TInheritanceDepth.ql failed the constraint of kind (was treemap).
[2026-07-14 14:44:10] [SPAMMIER] resolve queries> Query Filter: C:\Program Files\codeql\qlpacks\codeql\java-queries\1.11.5\Metrics\RefTypes\TLackOfCohesionCK.ql failed the constraint of kind (was treemap).
[2026-07-14 14:44:10] [SPAMMIER] resolve queries> Query Filter: C:\Program Files\codeql\qlpacks\codeql\java-queries\1.11.5\Metrics\RefTypes\TLackOfCohesionHS.ql failed the constraint of kind (was treemap).
[2026-07-14 14:44:10] [SPAMMIER] resolve queries> Query Filter: C:\Program Files\codeql\qlpacks\codeql\java-queries\1.11.5\Metrics\RefTypes\TLinesOfCode.ql failed the constraint of kind (was treemap).
[2026-07-14 14:44:10] [SPAMMIER] resolve queries> Query Filter: C:\Program Files\codeql\qlpacks\codeql\java-queries\1.11.5\Metrics\RefTypes\TLinesOfComment.ql failed the constraint of kind (was treemap).
[2026-07-14 14:44:10] [SPAMMIER] resolve queries> Query Filter: C:\Program Files\codeql\qlpacks\codeql\java-queries\1.11.5\Metrics\RefTypes\TNumberOfCallables.ql failed the constraint of kind (was treemap).
[2026-07-14 14:44:10] [SPAMMIER] resolve queries> Query Filter: C:\Program Files\codeql\qlpacks\codeql\java-queries\1.11.5\Metrics\RefTypes\TNumberOfFields.ql failed the constraint of kind (was treemap).
[2026-07-14 14:44:10] [SPAMMIER] resolve queries> Query Filter: C:\Program Files\codeql\qlpacks\codeql\java-queries\1.11.5\Metrics\RefTypes\TNumberOfStatements.ql failed the constraint of kind (was treemap).
[2026-07-14 14:44:10] [SPAMMIER] resolve queries> Query Filter: C:\Program Files\codeql\qlpacks\codeql\java-queries\1.11.5\Metrics\RefTypes\TPercentageOfComments.ql failed the constraint of kind (was treemap).
[2026-07-14 14:44:10] [SPAMMIER] resolve queries> Query Filter: C:\Program Files\codeql\qlpacks\codeql\java-queries\1.11.5\Metrics\RefTypes\TPercentageOfComplexCode.ql failed the constraint of kind (was treemap).
[2026-07-14 14:44:10] [SPAMMIER] resolve queries> Query Filter: C:\Program Files\codeql\qlpacks\codeql\java-queries\1.11.5\Metrics\RefTypes\TResponse.ql failed the constraint of kind (was treemap).
[2026-07-14 14:44:10] [SPAMMIER] resolve queries> Query Filter: C:\Program Files\codeql\qlpacks\codeql\java-queries\1.11.5\Metrics\RefTypes\TSelfContainedness.ql failed the constraint of kind (was treemap).
[2026-07-14 14:44:10] [SPAMMIER] resolve queries> Query Filter: C:\Program Files\codeql\qlpacks\codeql\java-queries\1.11.5\Metrics\RefTypes\TSizeOfAPI.ql failed the constraint of kind (was treemap).
[2026-07-14 14:44:10] [SPAMMIER] resolve queries> Query Filter: C:\Program Files\codeql\qlpacks\codeql\java-queries\1.11.5\Metrics\RefTypes\TSpecialisationIndex.ql failed the constraint of kind (was treemap).
[2026-07-14 14:44:10] [SPAMMIER] resolve queries> Query Filter: C:\Program Files\codeql\qlpacks\codeql\java-queries\1.11.5\Metrics\Summaries\FrameworkCoverage.ql failed the constraint of kind (was metric).
[2026-07-14 14:44:10] [SPAMMIER] resolve queries> Query Filter: C:\Program Files\codeql\qlpacks\codeql\java-queries\1.11.5\Metrics\Summaries\GeneratedVsManualCoverage.ql failed the constraint of kind (was table).
[2026-07-14 14:44:10] [SPAMMIER] resolve queries> Query Filter: C:\Program Files\codeql\qlpacks\codeql\java-queries\1.11.5\Metrics\Summaries\LinesOfCode.ql failed the constraint of kind (was metric).
[2026-07-14 14:44:10] [SPAMMIER] resolve queries> Query Filter: C:\Program Files\codeql\qlpacks\codeql\java-queries\1.11.5\Metrics\Summaries\LinesOfCodeJava.ql failed the constraint of kind (was metric).
[2026-07-14 14:44:10] [SPAMMIER] resolve queries> Query Filter: C:\Program Files\codeql\qlpacks\codeql\java-queries\1.11.5\Metrics\Summaries\LinesOfCodeKotlin.ql failed the constraint of kind (was metric).
[2026-07-14 14:44:10] [SPAMMIER] resolve queries> Query Filter: C:\Program Files\codeql\qlpacks\codeql\java-queries\1.11.5\Performance\ConcatenationInLoops.ql failed the constraint of kind (was problem).
[2026-07-14 14:44:10] [SPAMMIER] resolve queries> Query Filter: C:\Program Files\codeql\qlpacks\codeql\java-queries\1.11.5\Performance\InefficientEmptyStringTest.ql failed the constraint of kind (was problem).
[2026-07-14 14:44:10] [SPAMMIER] resolve queries> Query Filter: C:\Program Files\codeql\qlpacks\codeql\java-queries\1.11.5\Performance\InefficientKeySetIterator.ql failed the constraint of kind (was problem).
[2026-07-14 14:44:10] [SPAMMIER] resolve queries> Query Filter: C:\Program Files\codeql\qlpacks\codeql\java-queries\1.11.5\Performance\InefficientOutputStream.ql failed the constraint of kind (was problem).
[2026-07-14 14:44:10] [SPAMMIER] resolve queries> Query Filter: C:\Program Files\codeql\qlpacks\codeql\java-queries\1.11.5\Performance\InefficientPrimConstructor.ql failed the constraint of kind (was problem).
[2026-07-14 14:44:10] [SPAMMIER] resolve queries> Query Filter: C:\Program Files\codeql\qlpacks\codeql\java-queries\1.11.5\Performance\InnerClassCouldBeStatic.ql failed the constraint of kind (was problem).
[2026-07-14 14:44:10] [SPAMMIER] resolve queries> Query Filter: C:\Program Files\codeql\qlpacks\codeql\java-queries\1.11.5\Performance\NewStringString.ql failed the constraint of kind (was problem).
[2026-07-14 14:44:10] [SPAMMIER] resolve queries> Query Filter: C:\Program Files\codeql\qlpacks\codeql\java-queries\1.11.5\Performance\StringReplaceAllWithNonRegex.ql failed the constraint of kind (was problem).
[2026-07-14 14:44:10] [SPAMMIER] resolve queries> Query Filter: C:\Program Files\codeql\qlpacks\codeql\java-queries\1.11.5\Security\CWE\CWE-020\ExternalAPIsUsedWithUntrustedData.ql failed the constraint of kind (was table).
[2026-07-14 14:44:10] [SPAMMIER] resolve queries> Query Filter: C:\Program Files\codeql\qlpacks\codeql\java-queries\1.11.5\Security\CWE\CWE-020\UntrustedDataToExternalAPI.ql failed the constraint of kind (was path-problem).
[2026-07-14 14:44:10] [SPAMMIER] resolve queries> Query Filter: C:\Program Files\codeql\qlpacks\codeql\java-queries\1.11.5\Security\CWE\CWE-129\ImproperValidationOfArrayConstructionCodeSpecified.ql failed the constraint of kind (was path-problem).
[2026-07-14 14:44:10] [SPAMMIER] resolve queries> Query Filter: C:\Program Files\codeql\qlpacks\codeql\java-queries\1.11.5\Security\CWE\CWE-129\ImproperValidationOfArrayIndexCodeSpecified.ql failed the constraint of kind (was path-problem).
[2026-07-14 14:44:10] [SPAMMIER] resolve queries> Query Filter: C:\Program Files\codeql\qlpacks\codeql\java-queries\1.11.5\Security\CWE\CWE-190\ArithmeticWithExtremeValues.ql failed the constraint of kind (was path-problem).
[2026-07-14 14:44:10] [SPAMMIER] resolve queries> Query Filter: C:\Program Files\codeql\qlpacks\codeql\java-queries\1.11.5\Security\CWE\CWE-312\CleartextStorageClass.ql failed the constraint of kind (was problem).
[2026-07-14 14:44:10] [SPAMMIER] resolve queries> Query Filter: C:\Program Files\codeql\qlpacks\codeql\java-queries\1.11.5\Security\CWE\CWE-319\HttpsUrls.ql failed the constraint of kind (was path-problem).
[2026-07-14 14:44:10] [SPAMMIER] resolve queries> Query Filter: C:\Program Files\codeql\qlpacks\codeql\java-queries\1.11.5\Security\CWE\CWE-319\UseSSL.ql failed the constraint of kind (was problem).
[2026-07-14 14:44:10] [SPAMMIER] resolve queries> Query Filter: C:\Program Files\codeql\qlpacks\codeql\java-queries\1.11.5\Security\CWE\CWE-319\UseSSLSocketFactories.ql failed the constraint of kind (was problem).
[2026-07-14 14:44:10] [SPAMMIER] resolve queries> Query Filter: C:\Program Files\codeql\qlpacks\codeql\java-queries\1.11.5\Security\CWE\CWE-798\HardcodedCredentialsApiCall.ql failed the constraint of kind (was path-problem).
[2026-07-14 14:44:10] [SPAMMIER] resolve queries> Query Filter: C:\Program Files\codeql\qlpacks\codeql\java-queries\1.11.5\Security\CWE\CWE-798\HardcodedCredentialsComparison.ql failed the constraint of kind (was problem).
[2026-07-14 14:44:10] [SPAMMIER] resolve queries> Query Filter: C:\Program Files\codeql\qlpacks\codeql\java-queries\1.11.5\Security\CWE\CWE-798\HardcodedCredentialsSourceCall.ql failed the constraint of kind (was path-problem).
[2026-07-14 14:44:10] [SPAMMIER] resolve queries> Query Filter: C:\Program Files\codeql\qlpacks\codeql\java-queries\1.11.5\Security\CWE\CWE-798\HardcodedPasswordField.ql failed the constraint of kind (was problem).
[2026-07-14 14:44:10] [SPAMMIER] resolve queries> Query Filter: C:\Program Files\codeql\qlpacks\codeql\java-queries\1.11.5\Security\CWE\CWE-833\LockOrderInconsistency.ql failed the constraint of kind (was problem).
[2026-07-14 14:44:10] [SPAMMY] resolve queries> Query Filter: Including C:\Program Files\codeql\qlpacks\codeql\java-queries\1.11.5\Telemetry\DatabaseQualityDiagnostics.ql.
[2026-07-14 14:44:10] [SPAMMIER] resolve queries> Query Filter: C:\Program Files\codeql\qlpacks\codeql\java-queries\1.11.5\Telemetry\ExternalLibraryUsage.ql failed the constraint of kind (was metric).
[2026-07-14 14:44:10] [SPAMMIER] resolve queries> Query Filter: C:\Program Files\codeql\qlpacks\codeql\java-queries\1.11.5\Telemetry\ExtractorInformation.ql failed the constraint of kind (was metric).
[2026-07-14 14:44:10] [SPAMMIER] resolve queries> Query Filter: C:\Program Files\codeql\qlpacks\codeql\java-queries\1.11.5\Telemetry\SupportedExternalApis.ql failed the constraint of kind (was metric).
[2026-07-14 14:44:10] [SPAMMIER] resolve queries> Query Filter: C:\Program Files\codeql\qlpacks\codeql\java-queries\1.11.5\Telemetry\SupportedExternalSinks.ql failed the constraint of kind (was metric).
[2026-07-14 14:44:10] [SPAMMIER] resolve queries> Query Filter: C:\Program Files\codeql\qlpacks\codeql\java-queries\1.11.5\Telemetry\SupportedExternalSources.ql failed the constraint of kind (was metric).
[2026-07-14 14:44:10] [SPAMMIER] resolve queries> Query Filter: C:\Program Files\codeql\qlpacks\codeql\java-queries\1.11.5\Telemetry\SupportedExternalTaint.ql failed the constraint of kind (was metric).
[2026-07-14 14:44:10] [SPAMMIER] resolve queries> Query Filter: C:\Program Files\codeql\qlpacks\codeql\java-queries\1.11.5\Telemetry\UnsupportedExternalAPIs.ql failed the constraint of kind (was metric).
[2026-07-14 14:44:10] [SPAMMIER] resolve queries> Query Filter: C:\Program Files\codeql\qlpacks\codeql\java-queries\1.11.5\utils\modelconverter\ExtractNeutrals.ql failed the constraint of kind (not present).
[2026-07-14 14:44:10] [SPAMMIER] resolve queries> Query Filter: C:\Program Files\codeql\qlpacks\codeql\java-queries\1.11.5\utils\modelconverter\ExtractSinks.ql failed the constraint of kind (not present).
[2026-07-14 14:44:10] [SPAMMIER] resolve queries> Query Filter: C:\Program Files\codeql\qlpacks\codeql\java-queries\1.11.5\utils\modelconverter\ExtractSources.ql failed the constraint of kind (not present).
[2026-07-14 14:44:10] [SPAMMIER] resolve queries> Query Filter: C:\Program Files\codeql\qlpacks\codeql\java-queries\1.11.5\utils\modelconverter\ExtractSummaries.ql failed the constraint of kind (not present).
[2026-07-14 14:44:10] [SPAMMIER] resolve queries> Query Filter: C:\Program Files\codeql\qlpacks\codeql\java-queries\1.11.5\utils\modeleditor\ApplicationModeEndpoints.ql failed the constraint of kind (was table).
[2026-07-14 14:44:10] [SPAMMIER] resolve queries> Query Filter: C:\Program Files\codeql\qlpacks\codeql\java-queries\1.11.5\utils\modeleditor\FrameworkModeEndpoints.ql failed the constraint of kind (was table).
[2026-07-14 14:44:10] [SPAMMY] resolve queries> Query Filter: Including C:\Program Files\codeql\qlpacks\codeql\java-queries\1.11.5\utils\modelgenerator\CaptureContentSummaryModels.ql.
[2026-07-14 14:44:10] [SPAMMY] resolve queries> Query Filter: Including C:\Program Files\codeql\qlpacks\codeql\java-queries\1.11.5\utils\modelgenerator\CaptureNeutralModels.ql.
[2026-07-14 14:44:10] [SPAMMY] resolve queries> Query Filter: Including C:\Program Files\codeql\qlpacks\codeql\java-queries\1.11.5\utils\modelgenerator\CaptureSinkModels.ql.
[2026-07-14 14:44:10] [SPAMMY] resolve queries> Query Filter: Including C:\Program Files\codeql\qlpacks\codeql\java-queries\1.11.5\utils\modelgenerator\CaptureSourceModels.ql.
[2026-07-14 14:44:10] [SPAMMY] resolve queries> Query Filter: Including C:\Program Files\codeql\qlpacks\codeql\java-queries\1.11.5\utils\modelgenerator\CaptureSummaryModels.ql.
[2026-07-14 14:44:10] [SPAMMY] resolve queries> Query Filter: Including C:\Program Files\codeql\qlpacks\codeql\java-queries\1.11.5\utils\modelgenerator\CaptureTypeBasedSummaryModels.ql.
[2026-07-14 14:44:10] [SPAMMIER] resolve queries> Query Filter: C:\Program Files\codeql\qlpacks\codeql\java-queries\1.11.5\utils\modelgenerator\debug\CaptureSummaryModelsPartialPath.ql failed the constraint of kind (was path-problem).
[2026-07-14 14:44:10] [SPAMMIER] resolve queries> Query Filter: C:\Program Files\codeql\qlpacks\codeql\java-queries\1.11.5\utils\modelgenerator\debug\CaptureSummaryModelsPath.ql failed the constraint of kind (was path-problem).
[2026-07-14 14:44:10] [SPAMMIER] resolve queries> Query Filter: C:\Program Files\codeql\qlpacks\codeql\java-queries\1.11.5\utils\stub-generator\MinimalStubsFromSource.ql failed the constraint of kind (not present).
[2026-07-14 14:44:10] [SPAMMIER] resolve queries> Query Filter: C:\Program Files\codeql\qlpacks\codeql\java-queries\1.11.5\Violations of Best Practice\Boolean Logic\SimplifyBoolExpr.ql failed the constraint of kind (was problem).
[2026-07-14 14:44:10] [SPAMMIER] resolve queries> Query Filter: C:\Program Files\codeql\qlpacks\codeql\java-queries\1.11.5\Violations of Best Practice\Boxed Types\BoxedVariable.ql failed the constraint of kind (was problem).
[2026-07-14 14:44:10] [SPAMMIER] resolve queries> Query Filter: C:\Program Files\codeql\qlpacks\codeql\java-queries\1.11.5\Violations of Best Practice\Comments\CommentedCode.ql failed the constraint of kind (was problem).
[2026-07-14 14:44:10] [SPAMMIER] resolve queries> Query Filter: C:\Program Files\codeql\qlpacks\codeql\java-queries\1.11.5\Violations of Best Practice\Comments\TodoComments.ql failed the constraint of kind (was problem).
[2026-07-14 14:44:10] [SPAMMIER] resolve queries> Query Filter: C:\Program Files\codeql\qlpacks\codeql\java-queries\1.11.5\Violations of Best Practice\Dead Code\AssignmentInReturn.ql failed the constraint of kind (was problem).
[2026-07-14 14:44:10] [SPAMMIER] resolve queries> Query Filter: C:\Program Files\codeql\qlpacks\codeql\java-queries\1.11.5\Violations of Best Practice\Dead Code\CreatesEmptyZip.ql failed the constraint of kind (was problem).
[2026-07-14 14:44:10] [SPAMMIER] resolve queries> Query Filter: C:\Program Files\codeql\qlpacks\codeql\java-queries\1.11.5\Violations of Best Practice\Dead Code\DeadRefTypes.ql failed the constraint of kind (was problem).
[2026-07-14 14:44:10] [SPAMMIER] resolve queries> Query Filter: C:\Program Files\codeql\qlpacks\codeql\java-queries\1.11.5\Violations of Best Practice\Dead Code\DeadStoreOfLocal.ql failed the constraint of kind (was problem).
[2026-07-14 14:44:10] [SPAMMIER] resolve queries> Query Filter: C:\Program Files\codeql\qlpacks\codeql\java-queries\1.11.5\Violations of Best Practice\Dead Code\DeadStoreOfLocalUnread.ql failed the constraint of kind (was problem).
[2026-07-14 14:44:10] [SPAMMIER] resolve queries> Query Filter: C:\Program Files\codeql\qlpacks\codeql\java-queries\1.11.5\Violations of Best Practice\Dead Code\EmptyFinalize.ql failed the constraint of kind (was problem).
[2026-07-14 14:44:10] [SPAMMIER] resolve queries> Query Filter: C:\Program Files\codeql\qlpacks\codeql\java-queries\1.11.5\Violations of Best Practice\Dead Code\FinalizerNullsFields.ql failed the constraint of kind (was problem).
[2026-07-14 14:44:10] [SPAMMIER] resolve queries> Query Filter: C:\Program Files\codeql\qlpacks\codeql\java-queries\1.11.5\Violations of Best Practice\Dead Code\InterfaceCannotBeImplemented.ql failed the constraint of kind (was problem).
[2026-07-14 14:44:10] [SPAMMIER] resolve queries> Query Filter: C:\Program Files\codeql\qlpacks\codeql\java-queries\1.11.5\Violations of Best Practice\Dead Code\LocalInitialisedButNotUsed.ql failed the constraint of kind (was problem).
[2026-07-14 14:44:10] [SPAMMIER] resolve queries> Query Filter: C:\Program Files\codeql\qlpacks\codeql\java-queries\1.11.5\Metrics\Files\FLinesOfCommentedCode.ql failed the constraint of kind (was treemap).
[2026-07-14 14:44:10] [SPAMMIER] resolve queries> Query Filter: C:\Program Files\codeql\qlpacks\codeql\java-queries\1.11.5\Metrics\Files\FLinesOfDuplicatedCode.ql failed the constraint of kind (was treemap).
[2026-07-14 14:44:10] [SPAMMIER] resolve queries> Query Filter: C:\Program Files\codeql\qlpacks\codeql\java-queries\1.11.5\Metrics\Files\FLinesOfSimilarCode.ql failed the constraint of kind (was treemap).
[2026-07-14 14:44:10] [SPAMMIER] resolve queries> Query Filter: C:\Program Files\codeql\qlpacks\codeql\java-queries\1.11.5\Metrics\Files\FNumberOfClasses.ql failed the constraint of kind (was treemap).
[2026-07-14 14:44:10] [SPAMMIER] resolve queries> Query Filter: C:\Program Files\codeql\qlpacks\codeql\java-queries\1.11.5\Metrics\Files\FNumberOfInterfaces.ql failed the constraint of kind (was treemap).
[2026-07-14 14:44:10] [SPAMMIER] resolve queries> Query Filter: C:\Program Files\codeql\qlpacks\codeql\java-queries\1.11.5\Metrics\Files\FNumberOfTests.ql failed the constraint of kind (was treemap).
[2026-07-14 14:44:10] [SPAMMIER] resolve queries> Query Filter: C:\Program Files\codeql\qlpacks\codeql\java-queries\1.11.5\Metrics\Files\FSelfContainedness.ql failed the constraint of kind (was treemap).
[2026-07-14 14:44:10] [SPAMMIER] resolve queries> Query Filter: C:\Program Files\codeql\qlpacks\codeql\java-queries\1.11.5\Metrics\RefTypes\TAfferentCoupling.ql failed the constraint of kind (was treemap).
[2026-07-14 14:44:10] [SPAMMIER] resolve queries> Query Filter: C:\Program Files\codeql\qlpacks\codeql\java-queries\1.11.5\Metrics\RefTypes\TEfferentCoupling.ql failed the constraint of kind (was treemap).
[2026-07-14 14:44:10] [SPAMMIER] resolve queries> Query Filter: C:\Program Files\codeql\qlpacks\codeql\java-queries\1.11.5\Metrics\RefTypes\TEfferentSourceCoupling.ql failed the constraint of kind (was treemap).
[2026-07-14 14:44:10] [SPAMMIER] resolve queries> Query Filter: C:\Program Files\codeql\qlpacks\codeql\java-queries\1.11.5\Metrics\RefTypes\TInheritanceDepth.ql failed the constraint of kind (was treemap).
[2026-07-14 14:44:10] [SPAMMIER] resolve queries> Query Filter: C:\Program Files\codeql\qlpacks\codeql\java-queries\1.11.5\Metrics\RefTypes\TLackOfCohesionCK.ql failed the constraint of kind (was treemap).
[2026-07-14 14:44:10] [SPAMMIER] resolve queries> Query Filter: C:\Program Files\codeql\qlpacks\codeql\java-queries\1.11.5\Metrics\RefTypes\TLackOfCohesionHS.ql failed the constraint of kind (was treemap).
[2026-07-14 14:44:10] [SPAMMIER] resolve queries> Query Filter: C:\Program Files\codeql\qlpacks\codeql\java-queries\1.11.5\Metrics\RefTypes\TLinesOfCode.ql failed the constraint of kind (was treemap).
[2026-07-14 14:44:10] [SPAMMIER] resolve queries> Query Filter: C:\Program Files\codeql\qlpacks\codeql\java-queries\1.11.5\Metrics\RefTypes\TLinesOfComment.ql failed the constraint of kind (was treemap).
[2026-07-14 14:44:10] [SPAMMIER] resolve queries> Query Filter: C:\Program Files\codeql\qlpacks\codeql\java-queries\1.11.5\Metrics\RefTypes\TNumberOfCallables.ql failed the constraint of kind (was treemap).
[2026-07-14 14:44:10] [SPAMMIER] resolve queries> Query Filter: C:\Program Files\codeql\qlpacks\codeql\java-queries\1.11.5\Metrics\RefTypes\TNumberOfFields.ql failed the constraint of kind (was treemap).
[2026-07-14 14:44:10] [SPAMMIER] resolve queries> Query Filter: C:\Program Files\codeql\qlpacks\codeql\java-queries\1.11.5\Metrics\RefTypes\TNumberOfStatements.ql failed the constraint of kind (was treemap).
[2026-07-14 14:44:10] [SPAMMIER] resolve queries> Query Filter: C:\Program Files\codeql\qlpacks\codeql\java-queries\1.11.5\Metrics\RefTypes\TPercentageOfComments.ql failed the constraint of kind (was treemap).
[2026-07-14 14:44:10] [SPAMMIER] resolve queries> Query Filter: C:\Program Files\codeql\qlpacks\codeql\java-queries\1.11.5\Metrics\RefTypes\TPercentageOfComplexCode.ql failed the constraint of kind (was treemap).
[2026-07-14 14:44:10] [SPAMMIER] resolve queries> Query Filter: C:\Program Files\codeql\qlpacks\codeql\java-queries\1.11.5\Metrics\RefTypes\TResponse.ql failed the constraint of kind (was treemap).
[2026-07-14 14:44:10] [SPAMMIER] resolve queries> Query Filter: C:\Program Files\codeql\qlpacks\codeql\java-queries\1.11.5\Metrics\RefTypes\TSelfContainedness.ql failed the constraint of kind (was treemap).
[2026-07-14 14:44:10] [SPAMMIER] resolve queries> Query Filter: C:\Program Files\codeql\qlpacks\codeql\java-queries\1.11.5\Metrics\RefTypes\TSizeOfAPI.ql failed the constraint of kind (was treemap).
[2026-07-14 14:44:10] [SPAMMIER] resolve queries> Query Filter: C:\Program Files\codeql\qlpacks\codeql\java-queries\1.11.5\Metrics\RefTypes\TSpecialisationIndex.ql failed the constraint of kind (was treemap).
[2026-07-14 14:44:10] [SPAMMY] resolve queries> Query Filter: Including C:\Program Files\codeql\qlpacks\codeql\java-queries\1.11.5\Metrics\Summaries\FrameworkCoverage.ql.
[2026-07-14 14:44:10] [SPAMMIER] resolve queries> Query Filter: C:\Program Files\codeql\qlpacks\codeql\java-queries\1.11.5\Metrics\Summaries\GeneratedVsManualCoverage.ql failed the constraint of kind (was table).
[2026-07-14 14:44:10] [SPAMMY] resolve queries> Query Filter: Including C:\Program Files\codeql\qlpacks\codeql\java-queries\1.11.5\Metrics\Summaries\LinesOfCode.ql.
[2026-07-14 14:44:10] [SPAMMY] resolve queries> Query Filter: Including C:\Program Files\codeql\qlpacks\codeql\java-queries\1.11.5\Metrics\Summaries\LinesOfCodeJava.ql.
[2026-07-14 14:44:10] [SPAMMY] resolve queries> Query Filter: Including C:\Program Files\codeql\qlpacks\codeql\java-queries\1.11.5\Metrics\Summaries\LinesOfCodeKotlin.ql.
[2026-07-14 14:44:10] [SPAMMIER] resolve queries> Query Filter: C:\Program Files\codeql\qlpacks\codeql\java-queries\1.11.5\Performance\ConcatenationInLoops.ql failed the constraint of kind (was problem).
[2026-07-14 14:44:10] [SPAMMIER] resolve queries> Query Filter: C:\Program Files\codeql\qlpacks\codeql\java-queries\1.11.5\Performance\InefficientEmptyStringTest.ql failed the constraint of kind (was problem).
[2026-07-14 14:44:10] [SPAMMIER] resolve queries> Query Filter: C:\Program Files\codeql\qlpacks\codeql\java-queries\1.11.5\Performance\InefficientKeySetIterator.ql failed the constraint of kind (was problem).
[2026-07-14 14:44:10] [SPAMMIER] resolve queries> Query Filter: C:\Program Files\codeql\qlpacks\codeql\java-queries\1.11.5\Performance\InefficientOutputStream.ql failed the constraint of kind (was problem).
[2026-07-14 14:44:10] [SPAMMIER] resolve queries> Query Filter: C:\Program Files\codeql\qlpacks\codeql\java-queries\1.11.5\Performance\InefficientPrimConstructor.ql failed the constraint of kind (was problem).
[2026-07-14 14:44:10] [SPAMMIER] resolve queries> Query Filter: C:\Program Files\codeql\qlpacks\codeql\java-queries\1.11.5\Performance\InnerClassCouldBeStatic.ql failed the constraint of kind (was problem).
[2026-07-14 14:44:10] [SPAMMIER] resolve queries> Query Filter: C:\Program Files\codeql\qlpacks\codeql\java-queries\1.11.5\Performance\NewStringString.ql failed the constraint of kind (was problem).
[2026-07-14 14:44:10] [SPAMMIER] resolve queries> Query Filter: C:\Program Files\codeql\qlpacks\codeql\java-queries\1.11.5\Performance\StringReplaceAllWithNonRegex.ql failed the constraint of kind (was problem).
[2026-07-14 14:44:10] [SPAMMIER] resolve queries> Query Filter: C:\Program Files\codeql\qlpacks\codeql\java-queries\1.11.5\Security\CWE\CWE-020\ExternalAPIsUsedWithUntrustedData.ql failed the constraint of kind (was table).
[2026-07-14 14:44:10] [SPAMMIER] resolve queries> Query Filter: C:\Program Files\codeql\qlpacks\codeql\java-queries\1.11.5\Security\CWE\CWE-020\UntrustedDataToExternalAPI.ql failed the constraint of kind (was path-problem).
[2026-07-14 14:44:10] [SPAMMIER] resolve queries> Query Filter: C:\Program Files\codeql\qlpacks\codeql\java-queries\1.11.5\Security\CWE\CWE-129\ImproperValidationOfArrayConstructionCodeSpecified.ql failed the constraint of kind (was path-problem).
[2026-07-14 14:44:10] [SPAMMIER] resolve queries> Query Filter: C:\Program Files\codeql\qlpacks\codeql\java-queries\1.11.5\Security\CWE\CWE-129\ImproperValidationOfArrayIndexCodeSpecified.ql failed the constraint of kind (was path-problem).
[2026-07-14 14:44:10] [SPAMMIER] resolve queries> Query Filter: C:\Program Files\codeql\qlpacks\codeql\java-queries\1.11.5\Security\CWE\CWE-190\ArithmeticWithExtremeValues.ql failed the constraint of kind (was path-problem).
[2026-07-14 14:44:10] [SPAMMIER] resolve queries> Query Filter: C:\Program Files\codeql\qlpacks\codeql\java-queries\1.11.5\Security\CWE\CWE-312\CleartextStorageClass.ql failed the constraint of kind (was problem).
[2026-07-14 14:44:10] [SPAMMIER] resolve queries> Query Filter: C:\Program Files\codeql\qlpacks\codeql\java-queries\1.11.5\Security\CWE\CWE-319\HttpsUrls.ql failed the constraint of kind (was path-problem).
[2026-07-14 14:44:10] [SPAMMIER] resolve queries> Query Filter: C:\Program Files\codeql\qlpacks\codeql\java-queries\1.11.5\Security\CWE\CWE-319\UseSSL.ql failed the constraint of kind (was problem).
[2026-07-14 14:44:10] [SPAMMIER] resolve queries> Query Filter: C:\Program Files\codeql\qlpacks\codeql\java-queries\1.11.5\Security\CWE\CWE-319\UseSSLSocketFactories.ql failed the constraint of kind (was problem).
[2026-07-14 14:44:10] [SPAMMIER] resolve queries> Query Filter: C:\Program Files\codeql\qlpacks\codeql\java-queries\1.11.5\Security\CWE\CWE-798\HardcodedCredentialsApiCall.ql failed the constraint of kind (was path-problem).
[2026-07-14 14:44:10] [SPAMMIER] resolve queries> Query Filter: C:\Program Files\codeql\qlpacks\codeql\java-queries\1.11.5\Security\CWE\CWE-798\HardcodedCredentialsComparison.ql failed the constraint of kind (was problem).
[2026-07-14 14:44:10] [SPAMMIER] resolve queries> Query Filter: C:\Program Files\codeql\qlpacks\codeql\java-queries\1.11.5\Security\CWE\CWE-798\HardcodedCredentialsSourceCall.ql failed the constraint of kind (was path-problem).
[2026-07-14 14:44:10] [SPAMMIER] resolve queries> Query Filter: C:\Program Files\codeql\qlpacks\codeql\java-queries\1.11.5\Security\CWE\CWE-798\HardcodedPasswordField.ql failed the constraint of kind (was problem).
[2026-07-14 14:44:10] [SPAMMIER] resolve queries> Query Filter: C:\Program Files\codeql\qlpacks\codeql\java-queries\1.11.5\Security\CWE\CWE-833\LockOrderInconsistency.ql failed the constraint of kind (was problem).
[2026-07-14 14:44:10] [SPAMMY] resolve queries> Query Filter: Including C:\Program Files\codeql\qlpacks\codeql\java-queries\1.11.5\Telemetry\ExternalLibraryUsage.ql.
[2026-07-14 14:44:10] [SPAMMY] resolve queries> Query Filter: Including C:\Program Files\codeql\qlpacks\codeql\java-queries\1.11.5\Telemetry\ExtractorInformation.ql.
[2026-07-14 14:44:10] [SPAMMY] resolve queries> Query Filter: Including C:\Program Files\codeql\qlpacks\codeql\java-queries\1.11.5\Telemetry\SupportedExternalApis.ql.
[2026-07-14 14:44:10] [SPAMMY] resolve queries> Query Filter: Including C:\Program Files\codeql\qlpacks\codeql\java-queries\1.11.5\Telemetry\SupportedExternalSinks.ql.
[2026-07-14 14:44:10] [SPAMMY] resolve queries> Query Filter: Including C:\Program Files\codeql\qlpacks\codeql\java-queries\1.11.5\Telemetry\SupportedExternalSources.ql.
[2026-07-14 14:44:10] [SPAMMY] resolve queries> Query Filter: Including C:\Program Files\codeql\qlpacks\codeql\java-queries\1.11.5\Telemetry\SupportedExternalTaint.ql.
[2026-07-14 14:44:10] [SPAMMY] resolve queries> Query Filter: Including C:\Program Files\codeql\qlpacks\codeql\java-queries\1.11.5\Telemetry\UnsupportedExternalAPIs.ql.
[2026-07-14 14:44:10] [SPAMMIER] resolve queries> Query Filter: C:\Program Files\codeql\qlpacks\codeql\java-queries\1.11.5\utils\modelconverter\ExtractNeutrals.ql failed the constraint of kind (not present).
[2026-07-14 14:44:10] [SPAMMIER] resolve queries> Query Filter: C:\Program Files\codeql\qlpacks\codeql\java-queries\1.11.5\utils\modelconverter\ExtractSinks.ql failed the constraint of kind (not present).
[2026-07-14 14:44:10] [SPAMMIER] resolve queries> Query Filter: C:\Program Files\codeql\qlpacks\codeql\java-queries\1.11.5\utils\modelconverter\ExtractSources.ql failed the constraint of kind (not present).
[2026-07-14 14:44:10] [SPAMMIER] resolve queries> Query Filter: C:\Program Files\codeql\qlpacks\codeql\java-queries\1.11.5\utils\modelconverter\ExtractSummaries.ql failed the constraint of kind (not present).
[2026-07-14 14:44:10] [SPAMMIER] resolve queries> Query Filter: C:\Program Files\codeql\qlpacks\codeql\java-queries\1.11.5\utils\modeleditor\ApplicationModeEndpoints.ql failed the constraint of kind (was table).
[2026-07-14 14:44:10] [SPAMMIER] resolve queries> Query Filter: C:\Program Files\codeql\qlpacks\codeql\java-queries\1.11.5\utils\modeleditor\FrameworkModeEndpoints.ql failed the constraint of kind (was table).
[2026-07-14 14:44:10] [SPAMMIER] resolve queries> Query Filter: C:\Program Files\codeql\qlpacks\codeql\java-queries\1.11.5\utils\modelgenerator\debug\CaptureSummaryModelsPartialPath.ql failed the constraint of kind (was path-problem).
[2026-07-14 14:44:10] [SPAMMIER] resolve queries> Query Filter: C:\Program Files\codeql\qlpacks\codeql\java-queries\1.11.5\utils\modelgenerator\debug\CaptureSummaryModelsPath.ql failed the constraint of kind (was path-problem).
[2026-07-14 14:44:10] [SPAMMIER] resolve queries> Query Filter: C:\Program Files\codeql\qlpacks\codeql\java-queries\1.11.5\utils\stub-generator\MinimalStubsFromSource.ql failed the constraint of kind (not present).
[2026-07-14 14:44:10] [SPAMMIER] resolve queries> Query Filter: C:\Program Files\codeql\qlpacks\codeql\java-queries\1.11.5\Violations of Best Practice\Boolean Logic\SimplifyBoolExpr.ql failed the constraint of kind (was problem).
[2026-07-14 14:44:10] [SPAMMIER] resolve queries> Query Filter: C:\Program Files\codeql\qlpacks\codeql\java-queries\1.11.5\Violations of Best Practice\Boxed Types\BoxedVariable.ql failed the constraint of kind (was problem).
[2026-07-14 14:44:10] [SPAMMIER] resolve queries> Query Filter: C:\Program Files\codeql\qlpacks\codeql\java-queries\1.11.5\Violations of Best Practice\Comments\CommentedCode.ql failed the constraint of kind (was problem).
[2026-07-14 14:44:10] [SPAMMIER] resolve queries> Query Filter: C:\Program Files\codeql\qlpacks\codeql\java-queries\1.11.5\Violations of Best Practice\Comments\TodoComments.ql failed the constraint of kind (was problem).
[2026-07-14 14:44:10] [SPAMMIER] resolve queries> Query Filter: C:\Program Files\codeql\qlpacks\codeql\java-queries\1.11.5\Violations of Best Practice\Dead Code\AssignmentInReturn.ql failed the constraint of kind (was problem).
[2026-07-14 14:44:10] [SPAMMIER] resolve queries> Query Filter: C:\Program Files\codeql\qlpacks\codeql\java-queries\1.11.5\Violations of Best Practice\Dead Code\CreatesEmptyZip.ql failed the constraint of kind (was problem).
[2026-07-14 14:44:10] [SPAMMIER] resolve queries> Query Filter: C:\Program Files\codeql\qlpacks\codeql\java-queries\1.11.5\Violations of Best Practice\Dead Code\DeadRefTypes.ql failed the constraint of kind (was problem).
[2026-07-14 14:44:10] [SPAMMIER] resolve queries> Query Filter: C:\Program Files\codeql\qlpacks\codeql\java-queries\1.11.5\Violations of Best Practice\Dead Code\DeadStoreOfLocal.ql failed the constraint of kind (was problem).
[2026-07-14 14:44:10] [SPAMMIER] resolve queries> Query Filter: C:\Program Files\codeql\qlpacks\codeql\java-queries\1.11.5\Violations of Best Practice\Dead Code\DeadStoreOfLocalUnread.ql failed the constraint of kind (was problem).
[2026-07-14 14:44:10] [SPAMMIER] resolve queries> Query Filter: C:\Program Files\codeql\qlpacks\codeql\java-queries\1.11.5\Violations of Best Practice\Dead Code\EmptyFinalize.ql failed the constraint of kind (was problem).
[2026-07-14 14:44:10] [SPAMMIER] resolve queries> Query Filter: C:\Program Files\codeql\qlpacks\codeql\java-queries\1.11.5\Violations of Best Practice\Dead Code\FinalizerNullsFields.ql failed the constraint of kind (was problem).
[2026-07-14 14:44:10] [SPAMMIER] resolve queries> Query Filter: C:\Program Files\codeql\qlpacks\codeql\java-queries\1.11.5\Violations of Best Practice\Dead Code\InterfaceCannotBeImplemented.ql failed the constraint of kind (was problem).
[2026-07-14 14:44:10] [SPAMMIER] resolve queries> Query Filter: C:\Program Files\codeql\qlpacks\codeql\java-queries\1.11.5\Violations of Best Practice\Dead Code\LocalInitialisedButNotUsed.ql failed the constraint of kind (was problem).
[2026-07-14 14:44:10] [SPAMMIER] resolve queries> Query Filter: C:\Program Files\codeql\qlpacks\codeql\java-queries\1.11.5\Violations of Best Practice\Dead Code\LocalNotRead.ql failed the constraint of kind (was problem).
[2026-07-14 14:44:10] [SPAMMIER] resolve queries> Query Filter: C:\Program Files\codeql\qlpacks\codeql\java-queries\1.11.5\Violations of Best Practice\Dead Code\NonAssignedFields.ql failed the constraint of kind (was problem).
[2026-07-14 14:44:10] [SPAMMIER] resolve queries> Query Filter: C:\Program Files\codeql\qlpacks\codeql\java-queries\1.11.5\Violations of Best Practice\Dead Code\PointlessForwardingMethod.ql failed the constraint of kind (was problem).
[2026-07-14 14:44:10] [SPAMMIER] resolve queries> Query Filter: C:\Program Files\codeql\qlpacks\codeql\java-queries\1.11.5\Violations of Best Practice\Dead Code\UnreadLocal.ql failed the constraint of kind (was problem).
[2026-07-14 14:44:10] [SPAMMIER] resolve queries> Query Filter: C:\Program Files\codeql\qlpacks\codeql\java-queries\1.11.5\Violations of Best Practice\Dead Code\UnusedField.ql failed the constraint of kind (was problem).
[2026-07-14 14:44:10] [SPAMMIER] resolve queries> Query Filter: C:\Program Files\codeql\qlpacks\codeql\java-queries\1.11.5\Violations of Best Practice\Dead Code\UnusedLabel.ql failed the constraint of kind (was problem).
[2026-07-14 14:44:10] [SPAMMIER] resolve queries> Query Filter: C:\Program Files\codeql\qlpacks\codeql\java-queries\1.11.5\Violations of Best Practice\Dead Code\UnusedLocal.ql failed the constraint of kind (was problem).
[2026-07-14 14:44:10] [SPAMMIER] resolve queries> Query Filter: C:\Program Files\codeql\qlpacks\codeql\java-queries\1.11.5\Violations of Best Practice\Declarations\BreakInSwitchCase.ql failed the constraint of kind (was problem).
[2026-07-14 14:44:10] [SPAMMIER] resolve queries> Query Filter: C:\Program Files\codeql\qlpacks\codeql\java-queries\1.11.5\Violations of Best Practice\Declarations\MakeImportsExplicit.ql failed the constraint of kind (was problem).
[2026-07-14 14:44:10] [SPAMMIER] resolve queries> Query Filter: C:\Program Files\codeql\qlpacks\codeql\java-queries\1.11.5\Violations of Best Practice\Declarations\NoConstantsOnly.ql failed the constraint of kind (was problem).
[2026-07-14 14:44:10] [SPAMMIER] resolve queries> Query Filter: C:\Program Files\codeql\qlpacks\codeql\java-queries\1.11.5\Violations of Best Practice\Exception Handling\DroppedExceptions.ql failed the constraint of kind (was problem).
[2026-07-14 14:44:10] [SPAMMIER] resolve queries> Query Filter: C:\Program Files\codeql\qlpacks\codeql\java-queries\1.11.5\Violations of Best Practice\Exception Handling\ExceptionCatch.ql failed the constraint of kind (was problem).
[2026-07-14 14:44:10] [SPAMMIER] resolve queries> Query Filter: C:\Program Files\codeql\qlpacks\codeql\java-queries\1.11.5\Violations of Best Practice\Exception Handling\IgnoreExceptionalReturn.ql failed the constraint of kind (was problem).
[2026-07-14 14:44:10] [SPAMMIER] resolve queries> Query Filter: C:\Program Files\codeql\qlpacks\codeql\java-queries\1.11.5\Violations of Best Practice\Exception Handling\NumberFormatException.ql failed the constraint of kind (was problem).
[2026-07-14 14:44:10] [SPAMMIER] resolve queries> Query Filter: C:\Program Files\codeql\qlpacks\codeql\java-queries\1.11.5\Violations of Best Practice\Implementation Hiding\AbstractToConcreteCollection.ql failed the constraint of kind (was problem).
[2026-07-14 14:44:10] [SPAMMIER] resolve queries> Query Filter: C:\Program Files\codeql\qlpacks\codeql\java-queries\1.11.5\Violations of Best Practice\Implementation Hiding\ExposeRepresentation.ql failed the constraint of kind (was problem).
[2026-07-14 14:44:10] [SPAMMIER] resolve queries> Query Filter: C:\Program Files\codeql\qlpacks\codeql\java-queries\1.11.5\Violations of Best Practice\Implementation Hiding\GetClassGetResource.ql failed the constraint of kind (was problem).
[2026-07-14 14:44:10] [SPAMMIER] resolve queries> Query Filter: C:\Program Files\codeql\qlpacks\codeql\java-queries\1.11.5\Violations of Best Practice\Implementation Hiding\StaticArray.ql failed the constraint of kind (was problem).
[2026-07-14 14:44:10] [SPAMMIER] resolve queries> Query Filter: C:\Program Files\codeql\qlpacks\codeql\java-queries\1.11.5\Violations of Best Practice\Implementation Hiding\VisibleForTestingAbuse.ql failed the constraint of kind (was problem).
[2026-07-14 14:44:10] [SPAMMIER] resolve queries> Query Filter: C:\Program Files\codeql\qlpacks\codeql\java-queries\1.11.5\Violations of Best Practice\legacy\AutoBoxing.ql failed the constraint of kind (was problem).
[2026-07-14 14:44:10] [SPAMMIER] resolve queries> Query Filter: C:\Program Files\codeql\qlpacks\codeql\java-queries\1.11.5\Violations of Best Practice\legacy\FinallyMayNotComplete.ql failed the constraint of kind (was problem).
[2026-07-14 14:44:10] [SPAMMIER] resolve queries> Query Filter: C:\Program Files\codeql\qlpacks\codeql\java-queries\1.11.5\Violations of Best Practice\legacy\InexactVarArg.ql failed the constraint of kind (was problem).
[2026-07-14 14:44:10] [SPAMMIER] resolve queries> Query Filter: C:\Program Files\codeql\qlpacks\codeql\java-queries\1.11.5\Violations of Best Practice\legacy\ParameterAssignment.ql failed the constraint of kind (was problem).
[2026-07-14 14:44:10] [SPAMMIER] resolve queries> Query Filter: C:\Program Files\codeql\qlpacks\codeql\java-queries\1.11.5\Violations of Best Practice\legacy\UnnecessaryCast.ql failed the constraint of kind (was problem).
[2026-07-14 14:44:10] [SPAMMIER] resolve queries> Query Filter: C:\Program Files\codeql\qlpacks\codeql\java-queries\1.11.5\Violations of Best Practice\legacy\UnnecessaryImport.ql failed the constraint of kind (was problem).
[2026-07-14 14:44:10] [SPAMMIER] resolve queries> Query Filter: C:\Program Files\codeql\qlpacks\codeql\java-queries\1.11.5\Violations of Best Practice\Magic Constants\MagicConstantsNumbers.ql failed the constraint of kind (was problem).
[2026-07-14 14:44:10] [SPAMMIER] resolve queries> Query Filter: C:\Program Files\codeql\qlpacks\codeql\java-queries\1.11.5\Violations of Best Practice\Magic Constants\MagicConstantsString.ql failed the constraint of kind (was problem).
[2026-07-14 14:44:10] [SPAMMIER] resolve queries> Query Filter: C:\Program Files\codeql\qlpacks\codeql\java-queries\1.11.5\Violations of Best Practice\Magic Constants\MagicNumbersUseConstant.ql failed the constraint of kind (was problem).
[2026-07-14 14:44:10] [SPAMMIER] resolve queries> Query Filter: C:\Program Files\codeql\qlpacks\codeql\java-queries\1.11.5\Violations of Best Practice\Magic Constants\MagicStringsUseConstant.ql failed the constraint of kind (was problem).
[2026-07-14 14:44:10] [SPAMMIER] resolve queries> Query Filter: C:\Program Files\codeql\qlpacks\codeql\java-queries\1.11.5\Violations of Best Practice\Naming Conventions\AmbiguousOuterSuper.ql failed the constraint of kind (was problem).
[2026-07-14 14:44:10] [SPAMMIER] resolve queries> Query Filter: C:\Program Files\codeql\qlpacks\codeql\java-queries\1.11.5\Violations of Best Practice\Naming Conventions\ConfusingMethodNames.ql failed the constraint of kind (was problem).
[2026-07-14 14:44:10] [SPAMMIER] resolve queries> Query Filter: C:\Program Files\codeql\qlpacks\codeql\java-queries\1.11.5\Violations of Best Practice\Naming Conventions\ConfusingOverloading.ql failed the constraint of kind (was problem).
[2026-07-14 14:44:10] [SPAMMIER] resolve queries> Query Filter: C:\Program Files\codeql\qlpacks\codeql\java-queries\1.11.5\Violations of Best Practice\Naming Conventions\ConfusingOverridesNames.ql failed the constraint of kind (was problem).
[2026-07-14 14:44:10] [SPAMMIER] resolve queries> Query Filter: C:\Program Files\codeql\qlpacks\codeql\java-queries\1.11.5\Violations of Best Practice\Naming Conventions\FieldMasksSuperField.ql failed the constraint of kind (was problem).
[2026-07-14 14:44:10] [SPAMMIER] resolve queries> Query Filter: C:\Program Files\codeql\qlpacks\codeql\java-queries\1.11.5\Violations of Best Practice\Naming Conventions\LocalShadowsField.ql failed the constraint of kind (was problem).
[2026-07-14 14:44:10] [SPAMMIER] resolve queries> Query Filter: C:\Program Files\codeql\qlpacks\codeql\java-queries\1.11.5\Violations of Best Practice\Naming Conventions\LocalShadowsFieldConfusing.ql failed the constraint of kind (was problem).
[2026-07-14 14:44:10] [SPAMMIER] resolve queries> Query Filter: C:\Program Files\codeql\qlpacks\codeql\java-queries\1.11.5\Violations of Best Practice\Naming Conventions\SameNameAsSuper.ql failed the constraint of kind (was problem).
[2026-07-14 14:44:10] [SPAMMIER] resolve queries> Query Filter: C:\Program Files\codeql\qlpacks\codeql\java-queries\1.11.5\Violations of Best Practice\Records\IgnoredSerializationMembersOfRecordClass.ql failed the constraint of kind (was problem).
[2026-07-14 14:44:10] [SPAMMIER] resolve queries> Query Filter: C:\Program Files\codeql\qlpacks\codeql\java-queries\1.11.5\Violations of Best Practice\SpecialCharactersInLiterals\NonExplicitControlAndWhitespaceCharsInLiterals.ql failed the constraint of kind (was problem).
[2026-07-14 14:44:10] [SPAMMIER] resolve queries> Query Filter: C:\Program Files\codeql\qlpacks\codeql\java-queries\1.11.5\Violations of Best Practice\Testing\ExcessivePublicMethodMocking.ql failed the constraint of kind (was problem).
[2026-07-14 14:44:10] [SPAMMIER] resolve queries> Query Filter: C:\Program Files\codeql\qlpacks\codeql\java-queries\1.11.5\Violations of Best Practice\Undesirable Calls\CallsToRunFinalizersOnExit.ql failed the constraint of kind (was problem).
[2026-07-14 14:44:10] [SPAMMIER] resolve queries> Query Filter: C:\Program Files\codeql\qlpacks\codeql\java-queries\1.11.5\Violations of Best Practice\Undesirable Calls\CallsToStringToString.ql failed the constraint of kind (was problem).
[2026-07-14 14:44:10] [SPAMMIER] resolve queries> Query Filter: C:\Program Files\codeql\qlpacks\codeql\java-queries\1.11.5\Violations of Best Practice\Undesirable Calls\CallsToSystemExit.ql failed the constraint of kind (was problem).
[2026-07-14 14:44:10] [SPAMMIER] resolve queries> Query Filter: C:\Program Files\codeql\qlpacks\codeql\java-queries\1.11.5\Violations of Best Practice\Undesirable Calls\DefaultToString.ql failed the constraint of kind (was problem).
[2026-07-14 14:44:10] [SPAMMIER] resolve queries> Query Filter: C:\Program Files\codeql\qlpacks\codeql\java-queries\1.11.5\Violations of Best Practice\Undesirable Calls\DoNotCallFinalize.ql failed the constraint of kind (was problem).
[2026-07-14 14:44:10] [SPAMMIER] resolve queries> Query Filter: C:\Program Files\codeql\qlpacks\codeql\java-queries\1.11.5\Violations of Best Practice\Undesirable Calls\GarbageCollection.ql failed the constraint of kind (was problem).
[2026-07-14 14:44:10] [SPAMMIER] resolve queries> Query Filter: C:\Program Files\codeql\qlpacks\codeql\java-queries\1.11.5\Violations of Best Practice\Undesirable Calls\NextFromIterator.ql failed the constraint of kind (was problem).
[2026-07-14 14:44:10] [SPAMMIER] resolve queries> Query Filter: C:\Program Files\codeql\qlpacks\codeql\java-queries\1.11.5\Violations of Best Practice\Undesirable Calls\PrintLnArray.ql failed the constraint of kind (was problem).
[2026-07-14 14:44:10] [SPAMMIER] resolve queries> Resolution instruction: exclude.
[2026-07-14 14:44:10] [SPAMMY] resolve queries> Query Filter: Excluding by constraints deprecated=//.
[2026-07-14 14:44:10] [SPAMMIER] resolve queries> Query Filter: C:\Program Files\codeql\qlpacks\codeql\java-queries\1.11.5\experimental\Security\CWE\CWE-020\Log4jJndiInjection.ql failed the constraint of deprecated (not present).
[2026-07-14 14:44:10] [SPAMMIER] resolve queries> Query Filter: C:\Program Files\codeql\qlpacks\codeql\java-queries\1.11.5\experimental\Security\CWE\CWE-073\FilePathInjection.ql failed the constraint of deprecated (not present).
[2026-07-14 14:44:10] [SPAMMIER] resolve queries> Query Filter: C:\Program Files\codeql\qlpacks\codeql\java-queries\1.11.5\experimental\Security\CWE\CWE-078\CommandInjectionRuntimeExec.ql failed the constraint of deprecated (not present).
[2026-07-14 14:44:10] [SPAMMIER] resolve queries> Query Filter: C:\Program Files\codeql\qlpacks\codeql\java-queries\1.11.5\experimental\Security\CWE\CWE-078\CommandInjectionRuntimeExecLocal.ql failed the constraint of deprecated (not present).
[2026-07-14 14:44:10] [SPAMMIER] resolve queries> Query Filter: C:\Program Files\codeql\qlpacks\codeql\java-queries\1.11.5\experimental\Security\CWE\CWE-078\ExecTainted.ql failed the constraint of deprecated (not present).
[2026-07-14 14:44:10] [SPAMMIER] resolve queries> Query Filter: C:\Program Files\codeql\qlpacks\codeql\java-queries\1.11.5\experimental\Security\CWE\CWE-089\MyBatisAnnotationSqlInjection.ql failed the constraint of deprecated (not present).
[2026-07-14 14:44:10] [SPAMMIER] resolve queries> Query Filter: C:\Program Files\codeql\qlpacks\codeql\java-queries\1.11.5\experimental\Security\CWE\CWE-089\MyBatisMapperXmlSqlInjection.ql failed the constraint of deprecated (not present).
[2026-07-14 14:44:10] [SPAMMIER] resolve queries> Query Filter: C:\Program Files\codeql\qlpacks\codeql\java-queries\1.11.5\experimental\Security\CWE\CWE-094\BeanShellInjection.ql failed the constraint of deprecated (not present).
[2026-07-14 14:44:10] [SPAMMIER] resolve queries> Query Filter: C:\Program Files\codeql\qlpacks\codeql\java-queries\1.11.5\experimental\Security\CWE\CWE-094\InsecureDexLoading.ql failed the constraint of deprecated (not present).
[2026-07-14 14:44:10] [SPAMMIER] resolve queries> Query Filter: C:\Program Files\codeql\qlpacks\codeql\java-queries\1.11.5\experimental\Security\CWE\CWE-094\JakartaExpressionInjection.ql failed the constraint of deprecated (not present).
[2026-07-14 14:44:10] [SPAMMIER] resolve queries> Query Filter: C:\Program Files\codeql\qlpacks\codeql\java-queries\1.11.5\experimental\Security\CWE\CWE-094\JShellInjection.ql failed the constraint of deprecated (not present).
[2026-07-14 14:44:10] [SPAMMIER] resolve queries> Query Filter: C:\Program Files\codeql\qlpacks\codeql\java-queries\1.11.5\experimental\Security\CWE\CWE-094\JythonInjection.ql failed the constraint of deprecated (not present).
[2026-07-14 14:44:10] [SPAMMIER] resolve queries> Query Filter: C:\Program Files\codeql\qlpacks\codeql\java-queries\1.11.5\experimental\Security\CWE\CWE-094\ScriptInjection.ql failed the constraint of deprecated (not present).
[2026-07-14 14:44:10] [SPAMMIER] resolve queries> Query Filter: C:\Program Files\codeql\qlpacks\codeql\java-queries\1.11.5\experimental\Security\CWE\CWE-094\SpringImplicitViewManipulation.ql failed the constraint of deprecated (not present).
[2026-07-14 14:44:10] [SPAMMIER] resolve queries> Query Filter: C:\Program Files\codeql\qlpacks\codeql\java-queries\1.11.5\experimental\Security\CWE\CWE-094\SpringViewManipulation.ql failed the constraint of deprecated (not present).
[2026-07-14 14:44:10] [SPAMMIER] resolve queries> Query Filter: C:\Program Files\codeql\qlpacks\codeql\java-queries\1.11.5\experimental\Security\CWE\CWE-208\TimingAttackAgainstHeader.ql failed the constraint of deprecated (not present).
[2026-07-14 14:44:10] [SPAMMIER] resolve queries> Query Filter: C:\Program Files\codeql\qlpacks\codeql\java-queries\1.11.5\experimental\Security\CWE\CWE-208\TimingAttackAgainstSignature.ql failed the constraint of deprecated (not present).
[2026-07-14 14:44:10] [SPAMMIER] resolve queries> Query Filter: C:\Program Files\codeql\qlpacks\codeql\java-queries\1.11.5\experimental\Security\CWE\CWE-297\IgnoredHostnameVerification.ql failed the constraint of deprecated (not present).
[2026-07-14 14:44:10] [SPAMMIER] resolve queries> Query Filter: C:\Program Files\codeql\qlpacks\codeql\java-queries\1.11.5\experimental\Security\CWE\CWE-299\DisabledRevocationChecking.ql failed the constraint of deprecated (not present).
[2026-07-14 14:44:10] [SPAMMIER] resolve queries> Query Filter: C:\Program Files\codeql\qlpacks\codeql\java-queries\1.11.5\experimental\Security\CWE\CWE-327\Azure\UnsafeUsageOfClientSideEncryptionVersion.ql failed the constraint of deprecated (not present).
[2026-07-14 14:44:10] [SPAMMIER] resolve queries> Query Filter: C:\Program Files\codeql\qlpacks\codeql\java-queries\1.11.5\experimental\Security\CWE\CWE-327\UnsafeTlsVersion.ql failed the constraint of deprecated (not present).
[2026-07-14 14:44:10] [SPAMMIER] resolve queries> Query Filter: C:\Program Files\codeql\qlpacks\codeql\java-queries\1.11.5\experimental\Security\CWE\CWE-346\UnvalidatedCors.ql failed the constraint of deprecated (not present).
[2026-07-14 14:44:10] [SPAMMIER] resolve queries> Query Filter: C:\Program Files\codeql\qlpacks\codeql\java-queries\1.11.5\experimental\Security\CWE\CWE-347\Auth0NoVerifier.ql failed the constraint of deprecated (not present).
[2026-07-14 14:44:10] [SPAMMIER] resolve queries> Query Filter: C:\Program Files\codeql\qlpacks\codeql\java-queries\1.11.5\experimental\Security\CWE\CWE-348\ClientSuppliedIpUsedInSecurityCheck.ql failed the constraint of deprecated (not present).
[2026-07-14 14:44:10] [SPAMMIER] resolve queries> Query Filter: C:\Program Files\codeql\qlpacks\codeql\java-queries\1.11.5\experimental\Security\CWE\CWE-352\JsonpInjection.ql failed the constraint of deprecated (not present).
[2026-07-14 14:44:10] [SPAMMIER] resolve queries> Query Filter: C:\Program Files\codeql\qlpacks\codeql\java-queries\1.11.5\experimental\Security\CWE\CWE-470\LoadClassNoSignatureCheck.ql failed the constraint of deprecated (not present).
[2026-07-14 14:44:10] [SPAMMIER] resolve queries> Query Filter: C:\Program Files\codeql\qlpacks\codeql\java-queries\1.11.5\experimental\Security\CWE\CWE-470\UnsafeReflection.ql failed the constraint of deprecated (not present).
[2026-07-14 14:44:10] [SPAMMIER] resolve queries> Query Filter: C:\Program Files\codeql\qlpacks\codeql\java-queries\1.11.5\experimental\Security\CWE\CWE-489\devMode.ql failed the constraint of deprecated (not present).
[2026-07-14 14:44:10] [SPAMMIER] resolve queries> Query Filter: C:\Program Files\codeql\qlpacks\codeql\java-queries\1.11.5\experimental\Security\CWE\CWE-502\UnsafeDeserializationRmi.ql failed the constraint of deprecated (not present).
[2026-07-14 14:44:10] [SPAMMIER] resolve queries> Query Filter: C:\Program Files\codeql\qlpacks\codeql\java-queries\1.11.5\experimental\Security\CWE\CWE-502\UnsafeSpringExporterInConfigurationClass.ql failed the constraint of deprecated (not present).
[2026-07-14 14:44:10] [SPAMMIER] resolve queries> Query Filter: C:\Program Files\codeql\qlpacks\codeql\java-queries\1.11.5\experimental\Security\CWE\CWE-502\UnsafeSpringExporterInXMLConfiguration.ql failed the constraint of deprecated (not present).
[2026-07-14 14:44:10] [SPAMMIER] resolve queries> Query Filter: C:\Program Files\codeql\qlpacks\codeql\java-queries\1.11.5\experimental\Security\CWE\CWE-522-DecompressionBombs\DecompressionBomb.ql failed the constraint of deprecated (not present).
[2026-07-14 14:44:10] [SPAMMIER] resolve queries> Query Filter: C:\Program Files\codeql\qlpacks\codeql\java-queries\1.11.5\experimental\Security\CWE\CWE-555\CredentialsInPropertiesFile.ql failed the constraint of deprecated (not present).
[2026-07-14 14:44:10] [SPAMMIER] resolve queries> Query Filter: C:\Program Files\codeql\qlpacks\codeql\java-queries\1.11.5\experimental\Security\CWE\CWE-601\SpringUrlRedirect.ql failed the constraint of deprecated (not present).
[2026-07-14 14:44:10] [SPAMMIER] resolve queries> Query Filter: C:\Program Files\codeql\qlpacks\codeql\java-queries\1.11.5\experimental\Security\CWE\CWE-625\PermissiveDotRegex.ql failed the constraint of deprecated (not present).
[2026-07-14 14:44:10] [SPAMMIER] resolve queries> Query Filter: C:\Program Files\codeql\qlpacks\codeql\java-queries\1.11.5\experimental\Security\CWE\CWE-652\XQueryInjection.ql failed the constraint of deprecated (not present).
[2026-07-14 14:44:10] [SPAMMIER] resolve queries> Query Filter: C:\Program Files\codeql\qlpacks\codeql\java-queries\1.11.5\experimental\Security\CWE\CWE-665\InsecureRmiJmxEnvironmentConfiguration.ql failed the constraint of deprecated (not present).
[2026-07-14 14:44:10] [SPAMMIER] resolve queries> Query Filter: C:\Program Files\codeql\qlpacks\codeql\java-queries\1.11.5\Likely Bugs\Arithmetic\InformationLoss.ql failed the constraint of deprecated (not present).
[2026-07-14 14:44:10] [SPAMMIER] resolve queries> Query Filter: C:\Program Files\codeql\qlpacks\codeql\java-queries\1.11.5\Security\CWE\CWE-020\OverlyLargeRange.ql failed the constraint of deprecated (not present).
[2026-07-14 14:44:10] [SPAMMIER] resolve queries> Query Filter: C:\Program Files\codeql\qlpacks\codeql\java-queries\1.11.5\Security\CWE\CWE-022\TaintedPath.ql failed the constraint of deprecated (not present).
[2026-07-14 14:44:10] [SPAMMIER] resolve queries> Query Filter: C:\Program Files\codeql\qlpacks\codeql\java-queries\1.11.5\Security\CWE\CWE-022\ZipSlip.ql failed the constraint of deprecated (not present).
[2026-07-14 14:44:10] [SPAMMIER] resolve queries> Query Filter: C:\Program Files\codeql\qlpacks\codeql\java-queries\1.11.5\Security\CWE\CWE-023\PartialPathTraversalFromRemote.ql failed the constraint of deprecated (not present).
[2026-07-14 14:44:10] [SPAMMIER] resolve queries> Query Filter: C:\Program Files\codeql\qlpacks\codeql\java-queries\1.11.5\Security\CWE\CWE-074\JndiInjection.ql failed the constraint of deprecated (not present).
[2026-07-14 14:44:10] [SPAMMIER] resolve queries> Query Filter: C:\Program Files\codeql\qlpacks\codeql\java-queries\1.11.5\Security\CWE\CWE-074\XsltInjection.ql failed the constraint of deprecated (not present).
[2026-07-14 14:44:10] [SPAMMIER] resolve queries> Query Filter: C:\Program Files\codeql\qlpacks\codeql\java-queries\1.11.5\Security\CWE\CWE-078\ExecTainted.ql failed the constraint of deprecated (not present).
[2026-07-14 14:44:10] [SPAMMIER] resolve queries> Query Filter: C:\Program Files\codeql\qlpacks\codeql\java-queries\1.11.5\Security\CWE\CWE-079\XSS.ql failed the constraint of deprecated (not present).
[2026-07-14 14:44:10] [SPAMMIER] resolve queries> Query Filter: C:\Program Files\codeql\qlpacks\codeql\java-queries\1.11.5\Security\CWE\CWE-089\SqlTainted.ql failed the constraint of deprecated (not present).
[2026-07-14 14:44:10] [SPAMMIER] resolve queries> Query Filter: C:\Program Files\codeql\qlpacks\codeql\java-queries\1.11.5\Security\CWE\CWE-090\LdapInjection.ql failed the constraint of deprecated (not present).
[2026-07-14 14:44:10] [SPAMMIER] resolve queries> Query Filter: C:\Program Files\codeql\qlpacks\codeql\java-queries\1.11.5\Security\CWE\CWE-094\GroovyInjection.ql failed the constraint of deprecated (not present).
[2026-07-14 14:44:10] [SPAMMIER] resolve queries> Query Filter: C:\Program Files\codeql\qlpacks\codeql\java-queries\1.11.5\Security\CWE\CWE-094\InsecureBeanValidation.ql failed the constraint of deprecated (not present).
[2026-07-14 14:44:10] [SPAMMIER] resolve queries> Query Filter: C:\Program Files\codeql\qlpacks\codeql\java-queries\1.11.5\Security\CWE\CWE-094\JexlInjection.ql failed the constraint of deprecated (not present).
[2026-07-14 14:44:10] [SPAMMIER] resolve queries> Query Filter: C:\Program Files\codeql\qlpacks\codeql\java-queries\1.11.5\Security\CWE\CWE-094\MvelInjection.ql failed the constraint of deprecated (not present).
[2026-07-14 14:44:10] [SPAMMIER] resolve queries> Query Filter: C:\Program Files\codeql\qlpacks\codeql\java-queries\1.11.5\Security\CWE\CWE-094\SpelInjection.ql failed the constraint of deprecated (not present).
[2026-07-14 14:44:10] [SPAMMIER] resolve queries> Query Filter: C:\Program Files\codeql\qlpacks\codeql\java-queries\1.11.5\Security\CWE\CWE-094\TemplateInjection.ql failed the constraint of deprecated (not present).
[2026-07-14 14:44:10] [SPAMMIER] resolve queries> Query Filter: C:\Program Files\codeql\qlpacks\codeql\java-queries\1.11.5\Security\CWE\CWE-1004\SensitiveCookieNotHttpOnly.ql failed the constraint of deprecated (not present).
[2026-07-14 14:44:10] [SPAMMIER] resolve queries> Query Filter: C:\Program Files\codeql\qlpacks\codeql\java-queries\1.11.5\Security\CWE\CWE-1104\MavenPomDependsOnBintray.ql failed the constraint of deprecated (not present).
[2026-07-14 14:44:10] [SPAMMIER] resolve queries> Query Filter: C:\Program Files\codeql\qlpacks\codeql\java-queries\1.11.5\Security\CWE\CWE-113\NettyResponseSplitting.ql failed the constraint of deprecated (not present).
[2026-07-14 14:44:10] [SPAMMIER] resolve queries> Query Filter: C:\Program Files\codeql\qlpacks\codeql\java-queries\1.11.5\Security\CWE\CWE-113\ResponseSplitting.ql failed the constraint of deprecated (not present).
[2026-07-14 14:44:10] [SPAMMIER] resolve queries> Query Filter: C:\Program Files\codeql\qlpacks\codeql\java-queries\1.11.5\Security\CWE\CWE-1204\StaticInitializationVector.ql failed the constraint of deprecated (not present).
[2026-07-14 14:44:10] [SPAMMIER] resolve queries> Query Filter: C:\Program Files\codeql\qlpacks\codeql\java-queries\1.11.5\Security\CWE\CWE-134\ExternallyControlledFormatString.ql failed the constraint of deprecated (not present).
[2026-07-14 14:44:10] [SPAMMIER] resolve queries> Query Filter: C:\Program Files\codeql\qlpacks\codeql\java-queries\1.11.5\Security\CWE\CWE-200\SpringBootActuators.ql failed the constraint of deprecated (not present).
[2026-07-14 14:44:10] [SPAMMIER] resolve queries> Query Filter: C:\Program Files\codeql\qlpacks\codeql\java-queries\1.11.5\Security\CWE\CWE-200\SpringBootActuatorsConfig\SpringBootActuatorsConfig.ql failed the constraint of deprecated (not present).
[2026-07-14 14:44:10] [SPAMMIER] resolve queries> Query Filter: C:\Program Files\codeql\qlpacks\codeql\java-queries\1.11.5\Security\CWE\CWE-209\SensitiveDataExposureThroughErrorMessage.ql failed the constraint of deprecated (not present).
[2026-07-14 14:44:10] [SPAMMIER] resolve queries> Query Filter: C:\Program Files\codeql\qlpacks\codeql\java-queries\1.11.5\Security\CWE\CWE-209\StackTraceExposure.ql failed the constraint of deprecated (not present).
[2026-07-14 14:44:10] [SPAMMIER] resolve queries> Query Filter: C:\Program Files\codeql\qlpacks\codeql\java-queries\1.11.5\Security\CWE\CWE-266\IntentUriPermissionManipulation.ql failed the constraint of deprecated (not present).
[2026-07-14 14:44:10] [SPAMMIER] resolve queries> Query Filter: C:\Program Files\codeql\qlpacks\codeql\java-queries\1.11.5\Security\CWE\CWE-287\AndroidInsecureLocalAuthentication.ql failed the constraint of deprecated (not present).
[2026-07-14 14:44:10] [SPAMMIER] resolve queries> Query Filter: C:\Program Files\codeql\qlpacks\codeql\java-queries\1.11.5\Security\CWE\CWE-295\ImproperWebViewCertificateValidation.ql failed the constraint of deprecated (not present).
[2026-07-14 14:44:10] [SPAMMIER] resolve queries> Query Filter: C:\Program Files\codeql\qlpacks\codeql\java-queries\1.11.5\Security\CWE\CWE-295\InsecureTrustManager.ql failed the constraint of deprecated (not present).
[2026-07-14 14:44:10] [SPAMMIER] resolve queries> Query Filter: C:\Program Files\codeql\qlpacks\codeql\java-queries\1.11.5\Security\CWE\CWE-297\UnsafeHostnameVerification.ql failed the constraint of deprecated (not present).
[2026-07-14 14:44:10] [SPAMMIER] resolve queries> Query Filter: C:\Program Files\codeql\qlpacks\codeql\java-queries\1.11.5\Security\CWE\CWE-312\AllowBackupAttributeEnabled.ql failed the constraint of deprecated (not present).
[2026-07-14 14:44:10] [SPAMMIER] resolve queries> Query Filter: C:\Program Files\codeql\qlpacks\codeql\java-queries\1.11.5\Security\CWE\CWE-312\CleartextStorageCookie.ql failed the constraint of deprecated (not present).
[2026-07-14 14:44:10] [SPAMMIER] resolve queries> Query Filter: C:\Program Files\codeql\qlpacks\codeql\java-queries\1.11.5\Security\CWE\CWE-326\InsufficientKeySize.ql failed the constraint of deprecated (not present).
[2026-07-14 14:44:10] [SPAMMIER] resolve queries> Query Filter: C:\Program Files\codeql\qlpacks\codeql\java-queries\1.11.5\Security\CWE\CWE-327\BrokenCryptoAlgorithm.ql failed the constraint of deprecated (not present).
[2026-07-14 14:44:10] [SPAMMIER] resolve queries> Query Filter: C:\Program Files\codeql\qlpacks\codeql\java-queries\1.11.5\Security\CWE\CWE-330\InsecureRandomness.ql failed the constraint of deprecated (not present).
[2026-07-14 14:44:10] [SPAMMIER] resolve queries> Query Filter: C:\Program Files\codeql\qlpacks\codeql\java-queries\1.11.5\Security\CWE\CWE-335\PredictableSeed.ql failed the constraint of deprecated (not present).
[2026-07-14 14:44:10] [SPAMMIER] resolve queries> Query Filter: C:\Program Files\codeql\qlpacks\codeql\java-queries\1.11.5\Security\CWE\CWE-338\JHipsterGeneratedPRNG.ql failed the constraint of deprecated (not present).
[2026-07-14 14:44:10] [SPAMMIER] resolve queries> Query Filter: C:\Program Files\codeql\qlpacks\codeql\java-queries\1.11.5\Security\CWE\CWE-470\FragmentInjection.ql failed the constraint of deprecated (not present).
[2026-07-14 14:44:10] [SPAMMIER] resolve queries> Query Filter: C:\Program Files\codeql\qlpacks\codeql\java-queries\1.11.5\Security\CWE\CWE-470\FragmentInjectionInPreferenceActivity.ql failed the constraint of deprecated (not present).
[2026-07-14 14:44:10] [SPAMMIER] resolve queries> Query Filter: C:\Program Files\codeql\qlpacks\codeql\java-queries\1.11.5\Security\CWE\CWE-489\DebuggableAttributeEnabled.ql failed the constraint of deprecated (not present).
[2026-07-14 14:44:10] [SPAMMIER] resolve queries> Query Filter: C:\Program Files\codeql\qlpacks\codeql\java-queries\1.11.5\Security\CWE\CWE-489\WebviewDebuggingEnabled.ql failed the constraint of deprecated (not present).
[2026-07-14 14:44:10] [SPAMMIER] resolve queries> Query Filter: C:\Program Files\codeql\qlpacks\codeql\java-queries\1.11.5\Security\CWE\CWE-502\UnsafeDeserialization.ql failed the constraint of deprecated (not present).
[2026-07-14 14:44:10] [SPAMMIER] resolve queries> Query Filter: C:\Program Files\codeql\qlpacks\codeql\java-queries\1.11.5\Security\CWE\CWE-522\InsecureLdapAuth.ql failed the constraint of deprecated (not present).
[2026-07-14 14:44:10] [SPAMMIER] resolve queries> Query Filter: C:\Program Files\codeql\qlpacks\codeql\java-queries\1.11.5\Security\CWE\CWE-552\UrlForward.ql failed the constraint of deprecated (not present).
[2026-07-14 14:44:10] [SPAMMIER] resolve queries> Query Filter: C:\Program Files\codeql\qlpacks\codeql\java-queries\1.11.5\Security\CWE\CWE-601\UrlRedirect.ql failed the constraint of deprecated (not present).
[2026-07-14 14:44:10] [SPAMMIER] resolve queries> Query Filter: C:\Program Files\codeql\qlpacks\codeql\java-queries\1.11.5\Security\CWE\CWE-611\XXE.ql failed the constraint of deprecated (not present).
[2026-07-14 14:44:10] [SPAMMIER] resolve queries> Query Filter: C:\Program Files\codeql\qlpacks\codeql\java-queries\1.11.5\Security\CWE\CWE-614\InsecureCookie.ql failed the constraint of deprecated (not present).
[2026-07-14 14:44:10] [SPAMMIER] resolve queries> Query Filter: C:\Program Files\codeql\qlpacks\codeql\java-queries\1.11.5\Security\CWE\CWE-643\XPathInjection.ql failed the constraint of deprecated (not present).
[2026-07-14 14:44:10] [SPAMMIER] resolve queries> Query Filter: C:\Program Files\codeql\qlpacks\codeql\java-queries\1.11.5\Security\CWE\CWE-681\NumericCastTainted.ql failed the constraint of deprecated (not present).
[2026-07-14 14:44:10] [SPAMMIER] resolve queries> Query Filter: C:\Program Files\codeql\qlpacks\codeql\java-queries\1.11.5\Security\CWE\CWE-730\PolynomialReDoS.ql failed the constraint of deprecated (not present).
[2026-07-14 14:44:10] [SPAMMIER] resolve queries> Query Filter: C:\Program Files\codeql\qlpacks\codeql\java-queries\1.11.5\Security\CWE\CWE-730\ReDoS.ql failed the constraint of deprecated (not present).
[2026-07-14 14:44:10] [SPAMMIER] resolve queries> Query Filter: C:\Program Files\codeql\qlpacks\codeql\java-queries\1.11.5\Security\CWE\CWE-730\RegexInjection.ql failed the constraint of deprecated (not present).
[2026-07-14 14:44:10] [SPAMMIER] resolve queries> Query Filter: C:\Program Files\codeql\qlpacks\codeql\java-queries\1.11.5\Security\CWE\CWE-732\ReadingFromWorldWritableFile.ql failed the constraint of deprecated (not present).
[2026-07-14 14:44:10] [SPAMMIER] resolve queries> Query Filter: C:\Program Files\codeql\qlpacks\codeql\java-queries\1.11.5\Security\CWE\CWE-780\RsaWithoutOaep.ql failed the constraint of deprecated (not present).
[2026-07-14 14:44:10] [SPAMMIER] resolve queries> Query Filter: C:\Program Files\codeql\qlpacks\codeql\java-queries\1.11.5\Security\CWE\CWE-807\TaintedPermissionsCheck.ql failed the constraint of deprecated (not present).
[2026-07-14 14:44:10] [SPAMMIER] resolve queries> Query Filter: C:\Program Files\codeql\qlpacks\codeql\java-queries\1.11.5\Security\CWE\CWE-829\InsecureDependencyResolution.ql failed the constraint of deprecated (not present).
[2026-07-14 14:44:10] [SPAMMIER] resolve queries> Query Filter: C:\Program Files\codeql\qlpacks\codeql\java-queries\1.11.5\Security\CWE\CWE-917\OgnlInjection.ql failed the constraint of deprecated (not present).
[2026-07-14 14:44:10] [SPAMMIER] resolve queries> Query Filter: C:\Program Files\codeql\qlpacks\codeql\java-queries\1.11.5\Security\CWE\CWE-918\RequestForgery.ql failed the constraint of deprecated (not present).
[2026-07-14 14:44:10] [SPAMMIER] resolve queries> Query Filter: C:\Program Files\codeql\qlpacks\codeql\java-queries\1.11.5\Security\CWE\CWE-925\ImproperIntentVerification.ql failed the constraint of deprecated (not present).
[2026-07-14 14:44:10] [SPAMMIER] resolve queries> Query Filter: C:\Program Files\codeql\qlpacks\codeql\java-queries\1.11.5\Security\CWE\CWE-926\ImplicitlyExportedAndroidComponent.ql failed the constraint of deprecated (not present).
[2026-07-14 14:44:10] [SPAMMIER] resolve queries> Query Filter: C:\Program Files\codeql\qlpacks\codeql\java-queries\1.11.5\Security\CWE\CWE-927\ImplicitPendingIntents.ql failed the constraint of deprecated (not present).
[2026-07-14 14:44:10] [SPAMMIER] resolve queries> Query Filter: C:\Program Files\codeql\qlpacks\codeql\java-queries\1.11.5\Security\CWE\CWE-940\AndroidIntentRedirection.ql failed the constraint of deprecated (not present).
[2026-07-14 14:44:10] [SPAMMIER] resolve queries> Query Filter: C:\Program Files\codeql\qlpacks\codeql\java-queries\1.11.5\experimental\Security\CWE\CWE-036\OpenStream.ql failed the constraint of deprecated (not present).
[2026-07-14 14:44:10] [SPAMMIER] resolve queries> Query Filter: C:\Program Files\codeql\qlpacks\codeql\java-queries\1.11.5\experimental\Security\CWE\CWE-1004\InsecureTomcatConfig.ql failed the constraint of deprecated (not present).
[2026-07-14 14:44:10] [SPAMMIER] resolve queries> Query Filter: C:\Program Files\codeql\qlpacks\codeql\java-queries\1.11.5\experimental\Security\CWE\CWE-208\PossibleTimingAttackAgainstSignature.ql failed the constraint of deprecated (not present).
[2026-07-14 14:44:10] [SPAMMIER] resolve queries> Query Filter: C:\Program Files\codeql\qlpacks\codeql\java-queries\1.11.5\experimental\Security\CWE\CWE-295\JxBrowserWithoutCertValidation.ql failed the constraint of deprecated (not present).
[2026-07-14 14:44:10] [SPAMMIER] resolve queries> Query Filter: C:\Program Files\codeql\qlpacks\codeql\java-queries\1.11.5\experimental\Security\CWE\CWE-297\InsecureLdapEndpoint.ql failed the constraint of deprecated (not present).
[2026-07-14 14:44:10] [SPAMMIER] resolve queries> Query Filter: C:\Program Files\codeql\qlpacks\codeql\java-queries\1.11.5\experimental\Security\CWE\CWE-489\EJBMain.ql failed the constraint of deprecated (not present).
[2026-07-14 14:44:10] [SPAMMIER] resolve queries> Query Filter: C:\Program Files\codeql\qlpacks\codeql\java-queries\1.11.5\experimental\Security\CWE\CWE-489\WebComponentMain.ql failed the constraint of deprecated (not present).
[2026-07-14 14:44:10] [SPAMMIER] resolve queries> Query Filter: C:\Program Files\codeql\qlpacks\codeql\java-queries\1.11.5\experimental\Security\CWE\CWE-548\InsecureDirectoryConfig.ql failed the constraint of deprecated (not present).
[2026-07-14 14:44:10] [SPAMMIER] resolve queries> Query Filter: C:\Program Files\codeql\qlpacks\codeql\java-queries\1.11.5\experimental\Security\CWE\CWE-555\PasswordInConfigurationFile.ql failed the constraint of deprecated (not present).
[2026-07-14 14:44:10] [SPAMMIER] resolve queries> Query Filter: C:\Program Files\codeql\qlpacks\codeql\java-queries\1.11.5\experimental\Security\CWE\CWE-598\SensitiveGetQuery.ql failed the constraint of deprecated (not present).
[2026-07-14 14:44:10] [SPAMMIER] resolve queries> Query Filter: C:\Program Files\codeql\qlpacks\codeql\java-queries\1.11.5\experimental\Security\CWE\CWE-600\UncaughtServletException.ql failed the constraint of deprecated (not present).
[2026-07-14 14:44:10] [SPAMMIER] resolve queries> Query Filter: C:\Program Files\codeql\qlpacks\codeql\java-queries\1.11.5\experimental\Security\CWE\CWE-755\NFEAndroidDoS.ql failed the constraint of deprecated (not present).
[2026-07-14 14:44:10] [SPAMMIER] resolve queries> Query Filter: C:\Program Files\codeql\qlpacks\codeql\java-queries\1.11.5\experimental\Security\CWE\CWE-939\IncorrectURLVerification.ql failed the constraint of deprecated (not present).
[2026-07-14 14:44:10] [SPAMMIER] resolve queries> Query Filter: C:\Program Files\codeql\qlpacks\codeql\java-queries\1.11.5\Likely Bugs\Concurrency\UnreleasedLock.ql failed the constraint of deprecated (not present).
[2026-07-14 14:44:10] [SPAMMIER] resolve queries> Query Filter: C:\Program Files\codeql\qlpacks\codeql\java-queries\1.11.5\Security\CWE\CWE-023\PartialPathTraversal.ql failed the constraint of deprecated (not present).
[2026-07-14 14:44:10] [SPAMMIER] resolve queries> Query Filter: C:\Program Files\codeql\qlpacks\codeql\java-queries\1.11.5\Security\CWE\CWE-078\ExecRelative.ql failed the constraint of deprecated (not present).
[2026-07-14 14:44:10] [SPAMMIER] resolve queries> Query Filter: C:\Program Files\codeql\qlpacks\codeql\java-queries\1.11.5\Security\CWE\CWE-078\ExecTaintedEnvironment.ql failed the constraint of deprecated (not present).
[2026-07-14 14:44:10] [SPAMMIER] resolve queries> Query Filter: C:\Program Files\codeql\qlpacks\codeql\java-queries\1.11.5\Security\CWE\CWE-078\ExecUnescaped.ql failed the constraint of deprecated (not present).
[2026-07-14 14:44:10] [SPAMMIER] resolve queries> Query Filter: C:\Program Files\codeql\qlpacks\codeql\java-queries\1.11.5\Security\CWE\CWE-079\AndroidWebViewAddJavascriptInterface.ql failed the constraint of deprecated (not present).
[2026-07-14 14:44:10] [SPAMMIER] resolve queries> Query Filter: C:\Program Files\codeql\qlpacks\codeql\java-queries\1.11.5\Security\CWE\CWE-079\AndroidWebViewSettingsEnabledJavaScript.ql failed the constraint of deprecated (not present).
[2026-07-14 14:44:10] [SPAMMIER] resolve queries> Query Filter: C:\Program Files\codeql\qlpacks\codeql\java-queries\1.11.5\Security\CWE\CWE-089\SqlConcatenated.ql failed the constraint of deprecated (not present).
[2026-07-14 14:44:10] [SPAMMIER] resolve queries> Query Filter: C:\Program Files\codeql\qlpacks\codeql\java-queries\1.11.5\Security\CWE\CWE-094\ArbitraryApkInstallation.ql failed the constraint of deprecated (not present).
[2026-07-14 14:44:10] [SPAMMIER] resolve queries> Query Filter: C:\Program Files\codeql\qlpacks\codeql\java-queries\1.11.5\Security\CWE\CWE-117\LogInjection.ql failed the constraint of deprecated (not present).
[2026-07-14 14:44:10] [SPAMMIER] resolve queries> Query Filter: C:\Program Files\codeql\qlpacks\codeql\java-queries\1.11.5\Security\CWE\CWE-129\ImproperValidationOfArrayConstruction.ql failed the constraint of deprecated (not present).
[2026-07-14 14:44:10] [SPAMMIER] resolve queries> Query Filter: C:\Program Files\codeql\qlpacks\codeql\java-queries\1.11.5\Security\CWE\CWE-129\ImproperValidationOfArrayIndex.ql failed the constraint of deprecated (not present).
[2026-07-14 14:44:10] [SPAMMIER] resolve queries> Query Filter: C:\Program Files\codeql\qlpacks\codeql\java-queries\1.11.5\Security\CWE\CWE-190\ArithmeticTainted.ql failed the constraint of deprecated (not present).
[2026-07-14 14:44:10] [SPAMMIER] resolve queries> Query Filter: C:\Program Files\codeql\qlpacks\codeql\java-queries\1.11.5\Security\CWE\CWE-190\ArithmeticUncontrolled.ql failed the constraint of deprecated (not present).
[2026-07-14 14:44:10] [SPAMMIER] resolve queries> Query Filter: C:\Program Files\codeql\qlpacks\codeql\java-queries\1.11.5\Security\CWE\CWE-190\ComparisonWithWiderType.ql failed the constraint of deprecated (not present).
[2026-07-14 14:44:10] [SPAMMIER] resolve queries> Query Filter: C:\Program Files\codeql\qlpacks\codeql\java-queries\1.11.5\Security\CWE\CWE-200\AndroidSensitiveNotifications.ql failed the constraint of deprecated (not present).
[2026-07-14 14:44:10] [SPAMMIER] resolve queries> Query Filter: C:\Program Files\codeql\qlpacks\codeql\java-queries\1.11.5\Security\CWE\CWE-200\AndroidSensitiveTextField.ql failed the constraint of deprecated (not present).
[2026-07-14 14:44:10] [SPAMMIER] resolve queries> Query Filter: C:\Program Files\codeql\qlpacks\codeql\java-queries\1.11.5\Security\CWE\CWE-200\AndroidWebViewSettingsAllowsContentAccess.ql failed the constraint of deprecated (not present).
[2026-07-14 14:44:10] [SPAMMIER] resolve queries> Query Filter: C:\Program Files\codeql\qlpacks\codeql\java-queries\1.11.5\Security\CWE\CWE-200\AndroidWebViewSettingsFileAccess.ql failed the constraint of deprecated (not present).
[2026-07-14 14:44:10] [SPAMMIER] resolve queries> Query Filter: C:\Program Files\codeql\qlpacks\codeql\java-queries\1.11.5\Security\CWE\CWE-200\TempDirLocalInformationDisclosure.ql failed the constraint of deprecated (not present).
[2026-07-14 14:44:10] [SPAMMIER] resolve queries> Query Filter: C:\Program Files\codeql\qlpacks\codeql\java-queries\1.11.5\Security\CWE\CWE-273\UnsafeCertTrust.ql failed the constraint of deprecated (not present).
[2026-07-14 14:44:10] [SPAMMIER] resolve queries> Query Filter: C:\Program Files\codeql\qlpacks\codeql\java-queries\1.11.5\Security\CWE\CWE-287\AndroidInsecureKeys.ql failed the constraint of deprecated (not present).
[2026-07-14 14:44:10] [SPAMMIER] resolve queries> Query Filter: C:\Program Files\codeql\qlpacks\codeql\java-queries\1.11.5\Security\CWE\CWE-295\AndroidMissingCertificatePinning.ql failed the constraint of deprecated (not present).
[2026-07-14 14:44:10] [SPAMMIER] resolve queries> Query Filter: C:\Program Files\codeql\qlpacks\codeql\java-queries\1.11.5\Security\CWE\CWE-297\InsecureJavaMail.ql failed the constraint of deprecated (not present).
[2026-07-14 14:44:10] [SPAMMIER] resolve queries> Query Filter: C:\Program Files\codeql\qlpacks\codeql\java-queries\1.11.5\Security\CWE\CWE-312\CleartextStorageAndroidDatabase.ql failed the constraint of deprecated (not present).
[2026-07-14 14:44:10] [SPAMMIER] resolve queries> Query Filter: C:\Program Files\codeql\qlpacks\codeql\java-queries\1.11.5\Security\CWE\CWE-312\CleartextStorageAndroidFilesystem.ql failed the constraint of deprecated (not present).
[2026-07-14 14:44:10] [SPAMMIER] resolve queries> Query Filter: C:\Program Files\codeql\qlpacks\codeql\java-queries\1.11.5\Security\CWE\CWE-312\CleartextStorageProperties.ql failed the constraint of deprecated (not present).
[2026-07-14 14:44:10] [SPAMMIER] resolve queries> Query Filter: C:\Program Files\codeql\qlpacks\codeql\java-queries\1.11.5\Security\CWE\CWE-312\CleartextStorageSharedPrefs.ql failed the constraint of deprecated (not present).
[2026-07-14 14:44:10] [SPAMMIER] resolve queries> Query Filter: C:\Program Files\codeql\qlpacks\codeql\java-queries\1.11.5\Security\CWE\CWE-327\MaybeBrokenCryptoAlgorithm.ql failed the constraint of deprecated (not present).
[2026-07-14 14:44:10] [SPAMMIER] resolve queries> Query Filter: C:\Program Files\codeql\qlpacks\codeql\java-queries\1.11.5\Security\CWE\CWE-352\CsrfUnprotectedRequestType.ql failed the constraint of deprecated (not present).
[2026-07-14 14:44:10] [SPAMMIER] resolve queries> Query Filter: C:\Program Files\codeql\qlpacks\codeql\java-queries\1.11.5\Security\CWE\CWE-367\TOCTOURace.ql failed the constraint of deprecated (not present).
[2026-07-14 14:44:10] [SPAMMIER] resolve queries> Query Filter: C:\Program Files\codeql\qlpacks\codeql\java-queries\1.11.5\Security\CWE\CWE-421\SocketAuthRace.ql failed the constraint of deprecated (not present).
[2026-07-14 14:44:10] [SPAMMIER] resolve queries> Query Filter: C:\Program Files\codeql\qlpacks\codeql\java-queries\1.11.5\Security\CWE\CWE-501\TrustBoundaryViolation.ql failed the constraint of deprecated (not present).
[2026-07-14 14:44:10] [SPAMMIER] resolve queries> Query Filter: C:\Program Files\codeql\qlpacks\codeql\java-queries\1.11.5\Security\CWE\CWE-522\InsecureBasicAuth.ql failed the constraint of deprecated (not present).
[2026-07-14 14:44:10] [SPAMMIER] resolve queries> Query Filter: C:\Program Files\codeql\qlpacks\codeql\java-queries\1.11.5\Security\CWE\CWE-524\SensitiveKeyboardCache.ql failed the constraint of deprecated (not present).
[2026-07-14 14:44:10] [SPAMMIER] resolve queries> Query Filter: C:\Program Files\codeql\qlpacks\codeql\java-queries\1.11.5\Security\CWE\CWE-532\SensitiveInfoLog.ql failed the constraint of deprecated (not present).
[2026-07-14 14:44:10] [SPAMMIER] resolve queries> Query Filter: C:\Program Files\codeql\qlpacks\codeql\java-queries\1.11.5\Security\CWE\CWE-676\PotentiallyDangerousFunction.ql failed the constraint of deprecated (not present).
[2026-07-14 14:44:10] [SPAMMIER] resolve queries> Query Filter: C:\Program Files\codeql\qlpacks\codeql\java-queries\1.11.5\Security\CWE\CWE-749\UnsafeAndroidAccess.ql failed the constraint of deprecated (not present).
[2026-07-14 14:44:10] [SPAMMIER] resolve queries> Query Filter: C:\Program Files\codeql\qlpacks\codeql\java-queries\1.11.5\Security\CWE\CWE-807\ConditionalBypass.ql failed the constraint of deprecated (not present).
[2026-07-14 14:44:10] [SPAMMIER] resolve queries> Query Filter: C:\Program Files\codeql\qlpacks\codeql\java-queries\1.11.5\Security\CWE\CWE-835\InfiniteLoop.ql failed the constraint of deprecated (not present).
[2026-07-14 14:44:10] [SPAMMIER] resolve queries> Query Filter: C:\Program Files\codeql\qlpacks\codeql\java-queries\1.11.5\Security\CWE\CWE-926\ContentProviderIncompletePermissions.ql failed the constraint of deprecated (not present).
[2026-07-14 14:44:10] [SPAMMIER] resolve queries> Query Filter: C:\Program Files\codeql\qlpacks\codeql\java-queries\1.11.5\Security\CWE\CWE-927\SensitiveCommunication.ql failed the constraint of deprecated (not present).
[2026-07-14 14:44:10] [SPAMMIER] resolve queries> Query Filter: C:\Program Files\codeql\qlpacks\codeql\java-queries\1.11.5\Security\CWE\CWE-927\SensitiveResultReceiver.ql failed the constraint of deprecated (not present).
[2026-07-14 14:44:10] [SPAMMIER] resolve queries> Query Filter: C:\Program Files\codeql\qlpacks\codeql\java-queries\1.11.5\Diagnostics\ExtractionErrors.ql failed the constraint of deprecated (not present).
[2026-07-14 14:44:10] [SPAMMIER] resolve queries> Query Filter: C:\Program Files\codeql\qlpacks\codeql\java-queries\1.11.5\Diagnostics\ExtractionWarnings.ql failed the constraint of deprecated (not present).
[2026-07-14 14:44:10] [SPAMMIER] resolve queries> Query Filter: C:\Program Files\codeql\qlpacks\codeql\java-queries\1.11.5\Diagnostics\SuccessfullyExtractedFiles.ql failed the constraint of deprecated (not present).
[2026-07-14 14:44:10] [SPAMMIER] resolve queries> Query Filter: C:\Program Files\codeql\qlpacks\codeql\java-queries\1.11.5\Telemetry\DatabaseQualityDiagnostics.ql failed the constraint of deprecated (not present).
[2026-07-14 14:44:10] [SPAMMIER] resolve queries> Query Filter: C:\Program Files\codeql\qlpacks\codeql\java-queries\1.11.5\utils\modelgenerator\CaptureContentSummaryModels.ql failed the constraint of deprecated (not present).
[2026-07-14 14:44:10] [SPAMMIER] resolve queries> Query Filter: C:\Program Files\codeql\qlpacks\codeql\java-queries\1.11.5\utils\modelgenerator\CaptureNeutralModels.ql failed the constraint of deprecated (not present).
[2026-07-14 14:44:10] [SPAMMIER] resolve queries> Query Filter: C:\Program Files\codeql\qlpacks\codeql\java-queries\1.11.5\utils\modelgenerator\CaptureSinkModels.ql failed the constraint of deprecated (not present).
[2026-07-14 14:44:10] [SPAMMIER] resolve queries> Query Filter: C:\Program Files\codeql\qlpacks\codeql\java-queries\1.11.5\utils\modelgenerator\CaptureSourceModels.ql failed the constraint of deprecated (not present).
[2026-07-14 14:44:10] [SPAMMIER] resolve queries> Query Filter: C:\Program Files\codeql\qlpacks\codeql\java-queries\1.11.5\utils\modelgenerator\CaptureSummaryModels.ql failed the constraint of deprecated (not present).
[2026-07-14 14:44:10] [SPAMMIER] resolve queries> Query Filter: C:\Program Files\codeql\qlpacks\codeql\java-queries\1.11.5\utils\modelgenerator\CaptureTypeBasedSummaryModels.ql failed the constraint of deprecated (not present).
[2026-07-14 14:44:10] [SPAMMIER] resolve queries> Query Filter: C:\Program Files\codeql\qlpacks\codeql\java-queries\1.11.5\Metrics\Summaries\FrameworkCoverage.ql failed the constraint of deprecated (not present).
[2026-07-14 14:44:10] [SPAMMIER] resolve queries> Query Filter: C:\Program Files\codeql\qlpacks\codeql\java-queries\1.11.5\Metrics\Summaries\LinesOfCode.ql failed the constraint of deprecated (not present).
[2026-07-14 14:44:10] [SPAMMIER] resolve queries> Query Filter: C:\Program Files\codeql\qlpacks\codeql\java-queries\1.11.5\Metrics\Summaries\LinesOfCodeJava.ql failed the constraint of deprecated (not present).
[2026-07-14 14:44:10] [SPAMMIER] resolve queries> Query Filter: C:\Program Files\codeql\qlpacks\codeql\java-queries\1.11.5\Metrics\Summaries\LinesOfCodeKotlin.ql failed the constraint of deprecated (not present).
[2026-07-14 14:44:10] [SPAMMIER] resolve queries> Query Filter: C:\Program Files\codeql\qlpacks\codeql\java-queries\1.11.5\Telemetry\ExternalLibraryUsage.ql failed the constraint of deprecated (not present).
[2026-07-14 14:44:10] [SPAMMIER] resolve queries> Query Filter: C:\Program Files\codeql\qlpacks\codeql\java-queries\1.11.5\Telemetry\ExtractorInformation.ql failed the constraint of deprecated (not present).
[2026-07-14 14:44:10] [SPAMMIER] resolve queries> Query Filter: C:\Program Files\codeql\qlpacks\codeql\java-queries\1.11.5\Telemetry\SupportedExternalApis.ql failed the constraint of deprecated (not present).
[2026-07-14 14:44:10] [SPAMMIER] resolve queries> Query Filter: C:\Program Files\codeql\qlpacks\codeql\java-queries\1.11.5\Telemetry\SupportedExternalSinks.ql failed the constraint of deprecated (not present).
[2026-07-14 14:44:10] [SPAMMIER] resolve queries> Query Filter: C:\Program Files\codeql\qlpacks\codeql\java-queries\1.11.5\Telemetry\SupportedExternalSources.ql failed the constraint of deprecated (not present).
[2026-07-14 14:44:10] [SPAMMIER] resolve queries> Query Filter: C:\Program Files\codeql\qlpacks\codeql\java-queries\1.11.5\Telemetry\SupportedExternalTaint.ql failed the constraint of deprecated (not present).
[2026-07-14 14:44:10] [SPAMMIER] resolve queries> Query Filter: C:\Program Files\codeql\qlpacks\codeql\java-queries\1.11.5\Telemetry\UnsupportedExternalAPIs.ql failed the constraint of deprecated (not present).
[2026-07-14 14:44:10] [SPAMMIER] resolve queries> Resolution instruction: exclude.
[2026-07-14 14:44:10] [SPAMMY] resolve queries> Query Filter: Excluding by constraints query path=/^experimental\/.*/|Metrics/Summaries/FrameworkCoverage.ql|/Diagnostics/Internal/.*/.
[2026-07-14 14:44:10] [SPAMMY] resolve queries> Query Filter: Excluding C:\Program Files\codeql\qlpacks\codeql\java-queries\1.11.5\experimental\Security\CWE\CWE-020\Log4jJndiInjection.ql.
[2026-07-14 14:44:10] [SPAMMY] resolve queries> Query Filter: Excluding C:\Program Files\codeql\qlpacks\codeql\java-queries\1.11.5\experimental\Security\CWE\CWE-073\FilePathInjection.ql.
[2026-07-14 14:44:10] [SPAMMY] resolve queries> Query Filter: Excluding C:\Program Files\codeql\qlpacks\codeql\java-queries\1.11.5\experimental\Security\CWE\CWE-078\CommandInjectionRuntimeExec.ql.
[2026-07-14 14:44:10] [SPAMMY] resolve queries> Query Filter: Excluding C:\Program Files\codeql\qlpacks\codeql\java-queries\1.11.5\experimental\Security\CWE\CWE-078\CommandInjectionRuntimeExecLocal.ql.
[2026-07-14 14:44:10] [SPAMMY] resolve queries> Query Filter: Excluding C:\Program Files\codeql\qlpacks\codeql\java-queries\1.11.5\experimental\Security\CWE\CWE-078\ExecTainted.ql.
[2026-07-14 14:44:10] [SPAMMY] resolve queries> Query Filter: Excluding C:\Program Files\codeql\qlpacks\codeql\java-queries\1.11.5\experimental\Security\CWE\CWE-089\MyBatisAnnotationSqlInjection.ql.
[2026-07-14 14:44:10] [SPAMMY] resolve queries> Query Filter: Excluding C:\Program Files\codeql\qlpacks\codeql\java-queries\1.11.5\experimental\Security\CWE\CWE-089\MyBatisMapperXmlSqlInjection.ql.
[2026-07-14 14:44:10] [SPAMMY] resolve queries> Query Filter: Excluding C:\Program Files\codeql\qlpacks\codeql\java-queries\1.11.5\experimental\Security\CWE\CWE-094\BeanShellInjection.ql.
[2026-07-14 14:44:10] [SPAMMY] resolve queries> Query Filter: Excluding C:\Program Files\codeql\qlpacks\codeql\java-queries\1.11.5\experimental\Security\CWE\CWE-094\InsecureDexLoading.ql.
[2026-07-14 14:44:10] [SPAMMY] resolve queries> Query Filter: Excluding C:\Program Files\codeql\qlpacks\codeql\java-queries\1.11.5\experimental\Security\CWE\CWE-094\JakartaExpressionInjection.ql.
[2026-07-14 14:44:10] [SPAMMY] resolve queries> Query Filter: Excluding C:\Program Files\codeql\qlpacks\codeql\java-queries\1.11.5\experimental\Security\CWE\CWE-094\JShellInjection.ql.
[2026-07-14 14:44:10] [SPAMMY] resolve queries> Query Filter: Excluding C:\Program Files\codeql\qlpacks\codeql\java-queries\1.11.5\experimental\Security\CWE\CWE-094\JythonInjection.ql.
[2026-07-14 14:44:10] [SPAMMY] resolve queries> Query Filter: Excluding C:\Program Files\codeql\qlpacks\codeql\java-queries\1.11.5\experimental\Security\CWE\CWE-094\ScriptInjection.ql.
[2026-07-14 14:44:10] [SPAMMY] resolve queries> Query Filter: Excluding C:\Program Files\codeql\qlpacks\codeql\java-queries\1.11.5\experimental\Security\CWE\CWE-094\SpringImplicitViewManipulation.ql.
[2026-07-14 14:44:10] [SPAMMY] resolve queries> Query Filter: Excluding C:\Program Files\codeql\qlpacks\codeql\java-queries\1.11.5\experimental\Security\CWE\CWE-094\SpringViewManipulation.ql.
[2026-07-14 14:44:10] [SPAMMY] resolve queries> Query Filter: Excluding C:\Program Files\codeql\qlpacks\codeql\java-queries\1.11.5\experimental\Security\CWE\CWE-208\TimingAttackAgainstHeader.ql.
[2026-07-14 14:44:10] [SPAMMY] resolve queries> Query Filter: Excluding C:\Program Files\codeql\qlpacks\codeql\java-queries\1.11.5\experimental\Security\CWE\CWE-208\TimingAttackAgainstSignature.ql.
[2026-07-14 14:44:10] [SPAMMY] resolve queries> Query Filter: Excluding C:\Program Files\codeql\qlpacks\codeql\java-queries\1.11.5\experimental\Security\CWE\CWE-297\IgnoredHostnameVerification.ql.
[2026-07-14 14:44:10] [SPAMMY] resolve queries> Query Filter: Excluding C:\Program Files\codeql\qlpacks\codeql\java-queries\1.11.5\experimental\Security\CWE\CWE-299\DisabledRevocationChecking.ql.
[2026-07-14 14:44:10] [SPAMMY] resolve queries> Query Filter: Excluding C:\Program Files\codeql\qlpacks\codeql\java-queries\1.11.5\experimental\Security\CWE\CWE-327\Azure\UnsafeUsageOfClientSideEncryptionVersion.ql.
[2026-07-14 14:44:10] [SPAMMY] resolve queries> Query Filter: Excluding C:\Program Files\codeql\qlpacks\codeql\java-queries\1.11.5\experimental\Security\CWE\CWE-327\UnsafeTlsVersion.ql.
[2026-07-14 14:44:10] [SPAMMY] resolve queries> Query Filter: Excluding C:\Program Files\codeql\qlpacks\codeql\java-queries\1.11.5\experimental\Security\CWE\CWE-346\UnvalidatedCors.ql.
[2026-07-14 14:44:10] [SPAMMY] resolve queries> Query Filter: Excluding C:\Program Files\codeql\qlpacks\codeql\java-queries\1.11.5\experimental\Security\CWE\CWE-347\Auth0NoVerifier.ql.
[2026-07-14 14:44:10] [SPAMMY] resolve queries> Query Filter: Excluding C:\Program Files\codeql\qlpacks\codeql\java-queries\1.11.5\experimental\Security\CWE\CWE-348\ClientSuppliedIpUsedInSecurityCheck.ql.
[2026-07-14 14:44:10] [SPAMMY] resolve queries> Query Filter: Excluding C:\Program Files\codeql\qlpacks\codeql\java-queries\1.11.5\experimental\Security\CWE\CWE-352\JsonpInjection.ql.
[2026-07-14 14:44:10] [SPAMMY] resolve queries> Query Filter: Excluding C:\Program Files\codeql\qlpacks\codeql\java-queries\1.11.5\experimental\Security\CWE\CWE-470\LoadClassNoSignatureCheck.ql.
[2026-07-14 14:44:10] [SPAMMY] resolve queries> Query Filter: Excluding C:\Program Files\codeql\qlpacks\codeql\java-queries\1.11.5\experimental\Security\CWE\CWE-470\UnsafeReflection.ql.
[2026-07-14 14:44:10] [SPAMMY] resolve queries> Query Filter: Excluding C:\Program Files\codeql\qlpacks\codeql\java-queries\1.11.5\experimental\Security\CWE\CWE-489\devMode.ql.
[2026-07-14 14:44:10] [SPAMMY] resolve queries> Query Filter: Excluding C:\Program Files\codeql\qlpacks\codeql\java-queries\1.11.5\experimental\Security\CWE\CWE-502\UnsafeDeserializationRmi.ql.
[2026-07-14 14:44:10] [SPAMMY] resolve queries> Query Filter: Excluding C:\Program Files\codeql\qlpacks\codeql\java-queries\1.11.5\experimental\Security\CWE\CWE-502\UnsafeSpringExporterInConfigurationClass.ql.
[2026-07-14 14:44:10] [SPAMMY] resolve queries> Query Filter: Excluding C:\Program Files\codeql\qlpacks\codeql\java-queries\1.11.5\experimental\Security\CWE\CWE-502\UnsafeSpringExporterInXMLConfiguration.ql.
[2026-07-14 14:44:10] [SPAMMY] resolve queries> Query Filter: Excluding C:\Program Files\codeql\qlpacks\codeql\java-queries\1.11.5\experimental\Security\CWE\CWE-522-DecompressionBombs\DecompressionBomb.ql.
[2026-07-14 14:44:10] [SPAMMY] resolve queries> Query Filter: Excluding C:\Program Files\codeql\qlpacks\codeql\java-queries\1.11.5\experimental\Security\CWE\CWE-555\CredentialsInPropertiesFile.ql.
[2026-07-14 14:44:10] [SPAMMY] resolve queries> Query Filter: Excluding C:\Program Files\codeql\qlpacks\codeql\java-queries\1.11.5\experimental\Security\CWE\CWE-601\SpringUrlRedirect.ql.
[2026-07-14 14:44:10] [SPAMMY] resolve queries> Query Filter: Excluding C:\Program Files\codeql\qlpacks\codeql\java-queries\1.11.5\experimental\Security\CWE\CWE-625\PermissiveDotRegex.ql.
[2026-07-14 14:44:10] [SPAMMY] resolve queries> Query Filter: Excluding C:\Program Files\codeql\qlpacks\codeql\java-queries\1.11.5\experimental\Security\CWE\CWE-652\XQueryInjection.ql.
[2026-07-14 14:44:10] [SPAMMY] resolve queries> Query Filter: Excluding C:\Program Files\codeql\qlpacks\codeql\java-queries\1.11.5\experimental\Security\CWE\CWE-665\InsecureRmiJmxEnvironmentConfiguration.ql.
[2026-07-14 14:44:10] [SPAMMIER] resolve queries> Query Filter: C:\Program Files\codeql\qlpacks\codeql\java-queries\1.11.5\Likely Bugs\Arithmetic\InformationLoss.ql failed the constraint of query path (was Likely Bugs/Arithmetic/InformationLoss.ql).
[2026-07-14 14:44:10] [SPAMMIER] resolve queries> Query Filter: C:\Program Files\codeql\qlpacks\codeql\java-queries\1.11.5\Security\CWE\CWE-020\OverlyLargeRange.ql failed the constraint of query path (was Security/CWE/CWE-020/OverlyLargeRange.ql).
[2026-07-14 14:44:10] [SPAMMIER] resolve queries> Query Filter: C:\Program Files\codeql\qlpacks\codeql\java-queries\1.11.5\Security\CWE\CWE-022\TaintedPath.ql failed the constraint of query path (was Security/CWE/CWE-022/TaintedPath.ql).
[2026-07-14 14:44:10] [SPAMMIER] resolve queries> Query Filter: C:\Program Files\codeql\qlpacks\codeql\java-queries\1.11.5\Security\CWE\CWE-022\ZipSlip.ql failed the constraint of query path (was Security/CWE/CWE-022/ZipSlip.ql).
[2026-07-14 14:44:10] [SPAMMIER] resolve queries> Query Filter: C:\Program Files\codeql\qlpacks\codeql\java-queries\1.11.5\Security\CWE\CWE-023\PartialPathTraversalFromRemote.ql failed the constraint of query path (was Security/CWE/CWE-023/PartialPathTraversalFromRemote.ql).
[2026-07-14 14:44:10] [SPAMMIER] resolve queries> Query Filter: C:\Program Files\codeql\qlpacks\codeql\java-queries\1.11.5\Security\CWE\CWE-074\JndiInjection.ql failed the constraint of query path (was Security/CWE/CWE-074/JndiInjection.ql).
[2026-07-14 14:44:10] [SPAMMIER] resolve queries> Query Filter: C:\Program Files\codeql\qlpacks\codeql\java-queries\1.11.5\Security\CWE\CWE-074\XsltInjection.ql failed the constraint of query path (was Security/CWE/CWE-074/XsltInjection.ql).
[2026-07-14 14:44:10] [SPAMMIER] resolve queries> Query Filter: C:\Program Files\codeql\qlpacks\codeql\java-queries\1.11.5\Security\CWE\CWE-078\ExecTainted.ql failed the constraint of query path (was Security/CWE/CWE-078/ExecTainted.ql).
[2026-07-14 14:44:10] [SPAMMIER] resolve queries> Query Filter: C:\Program Files\codeql\qlpacks\codeql\java-queries\1.11.5\Security\CWE\CWE-079\XSS.ql failed the constraint of query path (was Security/CWE/CWE-079/XSS.ql).
[2026-07-14 14:44:10] [SPAMMIER] resolve queries> Query Filter: C:\Program Files\codeql\qlpacks\codeql\java-queries\1.11.5\Security\CWE\CWE-089\SqlTainted.ql failed the constraint of query path (was Security/CWE/CWE-089/SqlTainted.ql).
[2026-07-14 14:44:10] [SPAMMIER] resolve queries> Query Filter: C:\Program Files\codeql\qlpacks\codeql\java-queries\1.11.5\Security\CWE\CWE-090\LdapInjection.ql failed the constraint of query path (was Security/CWE/CWE-090/LdapInjection.ql).
[2026-07-14 14:44:10] [SPAMMIER] resolve queries> Query Filter: C:\Program Files\codeql\qlpacks\codeql\java-queries\1.11.5\Security\CWE\CWE-094\GroovyInjection.ql failed the constraint of query path (was Security/CWE/CWE-094/GroovyInjection.ql).
[2026-07-14 14:44:10] [SPAMMIER] resolve queries> Query Filter: C:\Program Files\codeql\qlpacks\codeql\java-queries\1.11.5\Security\CWE\CWE-094\InsecureBeanValidation.ql failed the constraint of query path (was Security/CWE/CWE-094/InsecureBeanValidation.ql).
[2026-07-14 14:44:10] [SPAMMIER] resolve queries> Query Filter: C:\Program Files\codeql\qlpacks\codeql\java-queries\1.11.5\Security\CWE\CWE-094\JexlInjection.ql failed the constraint of query path (was Security/CWE/CWE-094/JexlInjection.ql).
[2026-07-14 14:44:10] [SPAMMIER] resolve queries> Query Filter: C:\Program Files\codeql\qlpacks\codeql\java-queries\1.11.5\Security\CWE\CWE-094\MvelInjection.ql failed the constraint of query path (was Security/CWE/CWE-094/MvelInjection.ql).
[2026-07-14 14:44:10] [SPAMMIER] resolve queries> Query Filter: C:\Program Files\codeql\qlpacks\codeql\java-queries\1.11.5\Security\CWE\CWE-094\SpelInjection.ql failed the constraint of query path (was Security/CWE/CWE-094/SpelInjection.ql).
[2026-07-14 14:44:10] [SPAMMIER] resolve queries> Query Filter: C:\Program Files\codeql\qlpacks\codeql\java-queries\1.11.5\Security\CWE\CWE-094\TemplateInjection.ql failed the constraint of query path (was Security/CWE/CWE-094/TemplateInjection.ql).
[2026-07-14 14:44:10] [SPAMMIER] resolve queries> Query Filter: C:\Program Files\codeql\qlpacks\codeql\java-queries\1.11.5\Security\CWE\CWE-1004\SensitiveCookieNotHttpOnly.ql failed the constraint of query path (was Security/CWE/CWE-1004/SensitiveCookieNotHttpOnly.ql).
[2026-07-14 14:44:10] [SPAMMIER] resolve queries> Query Filter: C:\Program Files\codeql\qlpacks\codeql\java-queries\1.11.5\Security\CWE\CWE-1104\MavenPomDependsOnBintray.ql failed the constraint of query path (was Security/CWE/CWE-1104/MavenPomDependsOnBintray.ql).
[2026-07-14 14:44:10] [SPAMMIER] resolve queries> Query Filter: C:\Program Files\codeql\qlpacks\codeql\java-queries\1.11.5\Security\CWE\CWE-113\NettyResponseSplitting.ql failed the constraint of query path (was Security/CWE/CWE-113/NettyResponseSplitting.ql).
[2026-07-14 14:44:10] [SPAMMIER] resolve queries> Query Filter: C:\Program Files\codeql\qlpacks\codeql\java-queries\1.11.5\Security\CWE\CWE-113\ResponseSplitting.ql failed the constraint of query path (was Security/CWE/CWE-113/ResponseSplitting.ql).
[2026-07-14 14:44:10] [SPAMMIER] resolve queries> Query Filter: C:\Program Files\codeql\qlpacks\codeql\java-queries\1.11.5\Security\CWE\CWE-1204\StaticInitializationVector.ql failed the constraint of query path (was Security/CWE/CWE-1204/StaticInitializationVector.ql).
[2026-07-14 14:44:10] [SPAMMIER] resolve queries> Query Filter: C:\Program Files\codeql\qlpacks\codeql\java-queries\1.11.5\Security\CWE\CWE-134\ExternallyControlledFormatString.ql failed the constraint of query path (was Security/CWE/CWE-134/ExternallyControlledFormatString.ql).
[2026-07-14 14:44:10] [SPAMMIER] resolve queries> Query Filter: C:\Program Files\codeql\qlpacks\codeql\java-queries\1.11.5\Security\CWE\CWE-200\SpringBootActuators.ql failed the constraint of query path (was Security/CWE/CWE-200/SpringBootActuators.ql).
[2026-07-14 14:44:10] [SPAMMIER] resolve queries> Query Filter: C:\Program Files\codeql\qlpacks\codeql\java-queries\1.11.5\Security\CWE\CWE-200\SpringBootActuatorsConfig\SpringBootActuatorsConfig.ql failed the constraint of query path (was Security/CWE/CWE-200/SpringBootActuatorsConfig/SpringBootActuatorsConfig.ql).
[2026-07-14 14:44:10] [SPAMMIER] resolve queries> Query Filter: C:\Program Files\codeql\qlpacks\codeql\java-queries\1.11.5\Security\CWE\CWE-209\SensitiveDataExposureThroughErrorMessage.ql failed the constraint of query path (was Security/CWE/CWE-209/SensitiveDataExposureThroughErrorMessage.ql).
[2026-07-14 14:44:10] [SPAMMIER] resolve queries> Query Filter: C:\Program Files\codeql\qlpacks\codeql\java-queries\1.11.5\Security\CWE\CWE-209\StackTraceExposure.ql failed the constraint of query path (was Security/CWE/CWE-209/StackTraceExposure.ql).
[2026-07-14 14:44:10] [SPAMMIER] resolve queries> Query Filter: C:\Program Files\codeql\qlpacks\codeql\java-queries\1.11.5\Security\CWE\CWE-266\IntentUriPermissionManipulation.ql failed the constraint of query path (was Security/CWE/CWE-266/IntentUriPermissionManipulation.ql).
[2026-07-14 14:44:10] [SPAMMIER] resolve queries> Query Filter: C:\Program Files\codeql\qlpacks\codeql\java-queries\1.11.5\Security\CWE\CWE-287\AndroidInsecureLocalAuthentication.ql failed the constraint of query path (was Security/CWE/CWE-287/AndroidInsecureLocalAuthentication.ql).
[2026-07-14 14:44:10] [SPAMMIER] resolve queries> Query Filter: C:\Program Files\codeql\qlpacks\codeql\java-queries\1.11.5\Security\CWE\CWE-295\ImproperWebViewCertificateValidation.ql failed the constraint of query path (was Security/CWE/CWE-295/ImproperWebViewCertificateValidation.ql).
[2026-07-14 14:44:10] [SPAMMIER] resolve queries> Query Filter: C:\Program Files\codeql\qlpacks\codeql\java-queries\1.11.5\Security\CWE\CWE-295\InsecureTrustManager.ql failed the constraint of query path (was Security/CWE/CWE-295/InsecureTrustManager.ql).
[2026-07-14 14:44:10] [SPAMMIER] resolve queries> Query Filter: C:\Program Files\codeql\qlpacks\codeql\java-queries\1.11.5\Security\CWE\CWE-297\UnsafeHostnameVerification.ql failed the constraint of query path (was Security/CWE/CWE-297/UnsafeHostnameVerification.ql).
[2026-07-14 14:44:10] [SPAMMIER] resolve queries> Query Filter: C:\Program Files\codeql\qlpacks\codeql\java-queries\1.11.5\Security\CWE\CWE-312\AllowBackupAttributeEnabled.ql failed the constraint of query path (was Security/CWE/CWE-312/AllowBackupAttributeEnabled.ql).
[2026-07-14 14:44:10] [SPAMMIER] resolve queries> Query Filter: C:\Program Files\codeql\qlpacks\codeql\java-queries\1.11.5\Security\CWE\CWE-312\CleartextStorageCookie.ql failed the constraint of query path (was Security/CWE/CWE-312/CleartextStorageCookie.ql).
[2026-07-14 14:44:10] [SPAMMIER] resolve queries> Query Filter: C:\Program Files\codeql\qlpacks\codeql\java-queries\1.11.5\Security\CWE\CWE-326\InsufficientKeySize.ql failed the constraint of query path (was Security/CWE/CWE-326/InsufficientKeySize.ql).
[2026-07-14 14:44:10] [SPAMMIER] resolve queries> Query Filter: C:\Program Files\codeql\qlpacks\codeql\java-queries\1.11.5\Security\CWE\CWE-327\BrokenCryptoAlgorithm.ql failed the constraint of query path (was Security/CWE/CWE-327/BrokenCryptoAlgorithm.ql).
[2026-07-14 14:44:10] [SPAMMIER] resolve queries> Query Filter: C:\Program Files\codeql\qlpacks\codeql\java-queries\1.11.5\Security\CWE\CWE-330\InsecureRandomness.ql failed the constraint of query path (was Security/CWE/CWE-330/InsecureRandomness.ql).
[2026-07-14 14:44:10] [SPAMMIER] resolve queries> Query Filter: C:\Program Files\codeql\qlpacks\codeql\java-queries\1.11.5\Security\CWE\CWE-335\PredictableSeed.ql failed the constraint of query path (was Security/CWE/CWE-335/PredictableSeed.ql).
[2026-07-14 14:44:10] [SPAMMIER] resolve queries> Query Filter: C:\Program Files\codeql\qlpacks\codeql\java-queries\1.11.5\Security\CWE\CWE-338\JHipsterGeneratedPRNG.ql failed the constraint of query path (was Security/CWE/CWE-338/JHipsterGeneratedPRNG.ql).
[2026-07-14 14:44:10] [SPAMMIER] resolve queries> Query Filter: C:\Program Files\codeql\qlpacks\codeql\java-queries\1.11.5\Security\CWE\CWE-347\MissingJWTSignatureCheck.ql failed the constraint of query path (was Security/CWE/CWE-347/MissingJWTSignatureCheck.ql).
[2026-07-14 14:44:10] [SPAMMIER] resolve queries> Query Filter: C:\Program Files\codeql\qlpacks\codeql\java-queries\1.11.5\Security\CWE\CWE-352\SpringCSRFProtection.ql failed the constraint of query path (was Security/CWE/CWE-352/SpringCSRFProtection.ql).
[2026-07-14 14:44:10] [SPAMMIER] resolve queries> Query Filter: C:\Program Files\codeql\qlpacks\codeql\java-queries\1.11.5\Security\CWE\CWE-441\UnsafeContentUriResolution.ql failed the constraint of query path (was Security/CWE/CWE-441/UnsafeContentUriResolution.ql).
[2026-07-14 14:44:10] [SPAMMIER] resolve queries> Query Filter: C:\Program Files\codeql\qlpacks\codeql\java-queries\1.11.5\Security\CWE\CWE-470\FragmentInjection.ql failed the constraint of query path (was Security/CWE/CWE-470/FragmentInjection.ql).
[2026-07-14 14:44:10] [SPAMMIER] resolve queries> Query Filter: C:\Program Files\codeql\qlpacks\codeql\java-queries\1.11.5\Security\CWE\CWE-470\FragmentInjectionInPreferenceActivity.ql failed the constraint of query path (was Security/CWE/CWE-470/FragmentInjectionInPreferenceActivity.ql).
[2026-07-14 14:44:10] [SPAMMIER] resolve queries> Query Filter: C:\Program Files\codeql\qlpacks\codeql\java-queries\1.11.5\Security\CWE\CWE-489\DebuggableAttributeEnabled.ql failed the constraint of query path (was Security/CWE/CWE-489/DebuggableAttributeEnabled.ql).
[2026-07-14 14:44:10] [SPAMMIER] resolve queries> Query Filter: C:\Program Files\codeql\qlpacks\codeql\java-queries\1.11.5\Security\CWE\CWE-489\WebviewDebuggingEnabled.ql failed the constraint of query path (was Security/CWE/CWE-489/WebviewDebuggingEnabled.ql).
[2026-07-14 14:44:10] [SPAMMIER] resolve queries> Query Filter: C:\Program Files\codeql\qlpacks\codeql\java-queries\1.11.5\Security\CWE\CWE-502\UnsafeDeserialization.ql failed the constraint of query path (was Security/CWE/CWE-502/UnsafeDeserialization.ql).
[2026-07-14 14:44:10] [SPAMMIER] resolve queries> Query Filter: C:\Program Files\codeql\qlpacks\codeql\java-queries\1.11.5\Security\CWE\CWE-522\InsecureLdapAuth.ql failed the constraint of query path (was Security/CWE/CWE-522/InsecureLdapAuth.ql).
[2026-07-14 14:44:10] [SPAMMIER] resolve queries> Query Filter: C:\Program Files\codeql\qlpacks\codeql\java-queries\1.11.5\Security\CWE\CWE-552\UrlForward.ql failed the constraint of query path (was Security/CWE/CWE-552/UrlForward.ql).
[2026-07-14 14:44:10] [SPAMMIER] resolve queries> Query Filter: C:\Program Files\codeql\qlpacks\codeql\java-queries\1.11.5\Security\CWE\CWE-601\UrlRedirect.ql failed the constraint of query path (was Security/CWE/CWE-601/UrlRedirect.ql).
[2026-07-14 14:44:10] [SPAMMIER] resolve queries> Query Filter: C:\Program Files\codeql\qlpacks\codeql\java-queries\1.11.5\Security\CWE\CWE-611\XXE.ql failed the constraint of query path (was Security/CWE/CWE-611/XXE.ql).
[2026-07-14 14:44:10] [SPAMMIER] resolve queries> Query Filter: C:\Program Files\codeql\qlpacks\codeql\java-queries\1.11.5\Security\CWE\CWE-614\InsecureCookie.ql failed the constraint of query path (was Security/CWE/CWE-614/InsecureCookie.ql).
[2026-07-14 14:44:10] [SPAMMIER] resolve queries> Query Filter: C:\Program Files\codeql\qlpacks\codeql\java-queries\1.11.5\Security\CWE\CWE-643\XPathInjection.ql failed the constraint of query path (was Security/CWE/CWE-643/XPathInjection.ql).
[2026-07-14 14:44:10] [SPAMMIER] resolve queries> Query Filter: C:\Program Files\codeql\qlpacks\codeql\java-queries\1.11.5\Security\CWE\CWE-681\NumericCastTainted.ql failed the constraint of query path (was Security/CWE/CWE-681/NumericCastTainted.ql).
[2026-07-14 14:44:10] [SPAMMIER] resolve queries> Query Filter: C:\Program Files\codeql\qlpacks\codeql\java-queries\1.11.5\Security\CWE\CWE-730\PolynomialReDoS.ql failed the constraint of query path (was Security/CWE/CWE-730/PolynomialReDoS.ql).
[2026-07-14 14:44:10] [SPAMMIER] resolve queries> Query Filter: C:\Program Files\codeql\qlpacks\codeql\java-queries\1.11.5\Security\CWE\CWE-730\ReDoS.ql failed the constraint of query path (was Security/CWE/CWE-730/ReDoS.ql).
[2026-07-14 14:44:10] [SPAMMIER] resolve queries> Query Filter: C:\Program Files\codeql\qlpacks\codeql\java-queries\1.11.5\Security\CWE\CWE-730\RegexInjection.ql failed the constraint of query path (was Security/CWE/CWE-730/RegexInjection.ql).
[2026-07-14 14:44:10] [SPAMMIER] resolve queries> Query Filter: C:\Program Files\codeql\qlpacks\codeql\java-queries\1.11.5\Security\CWE\CWE-732\ReadingFromWorldWritableFile.ql failed the constraint of query path (was Security/CWE/CWE-732/ReadingFromWorldWritableFile.ql).
[2026-07-14 14:44:10] [SPAMMIER] resolve queries> Query Filter: C:\Program Files\codeql\qlpacks\codeql\java-queries\1.11.5\Security\CWE\CWE-780\RsaWithoutOaep.ql failed the constraint of query path (was Security/CWE/CWE-780/RsaWithoutOaep.ql).
[2026-07-14 14:44:10] [SPAMMIER] resolve queries> Query Filter: C:\Program Files\codeql\qlpacks\codeql\java-queries\1.11.5\Security\CWE\CWE-807\TaintedPermissionsCheck.ql failed the constraint of query path (was Security/CWE/CWE-807/TaintedPermissionsCheck.ql).
[2026-07-14 14:44:10] [SPAMMIER] resolve queries> Query Filter: C:\Program Files\codeql\qlpacks\codeql\java-queries\1.11.5\Security\CWE\CWE-829\InsecureDependencyResolution.ql failed the constraint of query path (was Security/CWE/CWE-829/InsecureDependencyResolution.ql).
[2026-07-14 14:44:10] [SPAMMIER] resolve queries> Query Filter: C:\Program Files\codeql\qlpacks\codeql\java-queries\1.11.5\Security\CWE\CWE-917\OgnlInjection.ql failed the constraint of query path (was Security/CWE/CWE-917/OgnlInjection.ql).
[2026-07-14 14:44:10] [SPAMMIER] resolve queries> Query Filter: C:\Program Files\codeql\qlpacks\codeql\java-queries\1.11.5\Security\CWE\CWE-918\RequestForgery.ql failed the constraint of query path (was Security/CWE/CWE-918/RequestForgery.ql).
[2026-07-14 14:44:10] [SPAMMIER] resolve queries> Query Filter: C:\Program Files\codeql\qlpacks\codeql\java-queries\1.11.5\Security\CWE\CWE-925\ImproperIntentVerification.ql failed the constraint of query path (was Security/CWE/CWE-925/ImproperIntentVerification.ql).
[2026-07-14 14:44:10] [SPAMMIER] resolve queries> Query Filter: C:\Program Files\codeql\qlpacks\codeql\java-queries\1.11.5\Security\CWE\CWE-926\ImplicitlyExportedAndroidComponent.ql failed the constraint of query path (was Security/CWE/CWE-926/ImplicitlyExportedAndroidComponent.ql).
[2026-07-14 14:44:10] [SPAMMIER] resolve queries> Query Filter: C:\Program Files\codeql\qlpacks\codeql\java-queries\1.11.5\Security\CWE\CWE-927\ImplicitPendingIntents.ql failed the constraint of query path (was Security/CWE/CWE-927/ImplicitPendingIntents.ql).
[2026-07-14 14:44:10] [SPAMMIER] resolve queries> Query Filter: C:\Program Files\codeql\qlpacks\codeql\java-queries\1.11.5\Security\CWE\CWE-940\AndroidIntentRedirection.ql failed the constraint of query path (was Security/CWE/CWE-940/AndroidIntentRedirection.ql).
[2026-07-14 14:44:10] [SPAMMY] resolve queries> Query Filter: Excluding C:\Program Files\codeql\qlpacks\codeql\java-queries\1.11.5\experimental\Security\CWE\CWE-036\OpenStream.ql.
[2026-07-14 14:44:10] [SPAMMY] resolve queries> Query Filter: Excluding C:\Program Files\codeql\qlpacks\codeql\java-queries\1.11.5\experimental\Security\CWE\CWE-1004\InsecureTomcatConfig.ql.
[2026-07-14 14:44:10] [SPAMMY] resolve queries> Query Filter: Excluding C:\Program Files\codeql\qlpacks\codeql\java-queries\1.11.5\experimental\Security\CWE\CWE-208\PossibleTimingAttackAgainstSignature.ql.
[2026-07-14 14:44:10] [SPAMMY] resolve queries> Query Filter: Excluding C:\Program Files\codeql\qlpacks\codeql\java-queries\1.11.5\experimental\Security\CWE\CWE-295\JxBrowserWithoutCertValidation.ql.
[2026-07-14 14:44:10] [SPAMMY] resolve queries> Query Filter: Excluding C:\Program Files\codeql\qlpacks\codeql\java-queries\1.11.5\experimental\Security\CWE\CWE-297\InsecureLdapEndpoint.ql.
[2026-07-14 14:44:10] [SPAMMY] resolve queries> Query Filter: Excluding C:\Program Files\codeql\qlpacks\codeql\java-queries\1.11.5\experimental\Security\CWE\CWE-489\EJBMain.ql.
[2026-07-14 14:44:10] [SPAMMY] resolve queries> Query Filter: Excluding C:\Program Files\codeql\qlpacks\codeql\java-queries\1.11.5\experimental\Security\CWE\CWE-489\WebComponentMain.ql.
[2026-07-14 14:44:10] [SPAMMY] resolve queries> Query Filter: Excluding C:\Program Files\codeql\qlpacks\codeql\java-queries\1.11.5\experimental\Security\CWE\CWE-548\InsecureDirectoryConfig.ql.
[2026-07-14 14:44:10] [SPAMMY] resolve queries> Query Filter: Excluding C:\Program Files\codeql\qlpacks\codeql\java-queries\1.11.5\experimental\Security\CWE\CWE-555\PasswordInConfigurationFile.ql.
[2026-07-14 14:44:10] [SPAMMY] resolve queries> Query Filter: Excluding C:\Program Files\codeql\qlpacks\codeql\java-queries\1.11.5\experimental\Security\CWE\CWE-598\SensitiveGetQuery.ql.
[2026-07-14 14:44:10] [SPAMMY] resolve queries> Query Filter: Excluding C:\Program Files\codeql\qlpacks\codeql\java-queries\1.11.5\experimental\Security\CWE\CWE-600\UncaughtServletException.ql.
[2026-07-14 14:44:10] [SPAMMY] resolve queries> Query Filter: Excluding C:\Program Files\codeql\qlpacks\codeql\java-queries\1.11.5\experimental\Security\CWE\CWE-755\NFEAndroidDoS.ql.
[2026-07-14 14:44:10] [SPAMMY] resolve queries> Query Filter: Excluding C:\Program Files\codeql\qlpacks\codeql\java-queries\1.11.5\experimental\Security\CWE\CWE-939\IncorrectURLVerification.ql.
[2026-07-14 14:44:10] [SPAMMIER] resolve queries> Query Filter: C:\Program Files\codeql\qlpacks\codeql\java-queries\1.11.5\Likely Bugs\Concurrency\UnreleasedLock.ql failed the constraint of query path (was Likely Bugs/Concurrency/UnreleasedLock.ql).
[2026-07-14 14:44:10] [SPAMMIER] resolve queries> Query Filter: C:\Program Files\codeql\qlpacks\codeql\java-queries\1.11.5\Security\CWE\CWE-023\PartialPathTraversal.ql failed the constraint of query path (was Security/CWE/CWE-023/PartialPathTraversal.ql).
[2026-07-14 14:44:10] [SPAMMIER] resolve queries> Query Filter: C:\Program Files\codeql\qlpacks\codeql\java-queries\1.11.5\Security\CWE\CWE-078\ExecRelative.ql failed the constraint of query path (was Security/CWE/CWE-078/ExecRelative.ql).
[2026-07-14 14:44:10] [SPAMMIER] resolve queries> Query Filter: C:\Program Files\codeql\qlpacks\codeql\java-queries\1.11.5\Security\CWE\CWE-078\ExecTaintedEnvironment.ql failed the constraint of query path (was Security/CWE/CWE-078/ExecTaintedEnvironment.ql).
[2026-07-14 14:44:10] [SPAMMIER] resolve queries> Query Filter: C:\Program Files\codeql\qlpacks\codeql\java-queries\1.11.5\Security\CWE\CWE-078\ExecUnescaped.ql failed the constraint of query path (was Security/CWE/CWE-078/ExecUnescaped.ql).
[2026-07-14 14:44:10] [SPAMMIER] resolve queries> Query Filter: C:\Program Files\codeql\qlpacks\codeql\java-queries\1.11.5\Security\CWE\CWE-079\AndroidWebViewAddJavascriptInterface.ql failed the constraint of query path (was Security/CWE/CWE-079/AndroidWebViewAddJavascriptInterface.ql).
[2026-07-14 14:44:10] [SPAMMIER] resolve queries> Query Filter: C:\Program Files\codeql\qlpacks\codeql\java-queries\1.11.5\Security\CWE\CWE-079\AndroidWebViewSettingsEnabledJavaScript.ql failed the constraint of query path (was Security/CWE/CWE-079/AndroidWebViewSettingsEnabledJavaScript.ql).
[2026-07-14 14:44:10] [SPAMMIER] resolve queries> Query Filter: C:\Program Files\codeql\qlpacks\codeql\java-queries\1.11.5\Security\CWE\CWE-089\SqlConcatenated.ql failed the constraint of query path (was Security/CWE/CWE-089/SqlConcatenated.ql).
[2026-07-14 14:44:10] [SPAMMIER] resolve queries> Query Filter: C:\Program Files\codeql\qlpacks\codeql\java-queries\1.11.5\Security\CWE\CWE-094\ArbitraryApkInstallation.ql failed the constraint of query path (was Security/CWE/CWE-094/ArbitraryApkInstallation.ql).
[2026-07-14 14:44:10] [SPAMMIER] resolve queries> Query Filter: C:\Program Files\codeql\qlpacks\codeql\java-queries\1.11.5\Security\CWE\CWE-117\LogInjection.ql failed the constraint of query path (was Security/CWE/CWE-117/LogInjection.ql).
[2026-07-14 14:44:10] [SPAMMIER] resolve queries> Query Filter: C:\Program Files\codeql\qlpacks\codeql\java-queries\1.11.5\Security\CWE\CWE-129\ImproperValidationOfArrayConstruction.ql failed the constraint of query path (was Security/CWE/CWE-129/ImproperValidationOfArrayConstruction.ql).
[2026-07-14 14:44:10] [SPAMMIER] resolve queries> Query Filter: C:\Program Files\codeql\qlpacks\codeql\java-queries\1.11.5\Security\CWE\CWE-129\ImproperValidationOfArrayIndex.ql failed the constraint of query path (was Security/CWE/CWE-129/ImproperValidationOfArrayIndex.ql).
[2026-07-14 14:44:10] [SPAMMIER] resolve queries> Query Filter: C:\Program Files\codeql\qlpacks\codeql\java-queries\1.11.5\Security\CWE\CWE-190\ArithmeticTainted.ql failed the constraint of query path (was Security/CWE/CWE-190/ArithmeticTainted.ql).
[2026-07-14 14:44:10] [SPAMMIER] resolve queries> Query Filter: C:\Program Files\codeql\qlpacks\codeql\java-queries\1.11.5\Security\CWE\CWE-190\ArithmeticUncontrolled.ql failed the constraint of query path (was Security/CWE/CWE-190/ArithmeticUncontrolled.ql).
[2026-07-14 14:44:10] [SPAMMIER] resolve queries> Query Filter: C:\Program Files\codeql\qlpacks\codeql\java-queries\1.11.5\Security\CWE\CWE-190\ComparisonWithWiderType.ql failed the constraint of query path (was Security/CWE/CWE-190/ComparisonWithWiderType.ql).
[2026-07-14 14:44:10] [SPAMMIER] resolve queries> Query Filter: C:\Program Files\codeql\qlpacks\codeql\java-queries\1.11.5\Security\CWE\CWE-200\AndroidSensitiveNotifications.ql failed the constraint of query path (was Security/CWE/CWE-200/AndroidSensitiveNotifications.ql).
[2026-07-14 14:44:10] [SPAMMIER] resolve queries> Query Filter: C:\Program Files\codeql\qlpacks\codeql\java-queries\1.11.5\Security\CWE\CWE-200\AndroidSensitiveTextField.ql failed the constraint of query path (was Security/CWE/CWE-200/AndroidSensitiveTextField.ql).
[2026-07-14 14:44:10] [SPAMMIER] resolve queries> Query Filter: C:\Program Files\codeql\qlpacks\codeql\java-queries\1.11.5\Security\CWE\CWE-200\AndroidWebViewSettingsAllowsContentAccess.ql failed the constraint of query path (was Security/CWE/CWE-200/AndroidWebViewSettingsAllowsContentAccess.ql).
[2026-07-14 14:44:10] [SPAMMIER] resolve queries> Query Filter: C:\Program Files\codeql\qlpacks\codeql\java-queries\1.11.5\Security\CWE\CWE-200\AndroidWebViewSettingsFileAccess.ql failed the constraint of query path (was Security/CWE/CWE-200/AndroidWebViewSettingsFileAccess.ql).
[2026-07-14 14:44:10] [SPAMMIER] resolve queries> Query Filter: C:\Program Files\codeql\qlpacks\codeql\java-queries\1.11.5\Security\CWE\CWE-200\TempDirLocalInformationDisclosure.ql failed the constraint of query path (was Security/CWE/CWE-200/TempDirLocalInformationDisclosure.ql).
[2026-07-14 14:44:10] [SPAMMIER] resolve queries> Query Filter: C:\Program Files\codeql\qlpacks\codeql\java-queries\1.11.5\Security\CWE\CWE-273\UnsafeCertTrust.ql failed the constraint of query path (was Security/CWE/CWE-273/UnsafeCertTrust.ql).
[2026-07-14 14:44:10] [SPAMMIER] resolve queries> Query Filter: C:\Program Files\codeql\qlpacks\codeql\java-queries\1.11.5\Security\CWE\CWE-287\AndroidInsecureKeys.ql failed the constraint of query path (was Security/CWE/CWE-287/AndroidInsecureKeys.ql).
[2026-07-14 14:44:10] [SPAMMIER] resolve queries> Query Filter: C:\Program Files\codeql\qlpacks\codeql\java-queries\1.11.5\Security\CWE\CWE-295\AndroidMissingCertificatePinning.ql failed the constraint of query path (was Security/CWE/CWE-295/AndroidMissingCertificatePinning.ql).
[2026-07-14 14:44:10] [SPAMMIER] resolve queries> Query Filter: C:\Program Files\codeql\qlpacks\codeql\java-queries\1.11.5\Security\CWE\CWE-297\InsecureJavaMail.ql failed the constraint of query path (was Security/CWE/CWE-297/InsecureJavaMail.ql).
[2026-07-14 14:44:10] [SPAMMIER] resolve queries> Query Filter: C:\Program Files\codeql\qlpacks\codeql\java-queries\1.11.5\Security\CWE\CWE-312\CleartextStorageAndroidDatabase.ql failed the constraint of query path (was Security/CWE/CWE-312/CleartextStorageAndroidDatabase.ql).
[2026-07-14 14:44:10] [SPAMMIER] resolve queries> Query Filter: C:\Program Files\codeql\qlpacks\codeql\java-queries\1.11.5\Security\CWE\CWE-312\CleartextStorageAndroidFilesystem.ql failed the constraint of query path (was Security/CWE/CWE-312/CleartextStorageAndroidFilesystem.ql).
[2026-07-14 14:44:10] [SPAMMIER] resolve queries> Query Filter: C:\Program Files\codeql\qlpacks\codeql\java-queries\1.11.5\Security\CWE\CWE-312\CleartextStorageProperties.ql failed the constraint of query path (was Security/CWE/CWE-312/CleartextStorageProperties.ql).
[2026-07-14 14:44:10] [SPAMMIER] resolve queries> Query Filter: C:\Program Files\codeql\qlpacks\codeql\java-queries\1.11.5\Security\CWE\CWE-312\CleartextStorageSharedPrefs.ql failed the constraint of query path (was Security/CWE/CWE-312/CleartextStorageSharedPrefs.ql).
[2026-07-14 14:44:10] [SPAMMIER] resolve queries> Query Filter: C:\Program Files\codeql\qlpacks\codeql\java-queries\1.11.5\Security\CWE\CWE-327\MaybeBrokenCryptoAlgorithm.ql failed the constraint of query path (was Security/CWE/CWE-327/MaybeBrokenCryptoAlgorithm.ql).
[2026-07-14 14:44:10] [SPAMMIER] resolve queries> Query Filter: C:\Program Files\codeql\qlpacks\codeql\java-queries\1.11.5\Security\CWE\CWE-352\CsrfUnprotectedRequestType.ql failed the constraint of query path (was Security/CWE/CWE-352/CsrfUnprotectedRequestType.ql).
[2026-07-14 14:44:10] [SPAMMIER] resolve queries> Query Filter: C:\Program Files\codeql\qlpacks\codeql\java-queries\1.11.5\Security\CWE\CWE-367\TOCTOURace.ql failed the constraint of query path (was Security/CWE/CWE-367/TOCTOURace.ql).
[2026-07-14 14:44:10] [SPAMMIER] resolve queries> Query Filter: C:\Program Files\codeql\qlpacks\codeql\java-queries\1.11.5\Security\CWE\CWE-421\SocketAuthRace.ql failed the constraint of query path (was Security/CWE/CWE-421/SocketAuthRace.ql).
[2026-07-14 14:44:10] [SPAMMIER] resolve queries> Query Filter: C:\Program Files\codeql\qlpacks\codeql\java-queries\1.11.5\Security\CWE\CWE-501\TrustBoundaryViolation.ql failed the constraint of query path (was Security/CWE/CWE-501/TrustBoundaryViolation.ql).
[2026-07-14 14:44:10] [SPAMMIER] resolve queries> Query Filter: C:\Program Files\codeql\qlpacks\codeql\java-queries\1.11.5\Security\CWE\CWE-522\InsecureBasicAuth.ql failed the constraint of query path (was Security/CWE/CWE-522/InsecureBasicAuth.ql).
[2026-07-14 14:44:10] [SPAMMIER] resolve queries> Query Filter: C:\Program Files\codeql\qlpacks\codeql\java-queries\1.11.5\Security\CWE\CWE-524\SensitiveKeyboardCache.ql failed the constraint of query path (was Security/CWE/CWE-524/SensitiveKeyboardCache.ql).
[2026-07-14 14:44:10] [SPAMMIER] resolve queries> Query Filter: C:\Program Files\codeql\qlpacks\codeql\java-queries\1.11.5\Security\CWE\CWE-532\SensitiveInfoLog.ql failed the constraint of query path (was Security/CWE/CWE-532/SensitiveInfoLog.ql).
[2026-07-14 14:44:10] [SPAMMIER] resolve queries> Query Filter: C:\Program Files\codeql\qlpacks\codeql\java-queries\1.11.5\Security\CWE\CWE-676\PotentiallyDangerousFunction.ql failed the constraint of query path (was Security/CWE/CWE-676/PotentiallyDangerousFunction.ql).
[2026-07-14 14:44:10] [SPAMMIER] resolve queries> Query Filter: C:\Program Files\codeql\qlpacks\codeql\java-queries\1.11.5\Security\CWE\CWE-749\UnsafeAndroidAccess.ql failed the constraint of query path (was Security/CWE/CWE-749/UnsafeAndroidAccess.ql).
[2026-07-14 14:44:10] [SPAMMIER] resolve queries> Query Filter: C:\Program Files\codeql\qlpacks\codeql\java-queries\1.11.5\Security\CWE\CWE-807\ConditionalBypass.ql failed the constraint of query path (was Security/CWE/CWE-807/ConditionalBypass.ql).
[2026-07-14 14:44:10] [SPAMMIER] resolve queries> Query Filter: C:\Program Files\codeql\qlpacks\codeql\java-queries\1.11.5\Security\CWE\CWE-835\InfiniteLoop.ql failed the constraint of query path (was Security/CWE/CWE-835/InfiniteLoop.ql).
[2026-07-14 14:44:10] [SPAMMIER] resolve queries> Query Filter: C:\Program Files\codeql\qlpacks\codeql\java-queries\1.11.5\Security\CWE\CWE-926\ContentProviderIncompletePermissions.ql failed the constraint of query path (was Security/CWE/CWE-926/ContentProviderIncompletePermissions.ql).
[2026-07-14 14:44:10] [SPAMMIER] resolve queries> Query Filter: C:\Program Files\codeql\qlpacks\codeql\java-queries\1.11.5\Security\CWE\CWE-927\SensitiveCommunication.ql failed the constraint of query path (was Security/CWE/CWE-927/SensitiveCommunication.ql).
[2026-07-14 14:44:10] [SPAMMIER] resolve queries> Query Filter: C:\Program Files\codeql\qlpacks\codeql\java-queries\1.11.5\Security\CWE\CWE-927\SensitiveResultReceiver.ql failed the constraint of query path (was Security/CWE/CWE-927/SensitiveResultReceiver.ql).
[2026-07-14 14:44:10] [SPAMMIER] resolve queries> Query Filter: C:\Program Files\codeql\qlpacks\codeql\java-queries\1.11.5\Diagnostics\ExtractionErrors.ql failed the constraint of query path (was Diagnostics/ExtractionErrors.ql).
[2026-07-14 14:44:10] [SPAMMIER] resolve queries> Query Filter: C:\Program Files\codeql\qlpacks\codeql\java-queries\1.11.5\Diagnostics\ExtractionWarnings.ql failed the constraint of query path (was Diagnostics/ExtractionWarnings.ql).
[2026-07-14 14:44:10] [SPAMMIER] resolve queries> Query Filter: C:\Program Files\codeql\qlpacks\codeql\java-queries\1.11.5\Diagnostics\SuccessfullyExtractedFiles.ql failed the constraint of query path (was Diagnostics/SuccessfullyExtractedFiles.ql).
[2026-07-14 14:44:10] [SPAMMIER] resolve queries> Query Filter: C:\Program Files\codeql\qlpacks\codeql\java-queries\1.11.5\Telemetry\DatabaseQualityDiagnostics.ql failed the constraint of query path (was Telemetry/DatabaseQualityDiagnostics.ql).
[2026-07-14 14:44:10] [SPAMMIER] resolve queries> Query Filter: C:\Program Files\codeql\qlpacks\codeql\java-queries\1.11.5\utils\modelgenerator\CaptureContentSummaryModels.ql failed the constraint of query path (was utils/modelgenerator/CaptureContentSummaryModels.ql).
[2026-07-14 14:44:10] [SPAMMIER] resolve queries> Query Filter: C:\Program Files\codeql\qlpacks\codeql\java-queries\1.11.5\utils\modelgenerator\CaptureNeutralModels.ql failed the constraint of query path (was utils/modelgenerator/CaptureNeutralModels.ql).
[2026-07-14 14:44:10] [SPAMMIER] resolve queries> Query Filter: C:\Program Files\codeql\qlpacks\codeql\java-queries\1.11.5\utils\modelgenerator\CaptureSinkModels.ql failed the constraint of query path (was utils/modelgenerator/CaptureSinkModels.ql).
[2026-07-14 14:44:10] [SPAMMIER] resolve queries> Query Filter: C:\Program Files\codeql\qlpacks\codeql\java-queries\1.11.5\utils\modelgenerator\CaptureSourceModels.ql failed the constraint of query path (was utils/modelgenerator/CaptureSourceModels.ql).
[2026-07-14 14:44:10] [SPAMMIER] resolve queries> Query Filter: C:\Program Files\codeql\qlpacks\codeql\java-queries\1.11.5\utils\modelgenerator\CaptureSummaryModels.ql failed the constraint of query path (was utils/modelgenerator/CaptureSummaryModels.ql).
[2026-07-14 14:44:10] [SPAMMIER] resolve queries> Query Filter: C:\Program Files\codeql\qlpacks\codeql\java-queries\1.11.5\utils\modelgenerator\CaptureTypeBasedSummaryModels.ql failed the constraint of query path (was utils/modelgenerator/CaptureTypeBasedSummaryModels.ql).
[2026-07-14 14:44:10] [SPAMMY] resolve queries> Query Filter: Excluding C:\Program Files\codeql\qlpacks\codeql\java-queries\1.11.5\Metrics\Summaries\FrameworkCoverage.ql.
[2026-07-14 14:44:10] [SPAMMIER] resolve queries> Query Filter: C:\Program Files\codeql\qlpacks\codeql\java-queries\1.11.5\Metrics\Summaries\LinesOfCode.ql failed the constraint of query path (was Metrics/Summaries/LinesOfCode.ql).
[2026-07-14 14:44:10] [SPAMMIER] resolve queries> Query Filter: C:\Program Files\codeql\qlpacks\codeql\java-queries\1.11.5\Metrics\Summaries\LinesOfCodeJava.ql failed the constraint of query path (was Metrics/Summaries/LinesOfCodeJava.ql).
[2026-07-14 14:44:10] [SPAMMIER] resolve queries> Query Filter: C:\Program Files\codeql\qlpacks\codeql\java-queries\1.11.5\Metrics\Summaries\LinesOfCodeKotlin.ql failed the constraint of query path (was Metrics/Summaries/LinesOfCodeKotlin.ql).
[2026-07-14 14:44:10] [SPAMMIER] resolve queries> Query Filter: C:\Program Files\codeql\qlpacks\codeql\java-queries\1.11.5\Telemetry\ExternalLibraryUsage.ql failed the constraint of query path (was Telemetry/ExternalLibraryUsage.ql).
[2026-07-14 14:44:10] [SPAMMIER] resolve queries> Query Filter: C:\Program Files\codeql\qlpacks\codeql\java-queries\1.11.5\Telemetry\ExtractorInformation.ql failed the constraint of query path (was Telemetry/ExtractorInformation.ql).
[2026-07-14 14:44:10] [SPAMMIER] resolve queries> Query Filter: C:\Program Files\codeql\qlpacks\codeql\java-queries\1.11.5\Telemetry\SupportedExternalApis.ql failed the constraint of query path (was Telemetry/SupportedExternalApis.ql).
[2026-07-14 14:44:10] [SPAMMIER] resolve queries> Query Filter: C:\Program Files\codeql\qlpacks\codeql\java-queries\1.11.5\Telemetry\SupportedExternalSinks.ql failed the constraint of query path (was Telemetry/SupportedExternalSinks.ql).
[2026-07-14 14:44:10] [SPAMMIER] resolve queries> Query Filter: C:\Program Files\codeql\qlpacks\codeql\java-queries\1.11.5\Telemetry\SupportedExternalSources.ql failed the constraint of query path (was Telemetry/SupportedExternalSources.ql).
[2026-07-14 14:44:10] [SPAMMIER] resolve queries> Query Filter: C:\Program Files\codeql\qlpacks\codeql\java-queries\1.11.5\Telemetry\SupportedExternalTaint.ql failed the constraint of query path (was Telemetry/SupportedExternalTaint.ql).
[2026-07-14 14:44:10] [SPAMMIER] resolve queries> Query Filter: C:\Program Files\codeql\qlpacks\codeql\java-queries\1.11.5\Telemetry\UnsupportedExternalAPIs.ql failed the constraint of query path (was Telemetry/UnsupportedExternalAPIs.ql).
[2026-07-14 14:44:10] [SPAMMIER] resolve queries> Resolution instruction: exclude.
[2026-07-14 14:44:10] [SPAMMY] resolve queries> Query Filter: Excluding by constraints tags contain=modeleditor|modelgenerator.
[2026-07-14 14:44:10] [SPAMMIER] resolve queries> Query Filter: C:\Program Files\codeql\qlpacks\codeql\java-queries\1.11.5\Likely Bugs\Arithmetic\InformationLoss.ql failed 'tags contain` constraint [reliability, security, external/cwe/cwe-190, external/cwe/cwe-192, external/cwe/cwe-197, external/cwe/cwe-681]
[2026-07-14 14:44:10] [SPAMMIER] resolve queries> Query Filter: C:\Program Files\codeql\qlpacks\codeql\java-queries\1.11.5\Security\CWE\CWE-020\OverlyLargeRange.ql failed 'tags contain` constraint [correctness, security, external/cwe/cwe-020]
[2026-07-14 14:44:10] [SPAMMIER] resolve queries> Query Filter: C:\Program Files\codeql\qlpacks\codeql\java-queries\1.11.5\Security\CWE\CWE-022\TaintedPath.ql failed 'tags contain` constraint [security, external/cwe/cwe-022, external/cwe/cwe-023, external/cwe/cwe-036, external/cwe/cwe-073]
[2026-07-14 14:44:10] [SPAMMIER] resolve queries> Query Filter: C:\Program Files\codeql\qlpacks\codeql\java-queries\1.11.5\Security\CWE\CWE-022\ZipSlip.ql failed 'tags contain` constraint [security, external/cwe/cwe-022]
[2026-07-14 14:44:10] [SPAMMIER] resolve queries> Query Filter: C:\Program Files\codeql\qlpacks\codeql\java-queries\1.11.5\Security\CWE\CWE-023\PartialPathTraversalFromRemote.ql failed 'tags contain` constraint [security, external/cwe/cwe-023]
[2026-07-14 14:44:10] [SPAMMIER] resolve queries> Query Filter: C:\Program Files\codeql\qlpacks\codeql\java-queries\1.11.5\Security\CWE\CWE-074\JndiInjection.ql failed 'tags contain` constraint [security, external/cwe/cwe-074]
[2026-07-14 14:44:10] [SPAMMIER] resolve queries> Query Filter: C:\Program Files\codeql\qlpacks\codeql\java-queries\1.11.5\Security\CWE\CWE-074\XsltInjection.ql failed 'tags contain` constraint [security, external/cwe/cwe-074]
[2026-07-14 14:44:10] [SPAMMIER] resolve queries> Query Filter: C:\Program Files\codeql\qlpacks\codeql\java-queries\1.11.5\Security\CWE\CWE-078\ExecTainted.ql failed 'tags contain` constraint [security, external/cwe/cwe-078, external/cwe/cwe-088]
[2026-07-14 14:44:10] [SPAMMIER] resolve queries> Query Filter: C:\Program Files\codeql\qlpacks\codeql\java-queries\1.11.5\Security\CWE\CWE-079\XSS.ql failed 'tags contain` constraint [security, external/cwe/cwe-079]
[2026-07-14 14:44:10] [SPAMMIER] resolve queries> Query Filter: C:\Program Files\codeql\qlpacks\codeql\java-queries\1.11.5\Security\CWE\CWE-089\SqlTainted.ql failed 'tags contain` constraint [security, external/cwe/cwe-089, external/cwe/cwe-564]
[2026-07-14 14:44:10] [SPAMMIER] resolve queries> Query Filter: C:\Program Files\codeql\qlpacks\codeql\java-queries\1.11.5\Security\CWE\CWE-090\LdapInjection.ql failed 'tags contain` constraint [security, external/cwe/cwe-090]
[2026-07-14 14:44:10] [SPAMMIER] resolve queries> Query Filter: C:\Program Files\codeql\qlpacks\codeql\java-queries\1.11.5\Security\CWE\CWE-094\GroovyInjection.ql failed 'tags contain` constraint [security, external/cwe/cwe-094]
[2026-07-14 14:44:10] [SPAMMIER] resolve queries> Query Filter: C:\Program Files\codeql\qlpacks\codeql\java-queries\1.11.5\Security\CWE\CWE-094\InsecureBeanValidation.ql failed 'tags contain` constraint [security, external/cwe/cwe-094]
[2026-07-14 14:44:10] [SPAMMIER] resolve queries> Query Filter: C:\Program Files\codeql\qlpacks\codeql\java-queries\1.11.5\Security\CWE\CWE-094\JexlInjection.ql failed 'tags contain` constraint [security, external/cwe/cwe-094]
[2026-07-14 14:44:10] [SPAMMIER] resolve queries> Query Filter: C:\Program Files\codeql\qlpacks\codeql\java-queries\1.11.5\Security\CWE\CWE-094\MvelInjection.ql failed 'tags contain` constraint [security, external/cwe/cwe-094]
[2026-07-14 14:44:10] [SPAMMIER] resolve queries> Query Filter: C:\Program Files\codeql\qlpacks\codeql\java-queries\1.11.5\Security\CWE\CWE-094\SpelInjection.ql failed 'tags contain` constraint [security, external/cwe/cwe-094]
[2026-07-14 14:44:10] [SPAMMIER] resolve queries> Query Filter: C:\Program Files\codeql\qlpacks\codeql\java-queries\1.11.5\Security\CWE\CWE-094\TemplateInjection.ql failed 'tags contain` constraint [security, external/cwe/cwe-1336, external/cwe/cwe-094]
[2026-07-14 14:44:10] [SPAMMIER] resolve queries> Query Filter: C:\Program Files\codeql\qlpacks\codeql\java-queries\1.11.5\Security\CWE\CWE-1004\SensitiveCookieNotHttpOnly.ql failed 'tags contain` constraint [security, external/cwe/cwe-1004]
[2026-07-14 14:44:10] [SPAMMIER] resolve queries> Query Filter: C:\Program Files\codeql\qlpacks\codeql\java-queries\1.11.5\Security\CWE\CWE-1104\MavenPomDependsOnBintray.ql failed 'tags contain` constraint [security, external/cwe/cwe-1104]
[2026-07-14 14:44:10] [SPAMMIER] resolve queries> Query Filter: C:\Program Files\codeql\qlpacks\codeql\java-queries\1.11.5\Security\CWE\CWE-113\NettyResponseSplitting.ql failed 'tags contain` constraint [security, external/cwe/cwe-093, external/cwe/cwe-113]
[2026-07-14 14:44:10] [SPAMMIER] resolve queries> Query Filter: C:\Program Files\codeql\qlpacks\codeql\java-queries\1.11.5\Security\CWE\CWE-113\ResponseSplitting.ql failed 'tags contain` constraint [security, external/cwe/cwe-113]
[2026-07-14 14:44:10] [SPAMMIER] resolve queries> Query Filter: C:\Program Files\codeql\qlpacks\codeql\java-queries\1.11.5\Security\CWE\CWE-1204\StaticInitializationVector.ql failed 'tags contain` constraint [security, external/cwe/cwe-329, external/cwe/cwe-1204]
[2026-07-14 14:44:10] [SPAMMIER] resolve queries> Query Filter: C:\Program Files\codeql\qlpacks\codeql\java-queries\1.11.5\Security\CWE\CWE-134\ExternallyControlledFormatString.ql failed 'tags contain` constraint [security, external/cwe/cwe-134]
[2026-07-14 14:44:10] [SPAMMIER] resolve queries> Query Filter: C:\Program Files\codeql\qlpacks\codeql\java-queries\1.11.5\Security\CWE\CWE-200\SpringBootActuators.ql failed 'tags contain` constraint [security, external/cwe/cwe-200]
[2026-07-14 14:44:10] [SPAMMIER] resolve queries> Query Filter: C:\Program Files\codeql\qlpacks\codeql\java-queries\1.11.5\Security\CWE\CWE-200\SpringBootActuatorsConfig\SpringBootActuatorsConfig.ql failed 'tags contain` constraint [security, external/cwe/cwe-200]
[2026-07-14 14:44:10] [SPAMMIER] resolve queries> Query Filter: C:\Program Files\codeql\qlpacks\codeql\java-queries\1.11.5\Security\CWE\CWE-209\SensitiveDataExposureThroughErrorMessage.ql failed 'tags contain` constraint [security, external/cwe/cwe-209]
[2026-07-14 14:44:10] [SPAMMIER] resolve queries> Query Filter: C:\Program Files\codeql\qlpacks\codeql\java-queries\1.11.5\Security\CWE\CWE-209\StackTraceExposure.ql failed 'tags contain` constraint [security, external/cwe/cwe-209, external/cwe/cwe-497]
[2026-07-14 14:44:10] [SPAMMIER] resolve queries> Query Filter: C:\Program Files\codeql\qlpacks\codeql\java-queries\1.11.5\Security\CWE\CWE-266\IntentUriPermissionManipulation.ql failed 'tags contain` constraint [security, external/cwe/cwe-266, external/cwe/cwe-926]
[2026-07-14 14:44:10] [SPAMMIER] resolve queries> Query Filter: C:\Program Files\codeql\qlpacks\codeql\java-queries\1.11.5\Security\CWE\CWE-287\AndroidInsecureLocalAuthentication.ql failed 'tags contain` constraint [security, external/cwe/cwe-287]
[2026-07-14 14:44:10] [SPAMMIER] resolve queries> Query Filter: C:\Program Files\codeql\qlpacks\codeql\java-queries\1.11.5\Security\CWE\CWE-295\ImproperWebViewCertificateValidation.ql failed 'tags contain` constraint [security, external/cwe/cwe-295]
[2026-07-14 14:44:10] [SPAMMIER] resolve queries> Query Filter: C:\Program Files\codeql\qlpacks\codeql\java-queries\1.11.5\Security\CWE\CWE-295\InsecureTrustManager.ql failed 'tags contain` constraint [security, external/cwe/cwe-295]
[2026-07-14 14:44:10] [SPAMMIER] resolve queries> Query Filter: C:\Program Files\codeql\qlpacks\codeql\java-queries\1.11.5\Security\CWE\CWE-297\UnsafeHostnameVerification.ql failed 'tags contain` constraint [security, external/cwe/cwe-297]
[2026-07-14 14:44:10] [SPAMMIER] resolve queries> Query Filter: C:\Program Files\codeql\qlpacks\codeql\java-queries\1.11.5\Security\CWE\CWE-312\AllowBackupAttributeEnabled.ql failed 'tags contain` constraint [security, external/cwe/cwe-312]
[2026-07-14 14:44:10] [SPAMMIER] resolve queries> Query Filter: C:\Program Files\codeql\qlpacks\codeql\java-queries\1.11.5\Security\CWE\CWE-312\CleartextStorageCookie.ql failed 'tags contain` constraint [security, external/cwe/cwe-315]
[2026-07-14 14:44:10] [SPAMMIER] resolve queries> Query Filter: C:\Program Files\codeql\qlpacks\codeql\java-queries\1.11.5\Security\CWE\CWE-326\InsufficientKeySize.ql failed 'tags contain` constraint [security, external/cwe/cwe-326]
[2026-07-14 14:44:10] [SPAMMIER] resolve queries> Query Filter: C:\Program Files\codeql\qlpacks\codeql\java-queries\1.11.5\Security\CWE\CWE-327\BrokenCryptoAlgorithm.ql failed 'tags contain` constraint [security, external/cwe/cwe-327, external/cwe/cwe-328]
[2026-07-14 14:44:10] [SPAMMIER] resolve queries> Query Filter: C:\Program Files\codeql\qlpacks\codeql\java-queries\1.11.5\Security\CWE\CWE-330\InsecureRandomness.ql failed 'tags contain` constraint [security, external/cwe/cwe-330, external/cwe/cwe-338]
[2026-07-14 14:44:10] [SPAMMIER] resolve queries> Query Filter: C:\Program Files\codeql\qlpacks\codeql\java-queries\1.11.5\Security\CWE\CWE-335\PredictableSeed.ql failed 'tags contain` constraint [security, external/cwe/cwe-335, external/cwe/cwe-337]
[2026-07-14 14:44:10] [SPAMMIER] resolve queries> Query Filter: C:\Program Files\codeql\qlpacks\codeql\java-queries\1.11.5\Security\CWE\CWE-338\JHipsterGeneratedPRNG.ql failed 'tags contain` constraint [security, external/cwe/cwe-338]
[2026-07-14 14:44:10] [SPAMMIER] resolve queries> Query Filter: C:\Program Files\codeql\qlpacks\codeql\java-queries\1.11.5\Security\CWE\CWE-347\MissingJWTSignatureCheck.ql failed 'tags contain` constraint [security, external/cwe/cwe-347]
[2026-07-14 14:44:10] [SPAMMIER] resolve queries> Query Filter: C:\Program Files\codeql\qlpacks\codeql\java-queries\1.11.5\Security\CWE\CWE-352\SpringCSRFProtection.ql failed 'tags contain` constraint [security, external/cwe/cwe-352]
[2026-07-14 14:44:10] [SPAMMIER] resolve queries> Query Filter: C:\Program Files\codeql\qlpacks\codeql\java-queries\1.11.5\Security\CWE\CWE-441\UnsafeContentUriResolution.ql failed 'tags contain` constraint [security, external/cwe/cwe-441, external/cwe/cwe-610]
[2026-07-14 14:44:10] [SPAMMIER] resolve queries> Query Filter: C:\Program Files\codeql\qlpacks\codeql\java-queries\1.11.5\Security\CWE\CWE-470\FragmentInjection.ql failed 'tags contain` constraint [security, external/cwe/cwe-470]
[2026-07-14 14:44:10] [SPAMMIER] resolve queries> Query Filter: C:\Program Files\codeql\qlpacks\codeql\java-queries\1.11.5\Security\CWE\CWE-470\FragmentInjectionInPreferenceActivity.ql failed 'tags contain` constraint [security, external/cwe/cwe-470]
[2026-07-14 14:44:10] [SPAMMIER] resolve queries> Query Filter: C:\Program Files\codeql\qlpacks\codeql\java-queries\1.11.5\Security\CWE\CWE-489\DebuggableAttributeEnabled.ql failed 'tags contain` constraint [security, external/cwe/cwe-489]
[2026-07-14 14:44:10] [SPAMMIER] resolve queries> Query Filter: C:\Program Files\codeql\qlpacks\codeql\java-queries\1.11.5\Security\CWE\CWE-489\WebviewDebuggingEnabled.ql failed 'tags contain` constraint [security, external/cwe/cwe-489]
[2026-07-14 14:44:10] [SPAMMIER] resolve queries> Query Filter: C:\Program Files\codeql\qlpacks\codeql\java-queries\1.11.5\Security\CWE\CWE-502\UnsafeDeserialization.ql failed 'tags contain` constraint [security, external/cwe/cwe-502]
[2026-07-14 14:44:10] [SPAMMIER] resolve queries> Query Filter: C:\Program Files\codeql\qlpacks\codeql\java-queries\1.11.5\Security\CWE\CWE-522\InsecureLdapAuth.ql failed 'tags contain` constraint [security, external/cwe/cwe-522, external/cwe/cwe-319]
[2026-07-14 14:44:10] [SPAMMIER] resolve queries> Query Filter: C:\Program Files\codeql\qlpacks\codeql\java-queries\1.11.5\Security\CWE\CWE-552\UrlForward.ql failed 'tags contain` constraint [security, external/cwe/cwe-552]
[2026-07-14 14:44:10] [SPAMMIER] resolve queries> Query Filter: C:\Program Files\codeql\qlpacks\codeql\java-queries\1.11.5\Security\CWE\CWE-601\UrlRedirect.ql failed 'tags contain` constraint [security, external/cwe/cwe-601]
[2026-07-14 14:44:10] [SPAMMIER] resolve queries> Query Filter: C:\Program Files\codeql\qlpacks\codeql\java-queries\1.11.5\Security\CWE\CWE-611\XXE.ql failed 'tags contain` constraint [security, external/cwe/cwe-611, external/cwe/cwe-776, external/cwe/cwe-827]
[2026-07-14 14:44:10] [SPAMMIER] resolve queries> Query Filter: C:\Program Files\codeql\qlpacks\codeql\java-queries\1.11.5\Security\CWE\CWE-614\InsecureCookie.ql failed 'tags contain` constraint [security, external/cwe/cwe-614]
[2026-07-14 14:44:10] [SPAMMIER] resolve queries> Query Filter: C:\Program Files\codeql\qlpacks\codeql\java-queries\1.11.5\Security\CWE\CWE-643\XPathInjection.ql failed 'tags contain` constraint [security, external/cwe/cwe-643]
[2026-07-14 14:44:10] [SPAMMIER] resolve queries> Query Filter: C:\Program Files\codeql\qlpacks\codeql\java-queries\1.11.5\Security\CWE\CWE-681\NumericCastTainted.ql failed 'tags contain` constraint [security, external/cwe/cwe-197, external/cwe/cwe-681]
[2026-07-14 14:44:10] [SPAMMIER] resolve queries> Query Filter: C:\Program Files\codeql\qlpacks\codeql\java-queries\1.11.5\Security\CWE\CWE-730\PolynomialReDoS.ql failed 'tags contain` constraint [security, external/cwe/cwe-1333, external/cwe/cwe-730, external/cwe/cwe-400]
[2026-07-14 14:44:10] [SPAMMIER] resolve queries> Query Filter: C:\Program Files\codeql\qlpacks\codeql\java-queries\1.11.5\Security\CWE\CWE-730\ReDoS.ql failed 'tags contain` constraint [security, external/cwe/cwe-1333, external/cwe/cwe-730, external/cwe/cwe-400]
[2026-07-14 14:44:10] [SPAMMIER] resolve queries> Query Filter: C:\Program Files\codeql\qlpacks\codeql\java-queries\1.11.5\Security\CWE\CWE-730\RegexInjection.ql failed 'tags contain` constraint [security, external/cwe/cwe-730, external/cwe/cwe-400]
[2026-07-14 14:44:10] [SPAMMIER] resolve queries> Query Filter: C:\Program Files\codeql\qlpacks\codeql\java-queries\1.11.5\Security\CWE\CWE-732\ReadingFromWorldWritableFile.ql failed 'tags contain` constraint [security, external/cwe/cwe-732]
[2026-07-14 14:44:10] [SPAMMIER] resolve queries> Query Filter: C:\Program Files\codeql\qlpacks\codeql\java-queries\1.11.5\Security\CWE\CWE-780\RsaWithoutOaep.ql failed 'tags contain` constraint [security, external/cwe/cwe-780]
[2026-07-14 14:44:10] [SPAMMIER] resolve queries> Query Filter: C:\Program Files\codeql\qlpacks\codeql\java-queries\1.11.5\Security\CWE\CWE-807\TaintedPermissionsCheck.ql failed 'tags contain` constraint [security, external/cwe/cwe-807, external/cwe/cwe-290]
[2026-07-14 14:44:10] [SPAMMIER] resolve queries> Query Filter: C:\Program Files\codeql\qlpacks\codeql\java-queries\1.11.5\Security\CWE\CWE-829\InsecureDependencyResolution.ql failed 'tags contain` constraint [security, external/cwe/cwe-300, external/cwe/cwe-319, external/cwe/cwe-494, external/cwe/cwe-829]
[2026-07-14 14:44:10] [SPAMMIER] resolve queries> Query Filter: C:\Program Files\codeql\qlpacks\codeql\java-queries\1.11.5\Security\CWE\CWE-917\OgnlInjection.ql failed 'tags contain` constraint [security, external/cwe/cwe-917]
[2026-07-14 14:44:10] [SPAMMIER] resolve queries> Query Filter: C:\Program Files\codeql\qlpacks\codeql\java-queries\1.11.5\Security\CWE\CWE-918\RequestForgery.ql failed 'tags contain` constraint [security, external/cwe/cwe-918]
[2026-07-14 14:44:10] [SPAMMIER] resolve queries> Query Filter: C:\Program Files\codeql\qlpacks\codeql\java-queries\1.11.5\Security\CWE\CWE-925\ImproperIntentVerification.ql failed 'tags contain` constraint [security, external/cwe/cwe-925]
[2026-07-14 14:44:10] [SPAMMIER] resolve queries> Query Filter: C:\Program Files\codeql\qlpacks\codeql\java-queries\1.11.5\Security\CWE\CWE-926\ImplicitlyExportedAndroidComponent.ql failed 'tags contain` constraint [security, external/cwe/cwe-926]
[2026-07-14 14:44:10] [SPAMMIER] resolve queries> Query Filter: C:\Program Files\codeql\qlpacks\codeql\java-queries\1.11.5\Security\CWE\CWE-927\ImplicitPendingIntents.ql failed 'tags contain` constraint [security, external/cwe/cwe-927]
[2026-07-14 14:44:10] [SPAMMIER] resolve queries> Query Filter: C:\Program Files\codeql\qlpacks\codeql\java-queries\1.11.5\Security\CWE\CWE-940\AndroidIntentRedirection.ql failed 'tags contain` constraint [security, external/cwe/cwe-926, external/cwe/cwe-940]
[2026-07-14 14:44:10] [SPAMMIER] resolve queries> Query Filter: C:\Program Files\codeql\qlpacks\codeql\java-queries\1.11.5\Likely Bugs\Concurrency\UnreleasedLock.ql failed 'tags contain` constraint [reliability, security, external/cwe/cwe-764, external/cwe/cwe-833]
[2026-07-14 14:44:10] [SPAMMIER] resolve queries> Query Filter: C:\Program Files\codeql\qlpacks\codeql\java-queries\1.11.5\Security\CWE\CWE-023\PartialPathTraversal.ql failed 'tags contain` constraint [security, external/cwe/cwe-023]
[2026-07-14 14:44:10] [SPAMMIER] resolve queries> Query Filter: C:\Program Files\codeql\qlpacks\codeql\java-queries\1.11.5\Security\CWE\CWE-078\ExecRelative.ql failed 'tags contain` constraint [security, external/cwe/cwe-078, external/cwe/cwe-088]
[2026-07-14 14:44:10] [SPAMMIER] resolve queries> Query Filter: C:\Program Files\codeql\qlpacks\codeql\java-queries\1.11.5\Security\CWE\CWE-078\ExecTaintedEnvironment.ql failed 'tags contain` constraint [security, external/cwe/cwe-078, external/cwe/cwe-088, external/cwe/cwe-454]
[2026-07-14 14:44:10] [SPAMMIER] resolve queries> Query Filter: C:\Program Files\codeql\qlpacks\codeql\java-queries\1.11.5\Security\CWE\CWE-078\ExecUnescaped.ql failed 'tags contain` constraint [security, external/cwe/cwe-078, external/cwe/cwe-088]
[2026-07-14 14:44:10] [SPAMMIER] resolve queries> Query Filter: C:\Program Files\codeql\qlpacks\codeql\java-queries\1.11.5\Security\CWE\CWE-079\AndroidWebViewAddJavascriptInterface.ql failed 'tags contain` constraint [security, external/cwe/cwe-079]
[2026-07-14 14:44:10] [SPAMMIER] resolve queries> Query Filter: C:\Program Files\codeql\qlpacks\codeql\java-queries\1.11.5\Security\CWE\CWE-079\AndroidWebViewSettingsEnabledJavaScript.ql failed 'tags contain` constraint [security, external/cwe/cwe-079]
[2026-07-14 14:44:10] [SPAMMIER] resolve queries> Query Filter: C:\Program Files\codeql\qlpacks\codeql\java-queries\1.11.5\Security\CWE\CWE-089\SqlConcatenated.ql failed 'tags contain` constraint [security, external/cwe/cwe-089, external/cwe/cwe-564]
[2026-07-14 14:44:10] [SPAMMIER] resolve queries> Query Filter: C:\Program Files\codeql\qlpacks\codeql\java-queries\1.11.5\Security\CWE\CWE-094\ArbitraryApkInstallation.ql failed 'tags contain` constraint [security, external/cwe/cwe-094]
[2026-07-14 14:44:10] [SPAMMIER] resolve queries> Query Filter: C:\Program Files\codeql\qlpacks\codeql\java-queries\1.11.5\Security\CWE\CWE-117\LogInjection.ql failed 'tags contain` constraint [security, external/cwe/cwe-117]
[2026-07-14 14:44:10] [SPAMMIER] resolve queries> Query Filter: C:\Program Files\codeql\qlpacks\codeql\java-queries\1.11.5\Security\CWE\CWE-129\ImproperValidationOfArrayConstruction.ql failed 'tags contain` constraint [security, external/cwe/cwe-129]
[2026-07-14 14:44:10] [SPAMMIER] resolve queries> Query Filter: C:\Program Files\codeql\qlpacks\codeql\java-queries\1.11.5\Security\CWE\CWE-129\ImproperValidationOfArrayIndex.ql failed 'tags contain` constraint [security, external/cwe/cwe-129]
[2026-07-14 14:44:10] [SPAMMIER] resolve queries> Query Filter: C:\Program Files\codeql\qlpacks\codeql\java-queries\1.11.5\Security\CWE\CWE-190\ArithmeticTainted.ql failed 'tags contain` constraint [security, external/cwe/cwe-190, external/cwe/cwe-191]
[2026-07-14 14:44:10] [SPAMMIER] resolve queries> Query Filter: C:\Program Files\codeql\qlpacks\codeql\java-queries\1.11.5\Security\CWE\CWE-190\ArithmeticUncontrolled.ql failed 'tags contain` constraint [security, external/cwe/cwe-190, external/cwe/cwe-191]
[2026-07-14 14:44:10] [SPAMMIER] resolve queries> Query Filter: C:\Program Files\codeql\qlpacks\codeql\java-queries\1.11.5\Security\CWE\CWE-190\ComparisonWithWiderType.ql failed 'tags contain` constraint [reliability, security, external/cwe/cwe-190, external/cwe/cwe-197]
[2026-07-14 14:44:10] [SPAMMIER] resolve queries> Query Filter: C:\Program Files\codeql\qlpacks\codeql\java-queries\1.11.5\Security\CWE\CWE-200\AndroidSensitiveNotifications.ql failed 'tags contain` constraint [security, external/cwe/cwe-200]
[2026-07-14 14:44:10] [SPAMMIER] resolve queries> Query Filter: C:\Program Files\codeql\qlpacks\codeql\java-queries\1.11.5\Security\CWE\CWE-200\AndroidSensitiveTextField.ql failed 'tags contain` constraint [security, external/cwe/cwe-200]
[2026-07-14 14:44:10] [SPAMMIER] resolve queries> Query Filter: C:\Program Files\codeql\qlpacks\codeql\java-queries\1.11.5\Security\CWE\CWE-200\AndroidWebViewSettingsAllowsContentAccess.ql failed 'tags contain` constraint [security, external/cwe/cwe-200]
[2026-07-14 14:44:10] [SPAMMIER] resolve queries> Query Filter: C:\Program Files\codeql\qlpacks\codeql\java-queries\1.11.5\Security\CWE\CWE-200\AndroidWebViewSettingsFileAccess.ql failed 'tags contain` constraint [security, external/cwe/cwe-200]
[2026-07-14 14:44:10] [SPAMMIER] resolve queries> Query Filter: C:\Program Files\codeql\qlpacks\codeql\java-queries\1.11.5\Security\CWE\CWE-200\TempDirLocalInformationDisclosure.ql failed 'tags contain` constraint [security, external/cwe/cwe-200, external/cwe/cwe-732]
[2026-07-14 14:44:10] [SPAMMIER] resolve queries> Query Filter: C:\Program Files\codeql\qlpacks\codeql\java-queries\1.11.5\Security\CWE\CWE-273\UnsafeCertTrust.ql failed 'tags contain` constraint [security, external/cwe/cwe-273]
[2026-07-14 14:44:10] [SPAMMIER] resolve queries> Query Filter: C:\Program Files\codeql\qlpacks\codeql\java-queries\1.11.5\Security\CWE\CWE-287\AndroidInsecureKeys.ql failed 'tags contain` constraint [security, external/cwe/cwe-287]
[2026-07-14 14:44:10] [SPAMMIER] resolve queries> Query Filter: C:\Program Files\codeql\qlpacks\codeql\java-queries\1.11.5\Security\CWE\CWE-295\AndroidMissingCertificatePinning.ql failed 'tags contain` constraint [security, external/cwe/cwe-295]
[2026-07-14 14:44:10] [SPAMMIER] resolve queries> Query Filter: C:\Program Files\codeql\qlpacks\codeql\java-queries\1.11.5\Security\CWE\CWE-297\InsecureJavaMail.ql failed 'tags contain` constraint [security, external/cwe/cwe-297]
[2026-07-14 14:44:10] [SPAMMIER] resolve queries> Query Filter: C:\Program Files\codeql\qlpacks\codeql\java-queries\1.11.5\Security\CWE\CWE-312\CleartextStorageAndroidDatabase.ql failed 'tags contain` constraint [security, external/cwe/cwe-312]
[2026-07-14 14:44:10] [SPAMMIER] resolve queries> Query Filter: C:\Program Files\codeql\qlpacks\codeql\java-queries\1.11.5\Security\CWE\CWE-312\CleartextStorageAndroidFilesystem.ql failed 'tags contain` constraint [security, external/cwe/cwe-312]
[2026-07-14 14:44:10] [SPAMMIER] resolve queries> Query Filter: C:\Program Files\codeql\qlpacks\codeql\java-queries\1.11.5\Security\CWE\CWE-312\CleartextStorageProperties.ql failed 'tags contain` constraint [security, external/cwe/cwe-313]
[2026-07-14 14:44:10] [SPAMMIER] resolve queries> Query Filter: C:\Program Files\codeql\qlpacks\codeql\java-queries\1.11.5\Security\CWE\CWE-312\CleartextStorageSharedPrefs.ql failed 'tags contain` constraint [security, external/cwe/cwe-312]
[2026-07-14 14:44:10] [SPAMMIER] resolve queries> Query Filter: C:\Program Files\codeql\qlpacks\codeql\java-queries\1.11.5\Security\CWE\CWE-327\MaybeBrokenCryptoAlgorithm.ql failed 'tags contain` constraint [security, external/cwe/cwe-327, external/cwe/cwe-328]
[2026-07-14 14:44:10] [SPAMMIER] resolve queries> Query Filter: C:\Program Files\codeql\qlpacks\codeql\java-queries\1.11.5\Security\CWE\CWE-352\CsrfUnprotectedRequestType.ql failed 'tags contain` constraint [security, external/cwe/cwe-352]
[2026-07-14 14:44:10] [SPAMMIER] resolve queries> Query Filter: C:\Program Files\codeql\qlpacks\codeql\java-queries\1.11.5\Security\CWE\CWE-367\TOCTOURace.ql failed 'tags contain` constraint [security, external/cwe/cwe-367]
[2026-07-14 14:44:10] [SPAMMIER] resolve queries> Query Filter: C:\Program Files\codeql\qlpacks\codeql\java-queries\1.11.5\Security\CWE\CWE-421\SocketAuthRace.ql failed 'tags contain` constraint [security, external/cwe/cwe-421]
[2026-07-14 14:44:10] [SPAMMIER] resolve queries> Query Filter: C:\Program Files\codeql\qlpacks\codeql\java-queries\1.11.5\Security\CWE\CWE-501\TrustBoundaryViolation.ql failed 'tags contain` constraint [security, external/cwe/cwe-501]
[2026-07-14 14:44:10] [SPAMMIER] resolve queries> Query Filter: C:\Program Files\codeql\qlpacks\codeql\java-queries\1.11.5\Security\CWE\CWE-522\InsecureBasicAuth.ql failed 'tags contain` constraint [security, external/cwe/cwe-522, external/cwe/cwe-319]
[2026-07-14 14:44:10] [SPAMMIER] resolve queries> Query Filter: C:\Program Files\codeql\qlpacks\codeql\java-queries\1.11.5\Security\CWE\CWE-524\SensitiveKeyboardCache.ql failed 'tags contain` constraint [security, external/cwe/cwe-524]
[2026-07-14 14:44:10] [SPAMMIER] resolve queries> Query Filter: C:\Program Files\codeql\qlpacks\codeql\java-queries\1.11.5\Security\CWE\CWE-532\SensitiveInfoLog.ql failed 'tags contain` constraint [security, external/cwe/cwe-532]
[2026-07-14 14:44:10] [SPAMMIER] resolve queries> Query Filter: C:\Program Files\codeql\qlpacks\codeql\java-queries\1.11.5\Security\CWE\CWE-676\PotentiallyDangerousFunction.ql failed 'tags contain` constraint [reliability, security, external/cwe/cwe-676]
[2026-07-14 14:44:10] [SPAMMIER] resolve queries> Query Filter: C:\Program Files\codeql\qlpacks\codeql\java-queries\1.11.5\Security\CWE\CWE-749\UnsafeAndroidAccess.ql failed 'tags contain` constraint [security, external/cwe/cwe-749, external/cwe/cwe-079]
[2026-07-14 14:44:10] [SPAMMIER] resolve queries> Query Filter: C:\Program Files\codeql\qlpacks\codeql\java-queries\1.11.5\Security\CWE\CWE-807\ConditionalBypass.ql failed 'tags contain` constraint [security, external/cwe/cwe-807, external/cwe/cwe-290]
[2026-07-14 14:44:10] [SPAMMIER] resolve queries> Query Filter: C:\Program Files\codeql\qlpacks\codeql\java-queries\1.11.5\Security\CWE\CWE-835\InfiniteLoop.ql failed 'tags contain` constraint [security, external/cwe/cwe-835]
[2026-07-14 14:44:10] [SPAMMIER] resolve queries> Query Filter: C:\Program Files\codeql\qlpacks\codeql\java-queries\1.11.5\Security\CWE\CWE-926\ContentProviderIncompletePermissions.ql failed 'tags contain` constraint [security, external/cwe/cwe-926]
[2026-07-14 14:44:10] [SPAMMIER] resolve queries> Query Filter: C:\Program Files\codeql\qlpacks\codeql\java-queries\1.11.5\Security\CWE\CWE-927\SensitiveCommunication.ql failed 'tags contain` constraint [security, external/cwe/cwe-927]
[2026-07-14 14:44:10] [SPAMMIER] resolve queries> Query Filter: C:\Program Files\codeql\qlpacks\codeql\java-queries\1.11.5\Security\CWE\CWE-927\SensitiveResultReceiver.ql failed 'tags contain` constraint [security, external/cwe/cwe-927]
[2026-07-14 14:44:10] [SPAMMIER] resolve queries> Query Filter: C:\Program Files\codeql\qlpacks\codeql\java-queries\1.11.5\Diagnostics\ExtractionErrors.ql failed 'tags contain` constraint []
[2026-07-14 14:44:10] [SPAMMIER] resolve queries> Query Filter: C:\Program Files\codeql\qlpacks\codeql\java-queries\1.11.5\Diagnostics\ExtractionWarnings.ql failed 'tags contain` constraint []
[2026-07-14 14:44:10] [SPAMMIER] resolve queries> Query Filter: C:\Program Files\codeql\qlpacks\codeql\java-queries\1.11.5\Diagnostics\SuccessfullyExtractedFiles.ql failed 'tags contain` constraint [successfully-extracted-files]
[2026-07-14 14:44:10] [SPAMMIER] resolve queries> Query Filter: C:\Program Files\codeql\qlpacks\codeql\java-queries\1.11.5\Telemetry\DatabaseQualityDiagnostics.ql failed 'tags contain` constraint []
[2026-07-14 14:44:10] [SPAMMY] resolve queries> Query Filter: Excluding C:\Program Files\codeql\qlpacks\codeql\java-queries\1.11.5\utils\modelgenerator\CaptureContentSummaryModels.ql.
[2026-07-14 14:44:10] [SPAMMY] resolve queries> Query Filter: Excluding C:\Program Files\codeql\qlpacks\codeql\java-queries\1.11.5\utils\modelgenerator\CaptureNeutralModels.ql.
[2026-07-14 14:44:10] [SPAMMY] resolve queries> Query Filter: Excluding C:\Program Files\codeql\qlpacks\codeql\java-queries\1.11.5\utils\modelgenerator\CaptureSinkModels.ql.
[2026-07-14 14:44:10] [SPAMMY] resolve queries> Query Filter: Excluding C:\Program Files\codeql\qlpacks\codeql\java-queries\1.11.5\utils\modelgenerator\CaptureSourceModels.ql.
[2026-07-14 14:44:10] [SPAMMY] resolve queries> Query Filter: Excluding C:\Program Files\codeql\qlpacks\codeql\java-queries\1.11.5\utils\modelgenerator\CaptureSummaryModels.ql.
[2026-07-14 14:44:10] [SPAMMY] resolve queries> Query Filter: Excluding C:\Program Files\codeql\qlpacks\codeql\java-queries\1.11.5\utils\modelgenerator\CaptureTypeBasedSummaryModels.ql.
[2026-07-14 14:44:10] [SPAMMIER] resolve queries> Query Filter: C:\Program Files\codeql\qlpacks\codeql\java-queries\1.11.5\Metrics\Summaries\LinesOfCode.ql failed 'tags contain` constraint [summary, lines-of-code, debug]
[2026-07-14 14:44:10] [SPAMMIER] resolve queries> Query Filter: C:\Program Files\codeql\qlpacks\codeql\java-queries\1.11.5\Metrics\Summaries\LinesOfCodeJava.ql failed 'tags contain` constraint [summary, debug]
[2026-07-14 14:44:10] [SPAMMIER] resolve queries> Query Filter: C:\Program Files\codeql\qlpacks\codeql\java-queries\1.11.5\Metrics\Summaries\LinesOfCodeKotlin.ql failed 'tags contain` constraint [summary, debug]
[2026-07-14 14:44:10] [SPAMMIER] resolve queries> Query Filter: C:\Program Files\codeql\qlpacks\codeql\java-queries\1.11.5\Telemetry\ExternalLibraryUsage.ql failed 'tags contain` constraint [summary, telemetry]
[2026-07-14 14:44:10] [SPAMMIER] resolve queries> Query Filter: C:\Program Files\codeql\qlpacks\codeql\java-queries\1.11.5\Telemetry\ExtractorInformation.ql failed 'tags contain` constraint [summary, telemetry]
[2026-07-14 14:44:10] [SPAMMIER] resolve queries> Query Filter: C:\Program Files\codeql\qlpacks\codeql\java-queries\1.11.5\Telemetry\SupportedExternalApis.ql failed 'tags contain` constraint [summary, telemetry, exclude-from-incremental]
[2026-07-14 14:44:10] [SPAMMIER] resolve queries> Query Filter: C:\Program Files\codeql\qlpacks\codeql\java-queries\1.11.5\Telemetry\SupportedExternalSinks.ql failed 'tags contain` constraint [summary, telemetry, exclude-from-incremental]
[2026-07-14 14:44:10] [SPAMMIER] resolve queries> Query Filter: C:\Program Files\codeql\qlpacks\codeql\java-queries\1.11.5\Telemetry\SupportedExternalSources.ql failed 'tags contain` constraint [summary, telemetry]
[2026-07-14 14:44:10] [SPAMMIER] resolve queries> Query Filter: C:\Program Files\codeql\qlpacks\codeql\java-queries\1.11.5\Telemetry\SupportedExternalTaint.ql failed 'tags contain` constraint [summary, telemetry]
[2026-07-14 14:44:10] [SPAMMIER] resolve queries> Query Filter: C:\Program Files\codeql\qlpacks\codeql\java-queries\1.11.5\Telemetry\UnsupportedExternalAPIs.ql failed 'tags contain` constraint [summary, telemetry, exclude-from-incremental]
[2026-07-14 14:44:10] [SPAMMY] resolve queries> Applying nested suite file 'C:\Program Files\codeql\qlpacks\codeql\java-queries\1.11.5\.codeql\libraries\codeql\suite-helpers\1.0.52\security-extended-selectors.yml'.
[2026-07-14 14:44:10] [DETAILS] resolve queries> Got 124 queries from C:\Program Files\codeql\qlpacks\codeql\java-queries\1.11.5\codeql-suites\java-security-extended.qls.
[2026-07-14 14:44:10] Plumbing command codeql resolve queries completed:
                      [
                        "C:\\Program Files\\codeql\\qlpacks\\codeql\\java-queries\\1.11.5\\Likely Bugs\\Arithmetic\\InformationLoss.ql",
                        "C:\\Program Files\\codeql\\qlpacks\\codeql\\java-queries\\1.11.5\\Security\\CWE\\CWE-020\\OverlyLargeRange.ql",
                        "C:\\Program Files\\codeql\\qlpacks\\codeql\\java-queries\\1.11.5\\Security\\CWE\\CWE-022\\TaintedPath.ql",
                        "C:\\Program Files\\codeql\\qlpacks\\codeql\\java-queries\\1.11.5\\Security\\CWE\\CWE-022\\ZipSlip.ql",
                        "C:\\Program Files\\codeql\\qlpacks\\codeql\\java-queries\\1.11.5\\Security\\CWE\\CWE-023\\PartialPathTraversalFromRemote.ql",
                        "C:\\Program Files\\codeql\\qlpacks\\codeql\\java-queries\\1.11.5\\Security\\CWE\\CWE-074\\JndiInjection.ql",
                        "C:\\Program Files\\codeql\\qlpacks\\codeql\\java-queries\\1.11.5\\Security\\CWE\\CWE-074\\XsltInjection.ql",
                        "C:\\Program Files\\codeql\\qlpacks\\codeql\\java-queries\\1.11.5\\Security\\CWE\\CWE-078\\ExecTainted.ql",
                        "C:\\Program Files\\codeql\\qlpacks\\codeql\\java-queries\\1.11.5\\Security\\CWE\\CWE-079\\XSS.ql",
                        "C:\\Program Files\\codeql\\qlpacks\\codeql\\java-queries\\1.11.5\\Security\\CWE\\CWE-089\\SqlTainted.ql",
                        "C:\\Program Files\\codeql\\qlpacks\\codeql\\java-queries\\1.11.5\\Security\\CWE\\CWE-090\\LdapInjection.ql",
                        "C:\\Program Files\\codeql\\qlpacks\\codeql\\java-queries\\1.11.5\\Security\\CWE\\CWE-094\\GroovyInjection.ql",
                        "C:\\Program Files\\codeql\\qlpacks\\codeql\\java-queries\\1.11.5\\Security\\CWE\\CWE-094\\InsecureBeanValidation.ql",
                        "C:\\Program Files\\codeql\\qlpacks\\codeql\\java-queries\\1.11.5\\Security\\CWE\\CWE-094\\JexlInjection.ql",
                        "C:\\Program Files\\codeql\\qlpacks\\codeql\\java-queries\\1.11.5\\Security\\CWE\\CWE-094\\MvelInjection.ql",
                        "C:\\Program Files\\codeql\\qlpacks\\codeql\\java-queries\\1.11.5\\Security\\CWE\\CWE-094\\SpelInjection.ql",
                        "C:\\Program Files\\codeql\\qlpacks\\codeql\\java-queries\\1.11.5\\Security\\CWE\\CWE-094\\TemplateInjection.ql",
                        "C:\\Program Files\\codeql\\qlpacks\\codeql\\java-queries\\1.11.5\\Security\\CWE\\CWE-1004\\SensitiveCookieNotHttpOnly.ql",
                        "C:\\Program Files\\codeql\\qlpacks\\codeql\\java-queries\\1.11.5\\Security\\CWE\\CWE-1104\\MavenPomDependsOnBintray.ql",
                        "C:\\Program Files\\codeql\\qlpacks\\codeql\\java-queries\\1.11.5\\Security\\CWE\\CWE-113\\NettyResponseSplitting.ql",
                        "C:\\Program Files\\codeql\\qlpacks\\codeql\\java-queries\\1.11.5\\Security\\CWE\\CWE-113\\ResponseSplitting.ql",
                        "C:\\Program Files\\codeql\\qlpacks\\codeql\\java-queries\\1.11.5\\Security\\CWE\\CWE-1204\\StaticInitializationVector.ql",
                        "C:\\Program Files\\codeql\\qlpacks\\codeql\\java-queries\\1.11.5\\Security\\CWE\\CWE-134\\ExternallyControlledFormatString.ql",
                        "C:\\Program Files\\codeql\\qlpacks\\codeql\\java-queries\\1.11.5\\Security\\CWE\\CWE-200\\SpringBootActuators.ql",
                        "C:\\Program Files\\codeql\\qlpacks\\codeql\\java-queries\\1.11.5\\Security\\CWE\\CWE-200\\SpringBootActuatorsConfig\\SpringBootActuatorsConfig.ql",
                        "C:\\Program Files\\codeql\\qlpacks\\codeql\\java-queries\\1.11.5\\Security\\CWE\\CWE-209\\SensitiveDataExposureThroughErrorMessage.ql",
                        "C:\\Program Files\\codeql\\qlpacks\\codeql\\java-queries\\1.11.5\\Security\\CWE\\CWE-209\\StackTraceExposure.ql",
                        "C:\\Program Files\\codeql\\qlpacks\\codeql\\java-queries\\1.11.5\\Security\\CWE\\CWE-266\\IntentUriPermissionManipulation.ql",
                        "C:\\Program Files\\codeql\\qlpacks\\codeql\\java-queries\\1.11.5\\Security\\CWE\\CWE-287\\AndroidInsecureLocalAuthentication.ql",
                        "C:\\Program Files\\codeql\\qlpacks\\codeql\\java-queries\\1.11.5\\Security\\CWE\\CWE-295\\ImproperWebViewCertificateValidation.ql",
                        "C:\\Program Files\\codeql\\qlpacks\\codeql\\java-queries\\1.11.5\\Security\\CWE\\CWE-295\\InsecureTrustManager.ql",
                        "C:\\Program Files\\codeql\\qlpacks\\codeql\\java-queries\\1.11.5\\Security\\CWE\\CWE-297\\UnsafeHostnameVerification.ql",
                        "C:\\Program Files\\codeql\\qlpacks\\codeql\\java-queries\\1.11.5\\Security\\CWE\\CWE-312\\AllowBackupAttributeEnabled.ql",
                        "C:\\Program Files\\codeql\\qlpacks\\codeql\\java-queries\\1.11.5\\Security\\CWE\\CWE-312\\CleartextStorageCookie.ql",
                        "C:\\Program Files\\codeql\\qlpacks\\codeql\\java-queries\\1.11.5\\Security\\CWE\\CWE-326\\InsufficientKeySize.ql",
                        "C:\\Program Files\\codeql\\qlpacks\\codeql\\java-queries\\1.11.5\\Security\\CWE\\CWE-327\\BrokenCryptoAlgorithm.ql",
                        "C:\\Program Files\\codeql\\qlpacks\\codeql\\java-queries\\1.11.5\\Security\\CWE\\CWE-330\\InsecureRandomness.ql",
                        "C:\\Program Files\\codeql\\qlpacks\\codeql\\java-queries\\1.11.5\\Security\\CWE\\CWE-335\\PredictableSeed.ql",
                        "C:\\Program Files\\codeql\\qlpacks\\codeql\\java-queries\\1.11.5\\Security\\CWE\\CWE-338\\JHipsterGeneratedPRNG.ql",
                        "C:\\Program Files\\codeql\\qlpacks\\codeql\\java-queries\\1.11.5\\Security\\CWE\\CWE-347\\MissingJWTSignatureCheck.ql",
                        "C:\\Program Files\\codeql\\qlpacks\\codeql\\java-queries\\1.11.5\\Security\\CWE\\CWE-352\\SpringCSRFProtection.ql",
                        "C:\\Program Files\\codeql\\qlpacks\\codeql\\java-queries\\1.11.5\\Security\\CWE\\CWE-441\\UnsafeContentUriResolution.ql",
                        "C:\\Program Files\\codeql\\qlpacks\\codeql\\java-queries\\1.11.5\\Security\\CWE\\CWE-470\\FragmentInjection.ql",
                        "C:\\Program Files\\codeql\\qlpacks\\codeql\\java-queries\\1.11.5\\Security\\CWE\\CWE-470\\FragmentInjectionInPreferenceActivity.ql",
                        "C:\\Program Files\\codeql\\qlpacks\\codeql\\java-queries\\1.11.5\\Security\\CWE\\CWE-489\\DebuggableAttributeEnabled.ql",
                        "C:\\Program Files\\codeql\\qlpacks\\codeql\\java-queries\\1.11.5\\Security\\CWE\\CWE-489\\WebviewDebuggingEnabled.ql",
                        "C:\\Program Files\\codeql\\qlpacks\\codeql\\java-queries\\1.11.5\\Security\\CWE\\CWE-502\\UnsafeDeserialization.ql",
                        "C:\\Program Files\\codeql\\qlpacks\\codeql\\java-queries\\1.11.5\\Security\\CWE\\CWE-522\\InsecureLdapAuth.ql",
                        "C:\\Program Files\\codeql\\qlpacks\\codeql\\java-queries\\1.11.5\\Security\\CWE\\CWE-552\\UrlForward.ql",
                        "C:\\Program Files\\codeql\\qlpacks\\codeql\\java-queries\\1.11.5\\Security\\CWE\\CWE-601\\UrlRedirect.ql",
                        "C:\\Program Files\\codeql\\qlpacks\\codeql\\java-queries\\1.11.5\\Security\\CWE\\CWE-611\\XXE.ql",
                        "C:\\Program Files\\codeql\\qlpacks\\codeql\\java-queries\\1.11.5\\Security\\CWE\\CWE-614\\InsecureCookie.ql",
                        "C:\\Program Files\\codeql\\qlpacks\\codeql\\java-queries\\1.11.5\\Security\\CWE\\CWE-643\\XPathInjection.ql",
                        "C:\\Program Files\\codeql\\qlpacks\\codeql\\java-queries\\1.11.5\\Security\\CWE\\CWE-681\\NumericCastTainted.ql",
                        "C:\\Program Files\\codeql\\qlpacks\\codeql\\java-queries\\1.11.5\\Security\\CWE\\CWE-730\\PolynomialReDoS.ql",
                        "C:\\Program Files\\codeql\\qlpacks\\codeql\\java-queries\\1.11.5\\Security\\CWE\\CWE-730\\ReDoS.ql",
                        "C:\\Program Files\\codeql\\qlpacks\\codeql\\java-queries\\1.11.5\\Security\\CWE\\CWE-730\\RegexInjection.ql",
                        "C:\\Program Files\\codeql\\qlpacks\\codeql\\java-queries\\1.11.5\\Security\\CWE\\CWE-732\\ReadingFromWorldWritableFile.ql",
                        "C:\\Program Files\\codeql\\qlpacks\\codeql\\java-queries\\1.11.5\\Security\\CWE\\CWE-780\\RsaWithoutOaep.ql",
                        "C:\\Program Files\\codeql\\qlpacks\\codeql\\java-queries\\1.11.5\\Security\\CWE\\CWE-807\\TaintedPermissionsCheck.ql",
                        "C:\\Program Files\\codeql\\qlpacks\\codeql\\java-queries\\1.11.5\\Security\\CWE\\CWE-829\\InsecureDependencyResolution.ql",
                        "C:\\Program Files\\codeql\\qlpacks\\codeql\\java-queries\\1.11.5\\Security\\CWE\\CWE-917\\OgnlInjection.ql",
                        "C:\\Program Files\\codeql\\qlpacks\\codeql\\java-queries\\1.11.5\\Security\\CWE\\CWE-918\\RequestForgery.ql",
                        "C:\\Program Files\\codeql\\qlpacks\\codeql\\java-queries\\1.11.5\\Security\\CWE\\CWE-925\\ImproperIntentVerification.ql",
                        "C:\\Program Files\\codeql\\qlpacks\\codeql\\java-queries\\1.11.5\\Security\\CWE\\CWE-926\\ImplicitlyExportedAndroidComponent.ql",
                        "C:\\Program Files\\codeql\\qlpacks\\codeql\\java-queries\\1.11.5\\Security\\CWE\\CWE-927\\ImplicitPendingIntents.ql",
                        "C:\\Program Files\\codeql\\qlpacks\\codeql\\java-queries\\1.11.5\\Security\\CWE\\CWE-940\\AndroidIntentRedirection.ql",
                        "C:\\Program Files\\codeql\\qlpacks\\codeql\\java-queries\\1.11.5\\Likely Bugs\\Concurrency\\UnreleasedLock.ql",
                        "C:\\Program Files\\codeql\\qlpacks\\codeql\\java-queries\\1.11.5\\Security\\CWE\\CWE-023\\PartialPathTraversal.ql",
                        "C:\\Program Files\\codeql\\qlpacks\\codeql\\java-queries\\1.11.5\\Security\\CWE\\CWE-078\\ExecRelative.ql",
                        "C:\\Program Files\\codeql\\qlpacks\\codeql\\java-queries\\1.11.5\\Security\\CWE\\CWE-078\\ExecTaintedEnvironment.ql",
                        "C:\\Program Files\\codeql\\qlpacks\\codeql\\java-queries\\1.11.5\\Security\\CWE\\CWE-078\\ExecUnescaped.ql",
                        "C:\\Program Files\\codeql\\qlpacks\\codeql\\java-queries\\1.11.5\\Security\\CWE\\CWE-079\\AndroidWebViewAddJavascriptInterface.ql",
                        "C:\\Program Files\\codeql\\qlpacks\\codeql\\java-queries\\1.11.5\\Security\\CWE\\CWE-079\\AndroidWebViewSettingsEnabledJavaScript.ql",
                        "C:\\Program Files\\codeql\\qlpacks\\codeql\\java-queries\\1.11.5\\Security\\CWE\\CWE-089\\SqlConcatenated.ql",
                        "C:\\Program Files\\codeql\\qlpacks\\codeql\\java-queries\\1.11.5\\Security\\CWE\\CWE-094\\ArbitraryApkInstallation.ql",
                        "C:\\Program Files\\codeql\\qlpacks\\codeql\\java-queries\\1.11.5\\Security\\CWE\\CWE-117\\LogInjection.ql",
                        "C:\\Program Files\\codeql\\qlpacks\\codeql\\java-queries\\1.11.5\\Security\\CWE\\CWE-129\\ImproperValidationOfArrayConstruction.ql",
                        "C:\\Program Files\\codeql\\qlpacks\\codeql\\java-queries\\1.11.5\\Security\\CWE\\CWE-129\\ImproperValidationOfArrayIndex.ql",
                        "C:\\Program Files\\codeql\\qlpacks\\codeql\\java-queries\\1.11.5\\Security\\CWE\\CWE-190\\ArithmeticTainted.ql",
                        "C:\\Program Files\\codeql\\qlpacks\\codeql\\java-queries\\1.11.5\\Security\\CWE\\CWE-190\\ArithmeticUncontrolled.ql",
                        "C:\\Program Files\\codeql\\qlpacks\\codeql\\java-queries\\1.11.5\\Security\\CWE\\CWE-190\\ComparisonWithWiderType.ql",
                        "C:\\Program Files\\codeql\\qlpacks\\codeql\\java-queries\\1.11.5\\Security\\CWE\\CWE-200\\AndroidSensitiveNotifications.ql",
                        "C:\\Program Files\\codeql\\qlpacks\\codeql\\java-queries\\1.11.5\\Security\\CWE\\CWE-200\\AndroidSensitiveTextField.ql",
                        "C:\\Program Files\\codeql\\qlpacks\\codeql\\java-queries\\1.11.5\\Security\\CWE\\CWE-200\\AndroidWebViewSettingsAllowsContentAccess.ql",
                        "C:\\Program Files\\codeql\\qlpacks\\codeql\\java-queries\\1.11.5\\Security\\CWE\\CWE-200\\AndroidWebViewSettingsFileAccess.ql",
                        "C:\\Program Files\\codeql\\qlpacks\\codeql\\java-queries\\1.11.5\\Security\\CWE\\CWE-200\\TempDirLocalInformationDisclosure.ql",
                        "C:\\Program Files\\codeql\\qlpacks\\codeql\\java-queries\\1.11.5\\Security\\CWE\\CWE-273\\UnsafeCertTrust.ql",
                        "C:\\Program Files\\codeql\\qlpacks\\codeql\\java-queries\\1.11.5\\Security\\CWE\\CWE-287\\AndroidInsecureKeys.ql",
                        "C:\\Program Files\\codeql\\qlpacks\\codeql\\java-queries\\1.11.5\\Security\\CWE\\CWE-295\\AndroidMissingCertificatePinning.ql",
                        "C:\\Program Files\\codeql\\qlpacks\\codeql\\java-queries\\1.11.5\\Security\\CWE\\CWE-297\\InsecureJavaMail.ql",
                        "C:\\Program Files\\codeql\\qlpacks\\codeql\\java-queries\\1.11.5\\Security\\CWE\\CWE-312\\CleartextStorageAndroidDatabase.ql",
                        "C:\\Program Files\\codeql\\qlpacks\\codeql\\java-queries\\1.11.5\\Security\\CWE\\CWE-312\\CleartextStorageAndroidFilesystem.ql",
                        "C:\\Program Files\\codeql\\qlpacks\\codeql\\java-queries\\1.11.5\\Security\\CWE\\CWE-312\\CleartextStorageProperties.ql",
                        "C:\\Program Files\\codeql\\qlpacks\\codeql\\java-queries\\1.11.5\\Security\\CWE\\CWE-312\\CleartextStorageSharedPrefs.ql",
                        "C:\\Program Files\\codeql\\qlpacks\\codeql\\java-queries\\1.11.5\\Security\\CWE\\CWE-327\\MaybeBrokenCryptoAlgorithm.ql",
                        "C:\\Program Files\\codeql\\qlpacks\\codeql\\java-queries\\1.11.5\\Security\\CWE\\CWE-352\\CsrfUnprotectedRequestType.ql",
                        "C:\\Program Files\\codeql\\qlpacks\\codeql\\java-queries\\1.11.5\\Security\\CWE\\CWE-367\\TOCTOURace.ql",
                        "C:\\Program Files\\codeql\\qlpacks\\codeql\\java-queries\\1.11.5\\Security\\CWE\\CWE-421\\SocketAuthRace.ql",
                        "C:\\Program Files\\codeql\\qlpacks\\codeql\\java-queries\\1.11.5\\Security\\CWE\\CWE-501\\TrustBoundaryViolation.ql",
                        "C:\\Program Files\\codeql\\qlpacks\\codeql\\java-queries\\1.11.5\\Security\\CWE\\CWE-522\\InsecureBasicAuth.ql",
                        "C:\\Program Files\\codeql\\qlpacks\\codeql\\java-queries\\1.11.5\\Security\\CWE\\CWE-524\\SensitiveKeyboardCache.ql",
                        "C:\\Program Files\\codeql\\qlpacks\\codeql\\java-queries\\1.11.5\\Security\\CWE\\CWE-532\\SensitiveInfoLog.ql",
                        "C:\\Program Files\\codeql\\qlpacks\\codeql\\java-queries\\1.11.5\\Security\\CWE\\CWE-676\\PotentiallyDangerousFunction.ql",
                        "C:\\Program Files\\codeql\\qlpacks\\codeql\\java-queries\\1.11.5\\Security\\CWE\\CWE-749\\UnsafeAndroidAccess.ql",
                        "C:\\Program Files\\codeql\\qlpacks\\codeql\\java-queries\\1.11.5\\Security\\CWE\\CWE-807\\ConditionalBypass.ql",
                        "C:\\Program Files\\codeql\\qlpacks\\codeql\\java-queries\\1.11.5\\Security\\CWE\\CWE-835\\InfiniteLoop.ql",
                        "C:\\Program Files\\codeql\\qlpacks\\codeql\\java-queries\\1.11.5\\Security\\CWE\\CWE-926\\ContentProviderIncompletePermissions.ql",
                        "C:\\Program Files\\codeql\\qlpacks\\codeql\\java-queries\\1.11.5\\Security\\CWE\\CWE-927\\SensitiveCommunication.ql",
                        "C:\\Program Files\\codeql\\qlpacks\\codeql\\java-queries\\1.11.5\\Security\\CWE\\CWE-927\\SensitiveResultReceiver.ql",
                        "C:\\Program Files\\codeql\\qlpacks\\codeql\\java-queries\\1.11.5\\Diagnostics\\ExtractionErrors.ql",
                        "C:\\Program Files\\codeql\\qlpacks\\codeql\\java-queries\\1.11.5\\Diagnostics\\ExtractionWarnings.ql",
                        "C:\\Program Files\\codeql\\qlpacks\\codeql\\java-queries\\1.11.5\\Diagnostics\\SuccessfullyExtractedFiles.ql",
                        "C:\\Program Files\\codeql\\qlpacks\\codeql\\java-queries\\1.11.5\\Telemetry\\DatabaseQualityDiagnostics.ql",
                        "C:\\Program Files\\codeql\\qlpacks\\codeql\\java-queries\\1.11.5\\Metrics\\Summaries\\LinesOfCode.ql",
                        "C:\\Program Files\\codeql\\qlpacks\\codeql\\java-queries\\1.11.5\\Metrics\\Summaries\\LinesOfCodeJava.ql",
                        "C:\\Program Files\\codeql\\qlpacks\\codeql\\java-queries\\1.11.5\\Metrics\\Summaries\\LinesOfCodeKotlin.ql",
                        "C:\\Program Files\\codeql\\qlpacks\\codeql\\java-queries\\1.11.5\\Telemetry\\ExternalLibraryUsage.ql",
                        "C:\\Program Files\\codeql\\qlpacks\\codeql\\java-queries\\1.11.5\\Telemetry\\ExtractorInformation.ql",
                        "C:\\Program Files\\codeql\\qlpacks\\codeql\\java-queries\\1.11.5\\Telemetry\\SupportedExternalApis.ql",
                        "C:\\Program Files\\codeql\\qlpacks\\codeql\\java-queries\\1.11.5\\Telemetry\\SupportedExternalSinks.ql",
                        "C:\\Program Files\\codeql\\qlpacks\\codeql\\java-queries\\1.11.5\\Telemetry\\SupportedExternalSources.ql",
                        "C:\\Program Files\\codeql\\qlpacks\\codeql\\java-queries\\1.11.5\\Telemetry\\SupportedExternalTaint.ql",
                        "C:\\Program Files\\codeql\\qlpacks\\codeql\\java-queries\\1.11.5\\Telemetry\\UnsupportedExternalAPIs.ql"
                      ]
[2026-07-14 14:44:10] Refusing fancy output: The terminal is not an xterm: 
[2026-07-14 14:44:10] Creating executor with 1 threads.
[2026-07-14 14:44:10] Exception caught at top level: Error initializing the IMB disk cache: the cache directory is already locked by another running process. Only one instance of the IMB can access a cache directory at a time. The lock file is located at C:\Users\chris\eclipse-workspace\smart-thermostat-matter\db\db-java\default\cache\.lock
                      (eventual cause: OverlappingFileLockException)
                      com.semmle.inmemory.caching.RelationCacheImpl.takeFilesystemLock(RelationCacheImpl.java:367)
                      com.semmle.inmemory.caching.RelationCacheImpl.create(RelationCacheImpl.java:114)
                      com.semmle.inmemory.scheduler.EvaluationSchedule.<init>(EvaluationSchedule.java:103)
                      com.semmle.inmemory.caching.RelationManager.<init>(RelationManager.java:66)
                      com.semmle.inmemory.MemoryBackend.<init>(MemoryBackend.java:127)
                      com.semmle.cli2.ql.EvaluationCommon.<init>(EvaluationCommon.java:99)
                      com.semmle.cli2.ql.EvaluationCommon.<init>(EvaluationCommon.java:66)
                      com.semmle.cli2.execute.ExecuteQueriesCommand.executeSubcommand(ExecuteQueriesCommand.java:486)
                      com.semmle.cli2.picocli.SubcommandCommon.lambda$executeSubcommandWithMessages$5(SubcommandCommon.java:886)
                      com.semmle.cli2.picocli.SubcommandCommon.withCompilationMessages(SubcommandCommon.java:444)
                      com.semmle.cli2.picocli.SubcommandCommon.executeSubcommandWithMessages(SubcommandCommon.java:884)
                      com.semmle.cli2.picocli.SubcommandCommon.toplevelMain(SubcommandCommon.java:777)
                      com.semmle.cli2.picocli.SubcommandCommon.call(SubcommandCommon.java:757)
                      com.semmle.cli2.picocli.SubcommandMaker.runMain(SubcommandMaker.java:238)
                      com.semmle.cli2.picocli.SubcommandMaker.runMain(SubcommandMaker.java:259)
                      com.semmle.cli2.CodeQL.main(CodeQL.java:113)
                      
                       ... caused by:
                      
                      java.nio.channels.OverlappingFileLockException
                      com.semmle.util.files.FileSystemLock.<init>(FileSystemLock.java:74)
                      com.semmle.inmemory.caching.RelationCacheImpl.takeFilesystemLock(RelationCacheImpl.java:363)
                      com.semmle.inmemory.caching.RelationCacheImpl.create(RelationCacheImpl.java:114)
                      com.semmle.inmemory.scheduler.EvaluationSchedule.<init>(EvaluationSchedule.java:103)
                      com.semmle.inmemory.caching.RelationManager.<init>(RelationManager.java:66)
                      com.semmle.inmemory.MemoryBackend.<init>(MemoryBackend.java:127)
                      com.semmle.cli2.ql.EvaluationCommon.<init>(EvaluationCommon.java:99)
                      com.semmle.cli2.ql.EvaluationCommon.<init>(EvaluationCommon.java:66)
                      com.semmle.cli2.execute.ExecuteQueriesCommand.executeSubcommand(ExecuteQueriesCommand.java:486)
                      com.semmle.cli2.picocli.SubcommandCommon.lambda$executeSubcommandWithMessages$5(SubcommandCommon.java:886)
                      com.semmle.cli2.picocli.SubcommandCommon.withCompilationMessages(SubcommandCommon.java:444)
                      com.semmle.cli2.picocli.SubcommandCommon.executeSubcommandWithMessages(SubcommandCommon.java:884)
                      com.semmle.cli2.picocli.SubcommandCommon.toplevelMain(SubcommandCommon.java:777)
                      com.semmle.cli2.picocli.SubcommandCommon.call(SubcommandCommon.java:757)
                      com.semmle.cli2.picocli.SubcommandMaker.runMain(SubcommandMaker.java:238)
                      com.semmle.cli2.picocli.SubcommandMaker.runMain(SubcommandMaker.java:259)
                      com.semmle.cli2.CodeQL.main(CodeQL.java:113)
[2026-07-14 14:44:10] [SPAMMY] execute queries> Failed to write 1 diagnostics for execute queries since this subcommand could not determine its diagnostic directory.
